Date,Close,High,Low,Open,Volume,Ticker,SMA_50,SMA_200,EMA_50,Daily_Return,Cumulative_Return,BB_Mid,BB_Upper,BB_Lower,Volatility_20d
2021-06-30,133.5021,133.94073,132.43962,132.73204,63261400,AAPL,,,133.5,,,,,,
2021-07-01,133.80417,133.86266,132.33229,133.1511,52485800,AAPL,,,133.66,0.0023,0.0023,,,,
2021-07-02,136.42627,136.46526,134.27206,134.41827,78852600,AAPL,,,134.62,0.0196,0.0219,,,,
2021-07-06,138.43428,139.53574,136.53352,136.53352,108181800,AAPL,,,135.63,0.0147,0.037,,,,
2021-07-07,140.91988,141.2318,139.05809,139.91586,104911600,AAPL,,,136.77,0.018,0.0556,,,,
2021-07-08,139.62347,140.42276,137.11835,138.00539,105575500,AAPL,,,137.3,-0.0092,0.0459,,,,
2021-07-09,141.44624,141.9726,139.04834,139.14583,99890800,AAPL,,,137.96,0.0131,0.0596,,,,
2021-07-12,140.85165,142.62572,140.36427,142.5185,76299700,AAPL,,,138.38,-0.0042,0.0552,,,,
2021-07-13,141.96286,143.73692,140.00362,140.39351,100827100,AAPL,,,138.84,0.0079,0.0635,,,,
2021-07-14,145.38426,145.79367,143.95137,144.36078,127050800,AAPL,,,139.62,0.0241,0.0891,,,,
2021-07-15,144.73119,146.21281,143.37628,145.472,106820300,AAPL,,,140.18,-0.0045,0.0842,,,,
2021-07-16,142.6939,145.9788,142.19678,144.71164,93251400,AAPL,,,140.44,-0.0141,0.0689,,,,
2021-07-19,138.85336,140.43246,138.09306,140.12054,121434600,AAPL,,,140.29,-0.0269,0.0402,,,,
2021-07-20,142.46,143.38603,139.35056,139.83794,96350000,AAPL,,,140.49,0.026,0.0672,,,,
2021-07-21,141.72891,142.44049,140.97836,141.85564,74993500,AAPL,,,140.59,-0.0051,0.0618,,,,
2021-07-22,143.09361,144.45827,142.1286,142.25533,77338200,AAPL,,,140.8,0.0096,0.072,,,,
2021-07-23,144.80913,144.96509,143.21054,143.82463,71447400,AAPL,,,141.12,0.012,0.0849,,,,
2021-07-26,145.2283,146.04709,143.97087,144.52647,72434100,AAPL,,,141.43,0.0029,0.088,,,,
2021-07-27,143.06433,145.44273,141.87514,145.355,104818600,AAPL,,,141.55,-0.0149,0.0718,,,,
2021-07-28,141.3195,143.25926,138.9411,141.1538,118931200,AAPL,,,141.54,-0.0122,0.0587,141.02,147.87,134.17,
2021-07-29,141.96286,142.84988,140.92963,141.03685,56699500,AAPL,,,141.57,0.0046,0.0636,141.44,147.31,135.57,0.0144
2021-07-30,142.17729,142.63542,140.47148,140.73466,70440600,AAPL,,,141.61,0.0015,0.0652,141.86,146.51,137.21,0.0144
2021-08-02,141.84592,143.2398,141.58273,142.6647,62880000,AAPL,,,141.62,-0.0023,0.0627,142.13,146.01,138.25,0.0139
2021-08-03,143.63942,144.30225,141.51445,142.12856,64786600,AAPL,,,141.75,0.0126,0.0761,142.39,145.91,138.87,0.0138
2021-08-04,143.23979,144.05858,142.58672,143.55171,56368300,AAPL,,,141.84,-0.0028,0.0731,142.51,145.98,139.04,0.0133
2021-08-05,143.347,144.1073,142.47948,143.26901,46397700,AAPL,,,141.93,0.0007,0.0739,142.69,145.9,139.48,0.0131
2021-08-06,142.66367,143.6106,142.1658,142.86868,54126800,AAPL,,,141.98,-0.0048,0.0687,142.75,145.9,139.6,0.0128
2021-08-09,142.61488,143.21037,142.05846,142.72227,48908700,AAPL,,,142.02,-0.0003,0.0684,142.84,145.86,139.82,0.0128
2021-08-10,142.13655,144.19637,141.84369,142.95656,69023100,AAPL,,,142.02,-0.0034,0.0647,142.85,145.87,139.83,0.0127
2021-08-11,142.3903,143.22984,142.06815,142.57579,48493500,AAPL,,,142.04,0.0018,0.0667,142.7,145.47,139.93,0.0114
2021-08-12,145.34824,145.50444,142.37079,142.71246,72282600,AAPL,,,142.23,0.0208,0.0889,142.73,145.61,139.85,0.0124
2021-08-13,145.55324,145.88515,144.74298,145.42633,59375000,AAPL,,,142.41,0.0014,0.0904,142.87,146.01,139.73,0.0119
2021-08-16,147.52522,147.59357,142.98584,145.00659,103296000,AAPL,,,142.68,0.0135,0.1051,143.31,146.51,140.11,0.0102
2021-08-17,146.61734,148.07188,145.5435,146.65639,92229700,AAPL,,,142.89,-0.0062,0.0982,143.52,147.02,140.02,0.0088
2021-08-18,142.87846,147.13475,142.67345,146.23663,86326000,AAPL,,,142.89,-0.0255,0.0702,143.57,146.98,140.16,0.0106
2021-08-19,143.21034,144.47942,141.06268,141.58006,86960300,AAPL,,,142.9,0.0023,0.0727,143.58,146.99,140.17,0.0104
2021-08-20,144.6649,144.96753,143.28844,143.93274,60549600,AAPL,,,142.99,0.0102,0.0836,143.57,146.96,140.18,0.0103
2021-08-23,146.14879,146.61737,144.37207,144.78209,60131800,AAPL,,,143.15,0.0103,0.0948,143.62,147.13,140.11,0.0106
2021-08-24,146.06087,147.27138,145.60205,145.89491,48606400,AAPL,,,143.3,-0.0006,0.0941,143.77,147.44,140.1,0.0099
2021-08-25,144.83089,146.74426,144.28421,146.2464,58991300,AAPL,,,143.37,-0.0084,0.085,143.94,147.44,140.44,0.0097
2021-08-26,144.03036,145.57278,144.00108,144.8211,48597200,AAPL,,,143.4,-0.0055,0.079,144.05,147.43,140.67,0.0098
2021-08-27,145.06519,145.21161,143.33728,143.97182,55802400,AAPL,,,143.48,0.0072,0.0868,144.19,147.48,140.9,0.0099
2021-08-30,149.47763,149.83884,145.07492,145.45564,90956700,AAPL,,,143.77,0.0304,0.1198,144.57,148.43,140.71,0.0118
2021-08-31,148.2183,149.16524,147.69115,149.02856,86453100,AAPL,,,143.98,-0.0084,0.1104,144.8,148.96,140.64,0.0118
2021-09-01,148.88217,151.29341,148.71622,149.19456,80313700,AAPL,,,144.21,0.0045,0.1154,145.08,149.55,140.61,0.0118
2021-09-02,149.99501,151.03957,148.77475,150.20978,71115500,AAPL,,,144.48,0.0075,0.1238,145.42,150.31,140.53,0.0119
2021-09-03,150.62955,150.9517,149.44832,150.10239,57808700,AAPL,,,144.77,0.0042,0.1285,145.81,151.05,140.57,0.0117
2021-09-07,152.96274,153.51917,150.71745,151.28365,82278300,AAPL,,,145.14,0.0155,0.146,146.33,152.24,140.42,0.0121
2021-09-08,151.4203,153.30438,150.31718,153.24582,74420200,AAPL,,,145.43,-0.0101,0.1344,146.8,152.78,140.82,0.0123
2021-09-09,150.40504,152.39651,150.28789,151.79126,57305700,AAPL,143.81,,145.65,-0.0067,0.1268,147.2,153.01,141.39,0.0125
2021-09-10,145.42636,151.7815,145.16278,151.31293,140893200,AAPL,144.04,,145.64,-0.0331,0.0895,147.2,153.0,141.4,0.0142
2021-09-13,145.99255,147.81807,145.21158,147.04686,102404300,AAPL,144.29,,145.66,0.0039,0.0937,147.22,153.0,141.44,0.0142
2021-09-14,144.59656,147.4764,143.41534,146.77353,109296300,AAPL,144.45,,145.61,-0.0096,0.0832,147.08,152.97,141.19,0.014
2021-09-15,145.48492,145.88518,142.8882,145.02611,83281300,AAPL,144.59,,145.61,0.0061,0.0898,147.02,152.95,141.09,0.014
2021-09-16,145.25063,145.42635,143.71799,144.90897,68034100,AAPL,144.68,,145.59,-0.0016,0.0881,147.14,152.81,141.47,0.0127
2021-09-17,142.58559,145.27994,142.29272,145.27994,129868800,AAPL,144.74,,145.46,-0.0183,0.0682,147.11,152.88,141.34,0.0134
2021-09-20,139.53983,141.39462,137.90955,140.37936,123478900,AAPL,144.7,,145.2,-0.0214,0.0453,146.85,153.47,140.23,0.014
2021-09-21,140.0181,141.16028,139.38356,140.50621,75834000,AAPL,144.68,,144.97,0.0034,0.0489,146.54,153.83,139.25,0.0137
2021-09-22,142.38054,142.94673,140.28168,141.01384,76404300,AAPL,144.69,,144.86,0.0169,0.0666,146.36,153.88,138.84,0.0144
2021-09-23,143.33725,143.5813,142.17555,143.16153,64838200,AAPL,144.65,,144.8,0.0067,0.0738,146.28,153.9,138.66,0.0144
2021-09-24,143.4251,143.96202,142.09744,142.19507,53477900,AAPL,144.62,,144.74,0.0006,0.0744,146.25,153.91,138.59,0.0143
2021-09-27,141.91196,142.48793,140.39883,142.00958,74150700,AAPL,144.61,,144.62,-0.0106,0.063,146.1,153.99,138.21,0.0144
2021-09-28,138.5343,141.30675,138.31953,139.84242,108972300,AAPL,144.6,,144.36,-0.0238,0.0377,145.55,153.95,137.15,0.0132
2021-09-29,139.43243,141.0139,138.65146,139.081,74602000,AAPL,144.54,,144.15,0.0065,0.0445,145.11,153.84,136.38,0.0134
2021-09-30,138.13405,140.94554,137.91928,140.24268,89056700,AAPL,144.47,,143.89,-0.0093,0.0347,144.57,153.64,135.5,0.0133
2021-10-01,139.25668,139.52026,135.8009,138.52452,94639600,AAPL,144.39,,143.7,0.0081,0.0431,144.04,153.03,135.05,0.0134
2021-10-04,135.83022,138.8272,134.98091,138.3879,98322000,AAPL,144.21,,143.37,-0.0246,0.0175,143.3,152.44,134.16,0.014
2021-10-05,137.75333,138.85645,136.04495,136.17186,80861100,AAPL,144.06,,143.13,0.0142,0.0319,142.54,150.78,134.3,0.0139
2021-10-06,138.62213,138.76855,135.07848,136.15231,83221100,AAPL,143.98,,142.94,0.0063,0.0384,141.9,149.16,134.64,0.0141
2021-10-07,139.88147,140.78935,139.32504,139.65695,61732700,AAPL,143.95,,142.81,0.0091,0.0479,141.37,147.47,135.27,0.0144
2021-10-08,139.50075,140.7503,139.16884,140.60387,58773200,AAPL,143.9,,142.68,-0.0027,0.045,141.07,146.91,135.23,0.0126
2021-10-11,139.41287,141.3653,138.43666,138.88573,64452200,AAPL,143.84,,142.54,-0.0006,0.0444,140.74,146.13,135.35,0.0125
2021-10-12,138.14383,139.84244,137.68501,139.82292,73035900,AAPL,143.77,,142.36,-0.0091,0.0349,140.42,145.61,135.23,0.0125
2021-10-13,137.55807,138.0364,135.88875,137.88023,78762700,AAPL,143.65,,142.16,-0.0042,0.0306,140.03,144.79,135.27,0.0124
2021-10-14,140.3403,140.45746,138.14383,138.72955,69907100,AAPL,143.59,,142.08,0.0202,0.0514,139.78,143.86,135.7,0.0134
2021-10-15,141.3946,141.45317,140.09624,140.35007,67940300,AAPL,143.55,,142.06,0.0075,0.0593,139.72,143.66,135.78,0.0129
2021-10-18,143.06392,143.34702,139.75456,140.03766,85589200,AAPL,143.56,,142.1,0.0118,0.0718,139.9,144.11,135.69,0.0122
2021-10-19,145.22136,145.62161,143.06393,143.51299,76378900,AAPL,143.61,,142.23,0.0151,0.0879,140.16,145.0,135.32,0.0126
2021-10-20,145.70946,146.1878,144.59657,145.16278,58418800,AAPL,143.68,,142.37,0.0034,0.0916,140.32,145.68,134.96,0.0121
2021-10-21,145.92424,146.08044,144.35254,145.27017,61421000,AAPL,143.75,,142.51,0.0015,0.0933,140.45,146.23,134.67,0.012
2021-10-22,145.15298,146.60753,145.10417,146.1292,58883400,AAPL,143.75,,142.62,-0.0053,0.0875,140.54,146.55,134.53,0.0121
2021-10-25,145.10422,145.81685,144.10847,145.14326,50720600,AAPL,143.74,,142.72,-0.0003,0.0872,140.7,147.03,134.37,0.0118
2021-10-26,145.76807,147.25189,145.46542,145.77782,60893400,AAPL,143.7,,142.85,0.0046,0.0922,141.06,147.69,134.43,0.0102
2021-10-27,145.3092,146.16826,144.95776,145.80707,56094900,AAPL,143.68,,142.95,-0.0031,0.0888,141.35,148.19,134.51,0.0103
2021-10-28,148.94072,149.52644,146.15851,146.25613,100077900,AAPL,143.8,,143.19,0.025,0.116,141.89,149.34,134.44,0.0111
2021-10-29,146.23665,146.37332,142.92729,143.71802,124953200,AAPL,143.86,,143.31,-0.0182,0.0957,142.24,149.82,134.66,0.0121
2021-11-01,145.4166,146.13898,144.28418,145.44588,74588300,AAPL,143.87,,143.4,-0.0056,0.0895,142.72,149.79,135.65,0.0105
2021-11-02,146.45139,147.96452,145.11397,145.12373,69122000,AAPL,143.88,,143.52,0.0071,0.0973,143.16,150.01,136.31,0.0102
2021-11-03,147.88638,148.35497,146.2561,146.81255,54511500,AAPL,143.92,,143.7,0.0098,0.108,143.62,150.43,136.81,0.0103
2021-11-04,147.36902,148.80403,147.05663,147.97426,60394600,AAPL,143.97,,143.85,-0.0035,0.1042,144.0,150.77,137.23,0.0103
2021-11-05,147.89696,148.79639,146.70424,148.49332,65463900,AAPL,144.05,,144.01,0.0036,0.1081,144.42,151.05,137.79,0.0102
2021-11-08,147.07573,148.18047,146.80199,148.02403,55020900,AAPL,144.09,,144.13,-0.0056,0.1019,144.8,151.09,138.51,0.0104
2021-11-09,147.43745,148.04358,146.70422,146.8411,56787900,AAPL,144.04,,144.27,0.0025,0.1047,145.26,150.81,139.71,0.01
2021-11-10,144.61205,146.77263,144.54362,146.66508,65187100,AAPL,143.97,,144.28,-0.0192,0.0835,145.62,149.85,141.39,0.0111
2021-11-11,144.5632,146.08832,144.37744,145.62885,41000000,AAPL,143.89,,144.29,-0.0003,0.0831,145.83,149.31,142.35,0.0103
2021-11-12,146.63577,147.03659,144.1819,145.11064,63804000,AAPL,143.82,,144.38,0.0143,0.0986,146.09,148.89,143.29,0.0106
2021-11-15,146.64557,148.48354,146.0883,147.0073,59222800,AAPL,143.74,,144.48,0.0001,0.0987,146.27,148.68,143.86,0.0104
2021-11-16,147.62325,148.1023,146.00037,146.58694,59256200,AAPL,143.63,,144.6,0.0067,0.1061,146.39,148.82,143.96,0.0099
2021-11-17,150.05754,151.53377,147.61345,147.62321,88807000,AAPL,143.61,,144.82,0.0165,0.1244,146.61,149.52,143.7,0.0105
2021-11-18,154.33957,155.12169,149.62737,150.27261,137827700,AAPL,143.68,,145.2,0.0285,0.1564,147.03,151.52,142.54,0.0121
2021-11-19,156.95963,157.41911,153.02953,154.12447,117305600,AAPL,143.91,,145.67,0.017,0.1761,147.62,153.85,141.39,0.0124
2021-11-22,157.41913,161.99446,157.39957,158.06436,117467900,AAPL,144.14,,146.14,0.0029,0.1795,148.23,155.72,140.74,0.0123
2021-11-23,157.80042,158.18169,155.50296,157.51689,96041900,AAPL,144.41,,146.6,0.0024,0.1823,148.83,157.35,140.31,0.0123
2021-11-24,158.31854,158.51407,156.06998,157.15515,69463600,AAPL,144.66,,147.07,0.0033,0.1862,149.48,158.81,140.15,0.0122
2021-11-26,153.30325,156.86185,152.86333,156.00154,76959800,AAPL,144.82,,147.32,-0.0317,0.1486,149.7,159.18,140.22,0.0137
2021-11-29,156.65659,157.58534,155.239,155.80603,88748200,AAPL,145.11,,147.69,0.0219,0.1738,150.22,160.04,140.4,0.0136
2021-11-30,161.60341,161.8185,156.34372,156.41216,174048100,AAPL,145.55,,148.24,0.0316,0.2108,151.03,161.8,140.26,0.0147
2021-12-01,161.08527,166.4916,160.85063,163.73465,152052500,AAPL,145.97,,148.75,-0.0032,0.207,151.76,163.19,140.33,0.0149
2021-12-02,160.09785,160.52802,154.27115,155.19012,136739200,AAPL,146.32,,149.2,-0.0061,0.1996,152.38,164.23,140.53,0.015
2021-12-03,158.22078,161.27101,156.1482,160.35204,118023100,AAPL,146.62,,149.56,-0.0117,0.1856,152.92,164.8,141.04,0.0153
2021-12-06,161.62296,164.1257,160.6062,160.61598,107497000,AAPL,146.98,,150.04,0.0215,0.2111,153.6,165.84,141.36,0.0158
2021-12-07,167.35191,167.74298,164.57542,165.29889,120405400,AAPL,147.49,,150.73,0.0354,0.2539,154.62,167.9,141.34,0.0171
2021-12-08,171.16469,172.02501,166.88263,168.28065,116998900,AAPL,148.15,,151.54,0.0228,0.2825,155.8,170.54,141.06,0.0174
2021-12-09,170.6563,172.79732,170.03061,170.99847,108923700,AAPL,148.77,,152.29,-0.003,0.2787,157.11,172.28,141.94,0.0164
2021-12-10,175.43698,175.61296,170.78343,171.29181,115402700,AAPL,149.52,,153.21,0.028,0.3145,158.65,174.7,142.6,0.0169
2021-12-13,171.80994,178.05704,171.60463,177.06961,153237000,AAPL,150.17,,153.95,-0.0207,0.2873,159.91,175.95,143.87,0.0181
2021-12-14,170.43149,173.76523,168.3589,171.33092,139380400,AAPL,150.86,,154.6,-0.008,0.277,161.1,176.51,145.69,0.0184
2021-12-15,175.29034,175.48587,168.45665,171.19405,131063300,AAPL,151.61,,155.42,0.0285,0.3134,162.48,177.76,147.2,0.019
2021-12-16,168.40775,177.08917,166.93152,175.27077,150185800,AAPL,152.21,,155.93,-0.0393,0.2618,163.4,177.72,149.08,0.0217
2021-12-17,167.31284,169.59073,165.89526,166.12988,195432700,AAPL,152.75,,156.38,-0.0065,0.2536,164.05,177.8,150.3,0.0212
2021-12-20,165.95387,166.76532,163.71509,164.51674,107499100,AAPL,153.28,,156.76,-0.0081,0.2434,164.5,177.86,151.14,0.0211
2021-12-21,169.12141,169.3267,165.33795,167.72339,91185900,AAPL,153.88,,157.25,0.0191,0.2671,165.08,178.16,152.0,0.0215
2021-12-22,171.71216,171.92725,168.3002,169.1703,92135300,AAPL,154.55,,157.82,0.0153,0.2865,165.78,178.7,152.86,0.0216
2021-12-23,172.33788,172.89514,171.35046,171.9175,68356600,AAPL,155.25,,158.39,0.0036,0.2912,166.48,179.22,153.74,0.0216
2021-12-27,176.29729,176.38527,173.1102,173.12973,74919600,AAPL,155.96,,159.1,0.023,0.3209,167.63,179.48,155.78,0.0202
2021-12-28,175.28055,177.27493,174.53755,176.1311,79144300,AAPL,156.64,,159.74,-0.0058,0.3132,168.56,179.69,157.43,0.0201
2021-12-29,175.36852,176.59056,174.15623,175.31963,62348900,AAPL,157.29,,160.36,0.0005,0.3139,169.25,180.27,158.23,0.0192
2021-12-30,174.21492,176.53194,174.10738,175.45653,59773000,AAPL,157.87,,160.9,-0.0066,0.3052,169.9,180.42,159.38,0.0193
2021-12-31,173.59903,175.2219,173.29594,174.10739,64062300,AAPL,158.43,,161.4,-0.0035,0.3006,170.58,180.14,161.02,0.0192
2022-01-03,177.93976,178.79031,173.73593,173.85324,104487900,AAPL,159.07,,162.06,0.025,0.3331,171.57,179.73,163.41,0.0193
2022-01-04,175.68138,178.84894,175.11435,178.54587,99310400,AAPL,159.68,,162.59,-0.0127,0.3162,172.27,179.15,165.39,0.0194
2022-01-05,171.00829,176.14088,170.73454,175.5934,94537600,AAPL,160.19,,162.92,-0.0266,0.2812,172.45,178.96,165.94,0.0191
2022-01-06,168.15361,171.37982,167.80167,168.83795,96904000,AAPL,160.64,,163.13,-0.0167,0.2598,172.3,179.07,165.53,0.0188
2022-01-07,168.3198,170.24574,167.20529,169.0237,86709100,AAPL,161.1,,163.34,0.001,0.2611,172.18,179.15,165.21,0.0188
2022-01-10,168.33932,168.6424,164.40923,165.29887,106765600,AAPL,161.49,,163.53,0.0001,0.2612,171.83,178.82,164.84,0.0176
2022-01-11,171.16469,171.26244,166.99995,168.46642,76138300,AAPL,161.99,,163.83,0.0168,0.2824,171.8,178.8,164.8,0.0175
2022-01-12,171.60463,173.21773,170.91052,172.18143,74805200,AAPL,162.51,,164.14,0.0026,0.2857,171.86,178.83,164.89,0.0174
2022-01-13,168.33932,172.67024,167.94826,171.84904,84505800,AAPL,162.95,,164.3,-0.019,0.2613,171.51,178.45,164.57,0.0166
2022-01-14,169.19968,169.89378,167.26395,167.50835,80440800,AAPL,163.38,,164.5,0.0051,0.2677,171.55,178.43,164.67,0.0141
2022-01-18,166.00278,168.68149,165.6215,167.67453,90956700,AAPL,163.75,,164.56,-0.0189,0.2437,171.48,178.55,164.41,0.0147
2022-01-19,162.5126,167.25415,162.2291,166.1983,94815000,AAPL,164.04,,164.48,-0.021,0.2176,171.31,179.08,163.54,0.0153
2022-01-20,160.83104,165.88542,160.50842,163.2458,91420500,AAPL,164.32,,164.33,-0.0103,0.2051,170.9,179.94,161.86,0.0147
2022-01-21,158.77802,162.61035,158.67047,160.74306,122848900,AAPL,164.54,,164.11,-0.0128,0.1897,170.25,180.77,159.73,0.0143
2022-01-24,158.00568,158.67047,151.24043,156.44147,162294600,AAPL,164.81,,163.87,-0.0049,0.1838,169.53,181.33,157.73,0.0141
2022-01-25,156.20682,159.12018,153.50854,155.4247,115798400,AAPL,165.04,,163.57,-0.0114,0.1703,168.53,181.29,155.77,0.0127
2022-01-26,156.1189,160.71379,154.29073,159.84369,108275300,AAPL,165.23,,163.28,-0.0006,0.1696,167.57,181.05,154.09,0.0127
2022-01-27,155.6594,160.17607,154.74042,158.81715,121954600,AAPL,165.41,,162.98,-0.0029,0.1662,166.58,180.53,152.63,0.0127
2022-01-28,166.52092,166.54048,159.15932,162.00424,179935700,AAPL,165.79,,163.12,0.0698,0.2476,166.2,179.68,152.72,0.0211
2022-01-31,170.87143,171.08652,165.71928,166.35475,115541600,AAPL,166.21,,163.42,0.0261,0.2802,166.06,179.28,152.84,0.022
2022-02-01,170.70525,170.9301,168.45668,170.11865,86213900,AAPL,166.54,,163.71,-0.001,0.2789,165.7,177.91,153.49,0.0212
2022-02-02,171.9077,171.94681,169.45384,170.84207,84914300,AAPL,166.83,,164.03,0.007,0.2879,165.51,177.17,153.85,0.0211
2022-02-03,169.03343,172.29875,168.27087,170.5781,89418100,AAPL,167.07,,164.23,-0.0167,0.2664,165.41,176.91,153.91,0.0206
2022-02-04,168.74957,170.42346,167.07568,168.05457,82465400,AAPL,167.29,,164.41,-0.0017,0.2642,165.44,176.97,153.91,0.0202
2022-02-07,168.03503,170.27667,167.34003,169.20969,77251200,AAPL,167.48,,164.55,-0.0042,0.2589,165.43,176.95,153.91,0.0203
2022-02-08,171.13806,171.64708,167.80984,168.10352,74829200,AAPL,167.84,,164.81,0.0185,0.2822,165.57,177.3,153.84,0.0207
2022-02-09,172.55743,172.91962,171.20657,172.33229,71285000,AAPL,168.16,,165.11,0.0083,0.2928,165.64,177.53,153.75,0.0204
2022-02-10,168.48528,171.77432,167.92732,170.46262,90865900,AAPL,168.29,,165.24,-0.0236,0.2623,165.48,177.12,153.84,0.0211
2022-02-11,165.07881,169.42505,164.49147,168.69089,98670700,AAPL,168.37,,165.24,-0.0202,0.2368,165.32,176.88,153.76,0.0212
2022-02-14,165.3137,165.99892,163.0427,163.83559,86185500,AAPL,168.48,,165.24,0.0014,0.2386,165.13,176.55,153.71,0.0211
2022-02-15,169.14111,169.29774,166.65475,167.35956,62527400,AAPL,168.7,,165.39,0.0232,0.2673,165.28,176.83,153.73,0.0214
2022-02-16,168.90623,169.67955,166.45903,168.22102,61177400,AAPL,168.84,,165.53,-0.0014,0.2655,165.6,177.18,154.02,0.0207
2022-02-17,165.3137,168.27972,164.91235,167.4183,69589300,AAPL,168.8,,165.52,-0.0213,0.2386,165.83,177.2,154.46,0.0212
2022-02-18,163.76707,166.93864,162.68051,166.23386,82772700,AAPL,168.65,,165.45,-0.0094,0.2269,166.08,177.0,155.16,0.0211
2022-02-22,160.84999,163.16994,158.7258,161.49605,91162800,AAPL,168.46,,165.27,-0.0178,0.2051,166.22,176.77,155.67,0.0215
2022-02-23,156.68976,162.64136,156.37651,162.04424,90009200,AAPL,168.08,,164.94,-0.0259,0.1739,166.24,176.69,155.79,0.0222
2022-02-24,159.30336,159.41104,148.79016,149.35791,141147500,AAPL,167.83,,164.72,0.0167,0.1935,166.4,176.29,156.51,0.0225
2022-02-25,161.3688,161.63309,157.47284,160.38013,91974200,AAPL,167.65,,164.58,0.013,0.209,166.69,175.55,157.83,0.0226
2022-02-28,161.63309,161.92676,158.9999,159.6166,95056600,AAPL,167.38,,164.47,0.0016,0.2109,166.44,175.58,157.3,0.016
2022-03-01,159.75365,163.08186,158.54962,161.22197,83474400,AAPL,167.2,,164.28,-0.0116,0.1969,165.89,175.25,156.53,0.0148
2022-03-02,163.04266,163.82578,159.5089,160.91849,79724800,AAPL,167.12,,164.23,0.0206,0.2215,165.5,174.65,156.35,0.0157
2022-03-03,162.71965,165.34306,162.05402,164.91235,76678400,AAPL,167.05,,164.18,-0.002,0.2191,165.04,173.75,156.33,0.0156
2022-03-04,159.7243,162.05405,158.67691,161.01643,83737200,AAPL,166.87,,164.0,-0.0184,0.1967,164.58,173.39,155.77,0.0157
2022-03-07,155.93604,161.53525,155.68152,159.9103,96418800,AAPL,166.55,,163.68,-0.0237,0.1683,163.94,173.32,154.56,0.0164
2022-03-08,154.1153,159.44041,152.50993,155.46616,131148300,AAPL,166.19,,163.31,-0.0117,0.1546,163.24,173.37,153.11,0.0165
2022-03-09,159.50894,159.95923,156.0437,158.06998,91454900,AAPL,165.85,,163.16,0.035,0.195,162.66,172.2,153.12,0.018
2022-03-10,155.17252,157.00302,152.68614,156.81703,105342000,AAPL,165.45,,162.85,-0.0272,0.1625,161.79,170.68,152.9,0.0185
2022-03-11,151.46252,155.91644,151.23738,155.57382,96970100,AAPL,164.97,,162.4,-0.0239,0.1348,160.94,170.37,151.51,0.0185
2022-03-14,147.4393,150.86539,146.9303,148.25177,108732100,AAPL,164.43,,161.81,-0.0266,0.1046,160.06,171.04,149.08,0.0189
2022-03-15,151.81491,152.28479,147.20438,147.7134,92964300,AAPL,164.0,,161.42,0.0297,0.1374,159.38,170.65,148.11,0.0204
2022-03-16,156.21991,156.62126,151.19826,153.73355,102300200,AAPL,163.56,,161.22,0.029,0.1704,158.74,169.1,148.38,0.0209
2022-03-17,157.22815,157.60013,154.3013,155.2606,75615400,AAPL,163.2,,161.06,0.0065,0.178,158.15,167.35,148.95,0.021
2022-03-18,160.51717,161.0066,156.38628,157.12044,123511700,AAPL,162.99,,161.04,0.0209,0.2026,157.91,166.56,149.26,0.0212
2022-03-21,161.88762,162.83714,159.56766,160.0571,95811400,AAPL,162.86,,161.07,0.0085,0.2128,157.82,166.24,149.4,0.0212
2022-03-22,165.25496,165.84229,161.42752,162.01485,81532000,AAPL,162.8,,161.24,0.0208,0.238,158.04,167.0,149.08,0.0213
2022-03-23,166.61562,168.9943,164.10966,164.44249,98062700,AAPL,162.76,,161.45,0.0082,0.2482,158.54,168.26,148.82,0.0203
2022-03-24,170.39409,170.4626,166.6156,167.44765,90131400,AAPL,162.75,,161.8,0.0227,0.2765,159.09,170.16,148.02,0.0206
2022-03-25,171.0304,171.57857,169.10199,170.20815,80546200,AAPL,162.74,,162.16,0.0037,0.2812,159.57,171.84,147.3,0.0205
2022-03-28,171.89182,172.01906,168.36783,168.53424,90371900,AAPL,162.81,,162.54,0.005,0.2877,160.09,173.52,146.66,0.0205
2022-03-29,175.18083,175.22977,172.61615,172.95877,100589400,AAPL,162.93,,163.04,0.0191,0.3122,160.86,175.89,145.83,0.0204
2022-03-30,174.016,175.81715,172.9686,174.77954,92633200,AAPL,163.09,,163.47,-0.0066,0.3036,161.41,177.54,145.28,0.0202
2022-03-31,170.9227,174.27048,170.71713,174.08449,103049300,AAPL,163.26,,163.76,-0.0178,0.2804,161.82,178.5,145.14,0.0208
2022-04-01,170.62901,171.18698,168.30907,170.35493,78751300,AAPL,163.45,,164.03,-0.0017,0.2782,162.36,179.46,145.26,0.0202
2022-04-04,174.67183,174.72078,170.7563,170.88356,76468400,AAPL,163.77,,164.45,0.0237,0.3085,163.3,180.96,145.64,0.0196
2022-04-05,171.36319,174.53477,170.73671,173.75166,73401800,AAPL,164.04,,164.72,-0.0189,0.2838,164.16,181.61,146.71,0.02
2022-04-06,168.20143,169.96342,166.53734,168.72025,89058800,AAPL,164.28,,164.86,-0.0185,0.26,164.6,182.0,147.2,0.0194
2022-04-07,168.50488,169.69913,166.26324,167.54558,77594700,AAPL,164.52,,165.0,0.0018,0.2623,165.26,182.15,148.37,0.0181
2022-04-08,166.49812,168.15244,165.62692,168.15244,76575500,AAPL,164.74,,165.06,-0.0119,0.2473,166.01,181.6,150.42,0.0173
2022-04-11,162.2498,165.46054,162.00508,165.14731,72246700,AAPL,164.66,,164.95,-0.0255,0.2155,166.75,179.83,153.67,0.0172
2022-04-12,164.11948,166.28279,163.12102,164.47188,79265200,AAPL,164.52,,164.91,0.0115,0.2294,167.37,178.51,156.23,0.0163
2022-04-13,166.80162,167.4281,163.24829,163.8552,70618900,AAPL,164.44,154.62,164.99,0.0163,0.2495,167.9,177.74,158.06,0.0155
2022-04-14,161.79948,167.65321,161.55476,167.01694,75329400,AAPL,164.24,154.76,164.86,-0.03,0.212,168.13,177.1,159.16,0.0172
2022-04-18,161.58415,163.08185,160.11583,160.45844,69023900,AAPL,164.09,154.9,164.74,-0.0013,0.2104,168.18,176.97,159.39,0.0166
2022-04-19,163.86497,164.27612,160.44868,161.53525,67723800,AAPL,163.99,155.03,164.7,0.0141,0.2275,168.28,176.81,159.75,0.0167
2022-04-20,163.69855,165.3137,162.59242,165.19624,67929800,AAPL,163.91,155.16,164.66,-0.001,0.2263,168.2,176.88,159.52,0.0161
2022-04-21,162.90565,167.90775,162.40643,165.34308,87227800,AAPL,163.74,155.27,164.59,-0.0048,0.2204,168.02,176.99,159.05,0.016
2022-04-22,158.37341,164.32503,158.08954,162.94481,84882400,AAPL,163.46,155.36,164.35,-0.0278,0.1864,167.42,177.29,157.55,0.016
2022-04-25,159.44038,159.72426,155.11372,157.71754,96046400,AAPL,163.28,155.45,164.16,0.0067,0.1944,166.84,177.16,156.52,0.0161
2022-04-26,153.48878,158.91179,153.41048,158.82368,95623200,AAPL,163.05,155.52,163.74,-0.0373,0.1498,165.92,177.55,154.29,0.0176
2022-04-27,153.26366,156.41565,152.09879,152.61758,88063200,AAPL,162.81,155.57,163.33,-0.0015,0.1481,164.82,176.89,152.75,0.0167
2022-04-28,160.18439,161.0458,155.57384,155.88708,130216800,AAPL,162.63,155.65,163.2,0.0452,0.2,164.13,175.55,152.71,0.0203
2022-04-29,154.32086,162.6903,153.92932,158.42238,131747600,AAPL,162.33,155.7,162.86,-0.0366,0.1561,163.3,175.05,151.55,0.0214
2022-05-02,154.62434,154.88863,150.03339,153.40074,123055300,AAPL,162.12,155.76,162.53,0.002,0.1584,162.5,174.33,150.67,0.0214
2022-05-03,156.11221,157.31625,153.01895,154.8103,88966500,AAPL,161.97,155.84,162.28,0.0096,0.1695,161.57,172.23,150.91,0.0207
2022-05-04,162.51413,162.9644,155.89687,156.29822,108256500,AAPL,162.0,155.94,162.29,0.041,0.2175,161.13,170.76,151.5,0.0228
2022-05-05,153.45943,160.61505,151.67786,160.38992,130525300,AAPL,161.94,156.0,161.94,-0.0557,0.1497,160.39,170.0,150.78,0.0256
2022-05-06,154.18486,156.30235,151.14586,152.93985,116124600,AAPL,161.83,156.06,161.64,0.0047,0.1551,159.67,168.86,150.48,0.0256
2022-05-09,149.06758,152.7634,148.5088,151.8811,131577900,AAPL,161.59,156.08,161.15,-0.0332,0.1167,158.8,168.55,149.05,0.0264
2022-05-10,151.46938,153.6555,149.92047,152.4595,115366700,AAPL,161.38,156.11,160.77,0.0161,0.1347,158.26,168.4,148.12,0.0263
2022-05-11,143.617,152.39087,142.94058,150.47925,142689800,AAPL,161.06,156.11,160.09,-0.0518,0.0759,157.24,168.91,145.57,0.0282
2022-05-12,139.75455,143.32292,136.06854,139.96042,182602000,AAPL,160.6,156.1,159.3,-0.0269,0.047,155.89,169.07,142.71,0.0281
2022-05-13,144.21503,145.18555,140.29375,141.74461,113990900,AAPL,160.23,156.12,158.7,0.0319,0.0804,155.01,168.86,141.16,0.029
2022-05-16,142.67589,144.61693,141.34265,142.6857,86643800,AAPL,159.89,156.12,158.08,-0.0107,0.0688,154.06,168.58,139.54,0.029
2022-05-17,146.3031,146.82266,143.79347,145.93057,78336300,AAPL,159.69,156.14,157.61,0.0254,0.096,153.18,167.32,139.04,0.0295
2022-05-18,138.0488,144.46008,137.1469,143.96013,109742900,AAPL,159.37,156.11,156.85,-0.0564,0.0342,151.9,166.67,137.13,0.0316
2022-05-19,134.64708,138.87225,133.91183,137.12729,136095600,AAPL,158.87,156.07,155.98,-0.0246,0.0087,150.49,166.2,134.78,0.0318
2022-05-20,134.88234,137.93114,130.00035,136.35281,137426100,AAPL,158.47,156.03,155.15,0.0017,0.0104,149.31,166.02,132.6,0.0316
2022-05-23,140.29372,140.44077,134.94116,135.0784,117726300,AAPL,158.24,156.02,154.57,0.0401,0.0509,148.36,164.82,131.9,0.0332
2022-05-24,137.59785,139.17618,134.62749,138.039,104132700,AAPL,158.05,155.99,153.9,-0.0192,0.0308,147.56,164.5,130.62,0.0325
2022-05-25,137.75468,138.99968,135.61758,135.7058,92482700,AAPL,157.77,155.97,153.27,0.0011,0.0319,146.79,164.05,129.53,0.0326
2022-05-26,140.95055,141.49953,134.44122,134.6863,90601500,AAPL,157.46,155.96,152.78,0.0232,0.0558,145.82,162.05,129.59,0.0311
2022-05-27,146.69524,146.73444,142.40143,142.52887,90978500,AAPL,157.25,155.97,152.55,0.0408,0.0989,145.44,161.18,129.7,0.0319
2022-05-31,145.91096,147.69516,143.95032,146.13644,103718400,AAPL,156.96,155.97,152.29,-0.0053,0.0931,145.01,160.15,129.87,0.0319
2022-06-01,145.78352,148.75389,144.77377,146.95009,74286600,AAPL,156.64,155.96,152.03,-0.0009,0.0921,144.49,158.71,130.27,0.0318
2022-06-02,148.23433,148.29315,143.96992,144.92084,72348100,AAPL,156.3,155.97,151.88,0.0168,0.1105,143.78,155.39,132.17,0.0304
2022-06-03,142.51906,145.05809,141.61717,144.00914,88570300,AAPL,155.81,155.97,151.51,-0.0386,0.0676,143.23,153.91,132.55,0.0291
2022-06-06,143.26408,145.64627,142.04848,144.13657,71598400,AAPL,155.27,155.97,151.19,0.0052,0.0731,142.68,152.04,133.32,0.0291
2022-06-07,145.78352,146.06781,141.26424,141.50932,67808200,AAPL,154.77,155.97,150.98,0.0176,0.092,142.52,151.51,133.53,0.0286
2022-06-08,145.04831,146.92072,144.55815,145.6561,53950200,AAPL,154.23,155.97,150.75,-0.005,0.0866,142.2,150.26,134.14,0.0283
2022-06-09,139.83296,145.03847,139.72513,144.1856,69473000,AAPL,153.52,155.94,150.32,-0.036,0.0475,142.01,150.11,133.91,0.0271
2022-06-10,134.43141,137.98996,134.36278,137.51941,91437900,AAPL,152.73,155.88,149.7,-0.0386,0.007,141.74,150.47,133.01,0.0278
2022-06-13,129.28471,132.53937,128.85336,130.25522,122207100,AAPL,151.9,155.81,148.89,-0.0383,-0.0315,141.0,151.26,130.74,0.0277
2022-06-14,130.14735,131.25513,128.89255,130.51009,84784300,AAPL,151.09,155.74,148.16,0.0067,-0.0251,140.37,151.68,129.06,0.0278
2022-06-15,132.76486,134.63728,129.55922,131.6473,91533000,AAPL,150.25,155.65,147.56,0.0201,-0.0055,139.69,151.12,128.26,0.0276
2022-06-16,127.50053,129.78468,126.500595,129.48077,108123900,AAPL,149.37,155.55,146.77,-0.0397,-0.0449,139.17,151.83,126.51,0.0261
2022-06-17,128.97101,130.4611,127.25545,127.51034,134520300,AAPL,148.59,155.45,146.07,0.0115,-0.034,138.88,152.2,125.56,0.0258
2022-06-21,133.19617,134.36275,130.69637,130.79439,81000500,AAPL,147.88,155.37,145.57,0.0328,-0.0023,138.8,152.25,125.35,0.027
2022-06-22,132.68646,135.04903,131.2748,132.13747,73409200,AAPL,147.21,155.28,145.06,-0.0038,-0.0061,138.42,152.12,124.72,0.0252
2022-06-23,135.549,135.86269,132.96095,134.12753,72433800,AAPL,146.67,155.19,144.69,0.0216,0.0154,138.32,152.08,124.56,0.0255
2022-06-24,138.87227,139.11736,137.01947,137.1469,89116800,AAPL,146.17,155.13,144.46,0.0245,0.0403,138.37,152.13,124.61,0.0261
2022-06-27,138.87227,140.66626,138.19585,139.8918,70207900,AAPL,145.61,155.07,144.24,0.0,0.0403,138.27,151.98,124.56,0.0255
2022-06-28,134.73529,140.59761,134.61766,139.333,67083400,AAPL,145.07,155.01,143.87,-0.0298,0.0093,137.67,150.86,124.48,0.0244
2022-06-29,136.49007,137.90173,133.98045,134.75491,66242400,AAPL,144.57,154.97,143.58,0.013,0.0224,137.2,149.81,124.59,0.0247
2022-06-30,134.02948,135.647,131.13754,134.54904,98964500,AAPL,143.97,154.91,143.2,-0.018,0.004,136.61,148.62,124.6,0.0249
2022-07-01,136.19597,136.3038,132.99033,133.36284,71051600,AAPL,143.42,154.87,142.93,0.0162,0.0203,136.01,146.7,125.32,0.0249
2022-07-05,138.77423,138.82326,134.23534,135.05882,73353800,AAPL,142.94,154.84,142.77,0.0189,0.0395,135.82,146.15,125.49,0.024
2022-07-06,140.10745,141.28383,138.30367,138.56836,74064300,AAPL,142.57,154.82,142.66,0.0096,0.0495,135.66,145.61,125.71,0.024
2022-07-07,143.46997,143.66603,140.46037,140.47017,66253700,AAPL,142.25,154.84,142.69,0.024,0.0747,135.55,145.04,126.06,0.0243
2022-07-08,144.14638,144.64635,142.14653,142.40141,64547800,AAPL,142.06,154.86,142.75,0.0047,0.0798,135.5,144.81,126.19,0.0243
2022-07-11,142.01904,143.75421,140.9505,142.8033,63141600,AAPL,141.84,154.86,142.72,-0.0148,0.0638,135.61,145.18,126.04,0.0231
2022-07-12,142.9896,145.52863,142.19554,142.89156,77588800,AAPL,141.5,154.86,142.73,0.0068,0.071,136.04,146.14,125.94,0.0212
2022-07-13,142.62689,143.568,139.3232,140.17609,71185600,AAPL,141.26,154.86,142.73,-0.0025,0.0683,136.71,146.69,126.73,0.0189
2022-07-14,145.54823,146.01878,140.43095,141.24463,78140700,AAPL,141.08,154.87,142.84,0.0205,0.0902,137.48,147.71,127.25,0.0192
2022-07-15,147.21477,147.89119,145.28354,146.83244,76259900,AAPL,140.9,154.92,143.01,0.0115,0.1028,138.2,149.05,127.35,0.0189
2022-07-18,144.17581,148.58725,143.81308,147.77359,81420900,AAPL,140.54,154.94,143.06,-0.0206,0.0801,139.03,148.94,129.12,0.0169
2022-07-19,148.02847,148.25394,144.01897,145.00908,82982400,AAPL,140.43,154.99,143.25,0.0267,0.1089,139.99,149.48,130.5,0.0175
2022-07-20,150.02827,150.6949,147.41083,148.14606,64823400,AAPL,140.34,155.04,143.52,0.0135,0.1239,140.83,150.76,130.9,0.0165
2022-07-21,152.29286,152.50853,148.94997,151.45958,65086600,AAPL,140.41,155.13,143.86,0.0151,0.1408,141.81,152.21,131.41,0.0164
2022-07-22,151.05766,153.20457,150.39105,152.33208,66675400,AAPL,140.4,155.19,144.14,-0.0081,0.1316,142.58,153.33,131.83,0.0164
2022-07-25,149.94008,151.98895,149.28326,150.97922,53623900,AAPL,140.53,155.25,144.37,-0.0074,0.1232,143.14,154.22,132.06,0.016
2022-07-26,148.61664,150.0773,147.83238,149.26364,55138700,AAPL,140.7,155.29,144.54,-0.0088,0.1133,143.62,154.76,132.48,0.0162
2022-07-27,153.70451,154.2339,149.16563,149.57738,78620700,AAPL,140.89,155.36,144.9,0.0342,0.1514,144.57,155.76,133.38,0.0156
2022-07-28,154.2535,154.53778,151.37135,153.89076,81378700,AAPL,141.13,155.44,145.26,0.0036,0.1556,145.46,156.76,134.16,0.0156
2022-07-29,159.31195,160.40993,156.36119,158.06696,101786900,AAPL,141.39,155.54,145.81,0.0328,0.1935,146.73,158.3,135.16,0.0155
2022-08-01,158.33162,160.37068,157.72383,157.84146,67829400,AAPL,141.79,155.65,146.31,-0.0062,0.1861,147.83,159.4,136.26,0.0158
2022-08-02,156.86115,159.21393,156.48863,156.94939,59907000,AAPL,142.24,155.73,146.72,-0.0093,0.175,148.74,160.15,137.33,0.016
2022-08-03,162.86073,163.31168,157.5866,157.67482,82507500,AAPL,142.8,155.84,147.35,0.0382,0.2199,149.87,162.16,137.58,0.0175
2022-08-04,162.54701,163.89986,161.19417,162.74307,55474100,AAPL,143.24,155.94,147.95,-0.0019,0.2176,150.83,163.96,137.7,0.0172
2022-08-05,162.32121,162.81206,160.01425,160.22041,56697000,AAPL,143.73,156.02,148.51,-0.0014,0.2159,151.74,165.43,138.05,0.0173
2022-08-08,161.84999,164.73615,161.19226,163.32251,60276900,AAPL,144.22,156.1,149.04,-0.0029,0.2124,152.73,166.33,139.13,0.0167
2022-08-09,161.89911,162.78264,160.2597,161.0156,63135500,AAPL,144.64,156.18,149.54,0.0003,0.2127,153.67,167.05,140.29,0.0168
2022-08-10,166.14,166.23816,163.84285,164.60857,70170500,AAPL,145.02,156.29,150.19,0.0262,0.2445,154.85,168.27,141.43,0.0172
2022-08-11,165.40372,167.85793,165.1092,166.94495,57149200,AAPL,145.41,156.39,150.79,-0.0044,0.239,155.84,169.3,142.38,0.0171
2022-08-12,168.94759,169.0163,166.29703,166.70935,68039400,AAPL,145.88,156.5,151.5,0.0214,0.2656,156.93,170.96,142.9,0.0174
2022-08-15,170.0176,170.21393,168.2113,168.37819,54091700,AAPL,146.31,156.63,152.23,0.0063,0.2735,158.22,172.06,144.38,0.0162
2022-08-16,169.86053,170.52809,168.51564,169.61511,56377100,AAPL,146.86,156.73,152.92,-0.0009,0.2724,159.31,173.21,145.41,0.0157
2022-08-17,171.35272,172.9234,169.409,169.60533,79542000,AAPL,147.42,156.86,153.64,0.0088,0.2836,160.38,174.55,146.21,0.0156
2022-08-18,170.96,171.69627,169.94887,170.56734,62290100,AAPL,147.93,156.99,154.32,-0.0023,0.2806,161.31,175.69,146.93,0.0156
2022-08-19,168.37819,170.55753,168.17203,169.86052,70346300,AAPL,148.39,157.1,154.87,-0.0151,0.2613,162.18,176.04,148.32,0.016
2022-08-22,164.50056,166.74861,164.07843,166.58173,69026800,AAPL,148.89,157.18,155.25,-0.023,0.2323,162.91,175.54,150.28,0.017
2022-08-23,164.16676,165.61966,163.59738,164.01952,54147100,AAPL,149.48,157.26,155.6,-0.002,0.2298,163.68,174.37,152.99,0.0168
2022-08-24,164.46132,165.0307,163.20477,164.25517,53841500,AAPL,150.18,157.35,155.95,0.0018,0.232,164.22,173.82,154.62,0.0154
2022-08-25,166.91553,167.02351,165.26631,165.68843,51218200,AAPL,150.92,157.44,156.38,0.0149,0.2504,164.85,173.29,156.41,0.0156
2022-08-26,160.62292,167.91684,160.56403,167.44563,78961000,AAPL,151.48,157.51,156.54,-0.0377,0.2032,164.92,173.19,156.65,0.0167
2022-08-29,158.42397,159.9161,156.89255,158.19817,73314000,AAPL,152.09,157.58,156.62,-0.0137,0.1868,164.92,173.18,156.66,0.0169
2022-08-30,155.99918,159.5823,154.83098,159.1602,77906200,AAPL,152.64,157.64,156.59,-0.0153,0.1686,164.88,173.32,156.44,0.0172
2022-08-31,154.34015,157.63861,154.26161,157.37355,87991100,AAPL,153.06,157.67,156.5,-0.0106,0.1562,164.46,174.11,154.81,0.0147
2022-09-01,155.06657,155.51814,151.83684,153.77075,74229900,AAPL,153.51,157.72,156.45,0.0047,0.1616,164.08,174.58,153.58,0.0148
2022-09-02,152.95595,157.4226,152.13133,156.82378,76957800,AAPL,153.85,157.74,156.31,-0.0136,0.1459,163.61,175.22,152.0,0.015
2022-09-06,151.69942,154.21252,150.8748,153.60388,73714800,AAPL,154.11,157.75,156.13,-0.0082,0.1365,163.11,175.87,150.35,0.0151
2022-09-07,153.1032,153.80019,150.79623,151.98409,87449600,AAPL,154.39,157.75,156.01,0.0093,0.147,162.67,176.19,149.15,0.0153
2022-09-08,151.6307,153.4959,149.8833,151.8074,84923800,AAPL,154.73,157.72,155.84,-0.0096,0.136,161.94,176.21,147.67,0.0138
2022-09-09,154.4874,154.92917,151.91539,152.62221,68028800,AAPL,155.09,157.7,155.79,0.0188,0.1574,161.39,175.94,146.84,0.0147
2022-09-12,160.43636,161.25116,156.38202,156.6667,104956000,AAPL,155.62,157.72,155.97,0.0385,0.2019,160.97,175.08,146.86,0.0166
2022-09-13,151.02203,157.5993,150.56064,156.97102,122656600,AAPL,155.92,157.68,155.77,-0.0587,0.1314,160.02,174.12,145.92,0.0207
2022-09-14,152.46513,154.22235,150.79628,151.95465,87965400,AAPL,156.19,157.68,155.64,0.0096,0.1422,159.15,172.83,145.47,0.0209
2022-09-15,149.57898,152.39642,148.60712,151.81721,90481100,AAPL,156.38,157.64,155.41,-0.0189,0.1206,158.06,171.11,145.01,0.0209
2022-09-16,147.93954,148.57765,145.65222,148.44022,162278800,AAPL,156.47,157.57,155.11,-0.011,0.1083,156.91,169.2,144.62,0.0209
2022-09-19,151.6503,151.72884,146.36885,146.575,81474200,AAPL,156.62,157.53,154.98,0.0251,0.1361,156.07,167.31,144.83,0.0219
2022-09-20,154.02599,155.18437,150.27597,150.5901,107689800,AAPL,156.86,157.5,154.94,0.0157,0.154,155.55,166.09,145.01,0.022
2022-09-21,150.90424,155.83229,150.78644,154.45792,101696800,AAPL,157.02,157.46,154.78,-0.0203,0.1306,154.89,164.8,144.98,0.0223
2022-09-22,149.94223,151.64053,148.14575,149.58882,86652500,AAPL,157.16,157.4,154.59,-0.0064,0.1233,154.16,163.2,145.12,0.0223
2022-09-23,147.67453,148.6955,145.83879,148.42062,96029900,AAPL,157.21,157.3,154.32,-0.0151,0.1064,153.2,160.45,145.95,0.0219
2022-09-26,148.00829,150.95334,146.89899,146.91862,93339400,AAPL,157.22,157.19,154.07,0.0023,0.1089,152.57,159.27,145.87,0.0207
2022-09-27,148.98013,151.88593,147.2033,149.9422,84442700,AAPL,157.32,157.08,153.87,0.0066,0.1162,152.1,158.38,145.82,0.0206
2022-09-28,147.0953,147.88066,142.18689,144.93561,146691400,AAPL,157.3,156.94,153.61,-0.0127,0.102,151.65,158.03,145.27,0.0206
2022-09-29,139.87015,144.03249,138.10312,143.42384,128138200,AAPL,157.1,156.78,153.07,-0.0491,0.0479,150.93,159.06,142.8,0.023
2022-09-30,135.66855,140.4788,135.47221,138.69214,124925300,AAPL,156.77,156.6,152.39,-0.03,0.0165,149.96,160.33,139.59,0.0236
2022-10-03,139.84068,140.44934,135.16788,135.67836,114311700,AAPL,156.54,156.43,151.9,0.0308,0.0478,149.3,160.5,138.1,0.0249
2022-10-04,143.42383,143.54163,141.61752,142.37341,87830100,AAPL,156.41,156.3,151.56,0.0256,0.0746,148.89,160.33,137.45,0.0257
2022-10-05,143.71835,144.68042,140.39044,141.43105,79471000,AAPL,156.31,156.18,151.26,0.0021,0.0769,148.42,159.9,136.94,0.0256
2022-10-06,142.76611,144.83746,142.55997,143.13916,68402200,AAPL,156.09,156.07,150.92,-0.0066,0.0698,147.97,159.61,136.33,0.0256
2022-10-07,137.52388,140.47876,136.8956,139.929,85925600,AAPL,155.76,155.91,150.4,-0.0367,0.0305,147.13,159.23,135.03,0.0261
2022-10-10,137.84785,139.29092,136.03175,137.84785,74899000,AAPL,155.33,155.74,149.9,0.0024,0.033,146.0,157.04,134.96,0.0241
2022-10-11,136.43427,138.76086,135.68819,137.33742,77033700,AAPL,154.89,155.56,149.38,-0.0103,0.0223,145.27,156.83,133.71,0.0209
2022-10-12,135.80597,137.78897,135.62927,136.58151,70433700,AAPL,154.47,155.36,148.84,-0.0046,0.0176,144.43,156.21,132.65,0.0206
2022-10-13,140.37076,140.95976,131.90865,132.5173,113224000,AAPL,154.02,155.18,148.51,0.0336,0.0518,143.97,155.62,132.32,0.0221
2022-10-14,135.84523,141.87276,135.6587,141.6666,88598000,AAPL,153.49,154.99,148.02,-0.0322,0.018,143.37,155.4,131.34,0.023
2022-10-17,139.80142,140.28244,137.70062,138.48598,85250900,AAPL,153.04,154.81,147.69,0.0291,0.0476,142.78,154.25,131.31,0.0233
2022-10-18,141.11685,144.01282,138.03436,142.82498,99136600,AAPL,152.62,154.65,147.44,0.0094,0.0574,142.13,152.31,131.95,0.0231
2022-10-19,141.22485,142.29489,138.90808,139.0946,61758300,AAPL,152.21,154.47,147.19,0.0008,0.0583,141.65,150.96,132.34,0.0228
2022-10-20,140.76346,143.21767,140.037,140.40024,64522000,AAPL,151.7,154.29,146.94,-0.0033,0.0548,141.19,149.65,132.73,0.0227
2022-10-21,144.5724,145.14178,140.03702,140.25299,86548600,AAPL,151.28,154.16,146.85,0.0271,0.0834,141.03,149.09,132.97,0.0235
2022-10-24,146.71245,147.47816,143.32565,144.49385,75981900,AAPL,150.84,154.05,146.84,0.0148,0.0994,140.97,148.81,133.13,0.0237
2022-10-25,149.54951,149.69678,146.6241,147.34073,74732300,AAPL,150.43,153.96,146.95,0.0193,0.1206,141.0,148.97,133.03,0.0241
2022-10-26,146.61427,149.20592,145.32826,148.19478,88194300,AAPL,149.97,153.85,146.93,-0.0196,0.0987,140.97,148.86,133.08,0.0243
2022-10-27,142.14764,146.3198,141.48991,145.35776,109180200,AAPL,149.38,153.71,146.75,-0.0305,0.0652,141.09,148.98,133.2,0.0227
2022-10-28,152.88728,154.61504,145.11235,145.48538,164762400,AAPL,149.02,153.61,146.99,0.0756,0.1457,141.95,151.02,132.88,0.0269
2022-10-31,150.53122,151.41475,149.13724,150.35452,97943200,AAPL,148.66,153.52,147.13,-0.0154,0.128,142.48,152.26,132.7,0.0267
2022-11-01,147.89047,152.60255,146.39833,152.23933,80379300,AAPL,148.33,153.42,147.16,-0.0175,0.1083,142.71,152.78,132.64,0.0266
2022-11-02,142.37343,149.38264,142.34398,146.22162,93604600,AAPL,147.89,153.3,146.97,-0.0373,0.067,142.64,152.7,132.58,0.028
2022-11-03,136.33609,140.18428,136.20847,139.45784,97918500,AAPL,147.33,153.17,146.55,-0.0424,0.0217,142.32,152.77,131.87,0.0296
2022-11-04,136.07057,140.28897,132.13733,139.71864,140814800,AAPL,146.72,153.04,146.14,-0.0019,0.0198,142.24,152.84,131.64,0.0284
2022-11-07,136.6016,136.82774,133.40584,134.82181,83374600,AAPL,146.23,152.93,145.77,0.0039,0.0238,142.18,152.91,131.45,0.0284
2022-11-08,137.17189,139.06967,135.19543,138.06671,89908500,AAPL,145.81,152.83,145.43,0.0042,0.0281,142.22,152.87,131.57,0.0283
2022-11-09,132.61917,136.23776,132.34384,136.1886,74917800,AAPL,145.34,152.71,144.93,-0.0332,-0.0061,142.06,153.2,130.92,0.0293
2022-11-10,144.4189,144.4189,137.1719,138.88287,118854000,AAPL,145.14,152.65,144.91,0.089,0.0824,142.26,153.42,131.1,0.0348
2022-11-11,147.20166,147.50648,141.96062,143.38643,93979700,AAPL,144.99,152.61,145.0,0.0193,0.1033,142.83,153.76,131.9,0.0341
2022-11-14,145.80534,147.77197,144.96953,146.48383,73374100,AAPL,144.84,152.51,145.03,-0.0095,0.0928,143.13,154.04,132.22,0.0337
2022-11-15,147.53598,151.02673,146.08069,149.67961,89868300,AAPL,144.76,152.39,145.13,0.0119,0.1058,143.45,154.49,132.41,0.0337
2022-11-16,146.30684,147.36882,144.83188,146.64117,64218300,AAPL,144.62,152.27,145.17,-0.0083,0.0966,143.71,154.77,132.65,0.0338
2022-11-17,148.20465,148.95197,143.7109,143.98624,80389400,AAPL,144.56,152.15,145.29,0.013,0.1109,144.08,155.22,132.94,0.0339
2022-11-18,148.76515,150.15163,147.4672,149.76813,74829600,AAPL,144.44,152.05,145.43,0.0038,0.1151,144.29,155.63,132.95,0.0334
2022-11-21,145.53987,147.86049,145.25471,147.65399,58724100,AAPL,144.14,151.93,145.43,-0.0217,0.0909,144.23,155.53,132.93,0.0337
2022-11-22,147.67366,147.90967,144.4779,145.65788,51804100,AAPL,144.08,151.83,145.52,0.0147,0.1069,144.13,155.27,132.99,0.0335
2022-11-23,148.54883,149.29614,146.84769,146.95586,58301400,AAPL,144.0,151.72,145.64,0.0059,0.1135,144.23,155.49,132.97,0.0332
2022-11-25,145.63821,146.39537,144.66473,145.83487,35195900,AAPL,143.92,151.58,145.64,-0.0196,0.0916,144.41,155.65,133.17,0.0328
2022-11-28,141.81313,144.19273,140.98715,142.71777,69246000,AAPL,143.8,151.45,145.49,-0.0263,0.0629,143.85,154.4,133.3,0.0283
2022-11-29,138.81404,142.3933,138.00774,141.88197,83763800,AAPL,143.54,151.32,145.23,-0.0211,0.0405,143.27,153.55,132.99,0.0285
2022-11-30,145.55951,146.23799,138.20435,139.04015,111380900,AAPL,143.37,151.22,145.24,0.0486,0.0911,143.15,153.26,133.04,0.0305
2022-12-01,145.83484,146.64116,144.16321,145.73651,71250400,AAPL,143.27,151.1,145.26,0.0019,0.0931,143.32,153.5,133.14,0.0293
2022-12-02,145.34323,145.53006,143.21927,143.52411,65447400,AAPL,143.18,150.98,145.27,-0.0034,0.0894,143.77,153.43,134.11,0.0274
2022-12-05,144.18289,148.40129,143.33725,145.30386,68826400,AAPL,143.11,150.88,145.22,-0.008,0.0807,144.18,153.13,135.23,0.0275
2022-12-06,140.52498,144.84172,139.5515,144.61555,64727200,AAPL,142.96,150.76,145.04,-0.0254,0.0533,144.38,152.79,135.97,0.0282
2022-12-07,138.58786,140.9773,137.66354,139.817,69721100,AAPL,142.75,150.65,144.79,-0.0138,0.0387,144.45,152.62,136.28,0.0285
2022-12-08,140.26933,141.12482,138.74521,139.98418,62128300,AAPL,142.61,150.57,144.61,0.0121,0.0513,144.83,151.19,138.47,0.0274
2022-12-09,139.7875,143.1406,138.54852,139.9645,76097000,AAPL,142.61,150.47,144.42,-0.0034,0.0477,144.6,151.35,137.85,0.0185
2022-12-12,142.0786,142.08842,138.70584,140.31847,70462700,AAPL,142.74,150.38,144.33,0.0164,0.0649,144.34,151.06,137.62,0.0183
2022-12-13,143.04225,147.46715,141.83278,147.00499,93886200,AAPL,142.8,150.28,144.28,0.0068,0.0721,144.2,150.91,137.49,0.0183
2022-12-14,140.82,144.21243,138.80421,142.92429,82291200,AAPL,142.75,150.19,144.14,-0.0155,0.0555,143.87,150.55,137.19,0.0183
2022-12-15,134.22197,139.43352,133.75981,138.75504,98931900,AAPL,142.56,150.04,143.75,-0.0469,0.006,143.26,151.09,135.43,0.0209
2022-12-16,132.26518,135.35278,131.4982,134.40881,160156900,AAPL,142.35,149.89,143.3,-0.0146,-0.0087,142.47,151.36,133.58,0.0206
2022-12-19,130.16089,132.94366,129.12842,132.85516,79592600,AAPL,142.2,149.74,142.79,-0.0159,-0.0244,141.54,151.48,131.6,0.0206
2022-12-20,130.09207,131.02621,127.72229,129.19725,77432800,AAPL,142.05,149.61,142.29,-0.0005,-0.0249,140.76,151.74,129.78,0.0203
2022-12-21,133.18945,134.52676,130.53452,130.76068,85928000,AAPL,141.98,149.51,141.93,0.0238,-0.0017,140.04,151.01,129.07,0.0209
2022-12-22,130.02324,132.31436,128.12546,132.10786,77852100,AAPL,141.87,149.36,141.47,-0.0238,-0.0255,139.11,150.18,128.04,0.0211
2022-12-23,129.6594,130.21005,127.47644,128.73508,63814900,AAPL,141.65,149.23,141.0,-0.0028,-0.0282,138.31,149.7,126.92,0.0209
2022-12-27,127.85995,129.21692,126.571815,129.18742,69007800,AAPL,141.5,149.12,140.49,-0.0139,-0.0417,137.62,149.79,125.45,0.0204
2022-12-28,123.93652,128.84325,123.76936,127.50594,85438400,AAPL,141.18,149.0,139.84,-0.0307,-0.0711,136.87,150.47,123.27,0.0209
2022-12-29,127.44697,128.30244,125.59834,125.854004,75703700,AAPL,140.9,148.88,139.35,0.0283,-0.0448,135.97,149.55,122.39,0.0185
2022-12-30,127.76161,127.78128,125.303345,126.26699,77034200,AAPL,140.64,148.74,138.9,0.0025,-0.0424,135.06,148.27,121.85,0.0186
2023-01-03,122.98273,128.71542,122.09775,128.10577,112117500,AAPL,140.28,148.56,138.27,-0.0374,-0.0783,133.94,147.27,120.61,0.0198
2023-01-04,124.2512,126.51282,122.99256,124.772354,89113600,AAPL,139.87,148.38,137.72,0.0103,-0.0688,132.95,146.04,119.86,0.0202
2023-01-05,122.933556,125.637665,122.6779,125.00834,80962700,AAPL,139.4,148.19,137.14,-0.0106,-0.0786,132.07,145.38,118.76,0.0198
2023-01-06,127.45677,128.11559,122.80572,123.90703,87754700,AAPL,138.96,148.0,136.76,0.0368,-0.0447,131.51,144.6,118.42,0.0219
2023-01-09,127.97794,131.18355,127.72229,128.29262,70790800,AAPL,138.58,147.81,136.42,0.0041,-0.0408,130.9,143.4,118.4,0.0217
2023-01-10,128.54828,129.06943,125.981834,128.08612,63896200,AAPL,138.31,147.6,136.11,0.0045,-0.0365,130.34,142.14,118.54,0.0218
2023-01-11,131.26219,131.28185,128.28276,129.05957,69458900,AAPL,137.88,147.4,135.92,0.0211,-0.0162,129.79,140.24,119.34,0.022
2023-01-12,131.18353,132.01933,129.24641,131.64569,71379600,AAPL,137.49,147.19,135.74,-0.0006,-0.0168,129.2,137.64,120.76,0.0219
2023-01-13,132.51099,132.66832,129.46274,129.82655,57809700,AAPL,137.18,146.98,135.61,0.0101,-0.0068,128.79,135.45,122.13,0.0219
2023-01-17,133.67134,134.99881,131.89156,132.57986,63646600,AAPL,137.01,146.78,135.53,0.0088,0.0019,128.76,135.33,122.19,0.0194
2023-01-18,132.95349,136.29674,132.77649,134.53662,69672800,AAPL,136.94,146.59,135.43,-0.0054,-0.0035,128.79,135.45,122.13,0.0192
2023-01-19,133.01248,133.97612,131.53752,131.84235,58280400,AAPL,136.88,146.4,135.34,0.0004,-0.0031,128.94,135.84,122.04,0.0188
2023-01-20,135.56909,135.7166,131.98001,133.02232,80223600,AAPL,136.86,146.21,135.35,0.0192,0.016,129.21,136.71,121.71,0.0192
2023-01-23,138.75504,140.92816,135.5986,135.81493,81760300,AAPL,136.89,146.04,135.48,0.0235,0.0399,129.49,137.96,121.02,0.0192
2023-01-24,140.15132,140.77081,137.95854,137.96837,66435100,AAPL,137.04,145.9,135.66,0.0101,0.0504,129.99,139.71,120.27,0.0183
2023-01-25,139.49252,140.05301,136.49342,138.53871,65799300,AAPL,136.94,145.76,135.81,-0.0047,0.0455,130.49,141.1,119.88,0.0183
2023-01-26,141.55746,141.84262,139.53183,140.78064,54105100,AAPL,136.83,145.63,136.04,0.0148,0.061,131.17,142.78,119.56,0.018
2023-01-27,143.49458,144.77289,140.69215,140.77083,70555800,AAPL,136.79,145.54,136.33,0.0137,0.0755,132.15,144.47,119.83,0.0159
2023-01-30,140.61346,143.12091,140.46597,142.54076,64015300,AAPL,136.65,145.42,136.5,-0.0201,0.0539,132.81,145.48,120.14,0.0162
2023-01-31,141.88196,141.93112,139.9055,140.3185,65874500,AAPL,136.56,145.3,136.71,0.009,0.0634,133.51,146.56,120.46,0.0163
2023-02-01,143.00294,144.16325,138.96155,141.56732,77663600,AAPL,136.45,145.2,136.96,0.0079,0.0718,134.51,147.23,121.79,0.0128
2023-02-02,148.303,148.65697,145.6972,146.41502,118339000,AAPL,136.44,145.14,137.4,0.0371,0.1115,135.72,148.89,122.55,0.0144
2023-02-03,151.92157,154.75351,145.36288,145.55954,154357300,AAPL,136.57,145.08,137.97,0.0244,0.1386,137.17,150.79,123.55,0.014
2023-02-06,149.19775,150.5449,148.26361,150.02374,69858300,AAPL,136.6,145.0,138.41,-0.0179,0.1183,138.25,152.08,124.42,0.014
2023-02-07,152.06905,152.63937,148.12598,148.12598,83322600,AAPL,136.67,144.95,138.95,0.0192,0.1397,139.46,153.71,125.21,0.0141
2023-02-08,149.38461,152.00023,148.64713,151.3119,64120100,AAPL,136.75,144.9,139.36,-0.0177,0.1196,140.5,154.43,126.57,0.0153
2023-02-09,148.35213,151.7544,147.90964,151.21356,56007100,AAPL,136.88,144.85,139.71,-0.0069,0.1118,141.35,154.99,127.71,0.0153
2023-02-10,148.7165,149.0415,146.9537,147.19006,57450700,AAPL,137.08,144.83,140.06,0.0025,0.1146,142.23,155.36,129.1,0.0152
2023-02-13,151.51341,151.91718,148.6279,148.65744,62199000,AAPL,137.2,144.82,140.51,0.0188,0.1356,143.18,156.1,130.26,0.0155
2023-02-14,150.87328,151.43463,148.56882,149.80968,61707600,AAPL,137.3,144.77,140.92,-0.0042,0.1308,144.04,156.58,131.5,0.0157
2023-02-15,152.97093,153.13835,150.55815,150.78465,65573800,AAPL,137.45,144.76,141.39,0.0139,0.1465,145.04,157.04,133.04,0.0155
2023-02-16,151.37552,153.95572,151.02098,151.17854,68167900,AAPL,137.59,144.75,141.78,-0.0104,0.1346,145.96,156.84,135.08,0.0159
2023-02-17,150.23314,150.6763,148.55896,150.03618,59144100,AAPL,137.79,144.72,142.11,-0.0075,0.1261,146.69,156.55,136.83,0.0159
2023-02-21,146.22493,149.0021,146.156,147.91881,58867200,AAPL,137.94,144.64,142.27,-0.0267,0.096,147.07,156.2,137.94,0.0169
2023-02-22,146.6484,147.6726,144.92499,146.60901,51011300,AAPL,138.07,144.6,142.45,0.0029,0.0992,147.39,155.93,138.85,0.0168
2023-02-23,147.131,148.05672,145.00381,147.81052,48394200,AAPL,138.21,144.57,142.63,0.0033,0.1028,147.77,155.46,140.08,0.0167
2023-02-24,144.48183,144.95453,143.50685,144.87575,55469600,AAPL,138.26,144.54,142.7,-0.018,0.083,147.92,155.22,140.62,0.017
2023-02-27,145.67346,146.90448,145.2106,145.46666,44998500,AAPL,138.32,144.52,142.82,0.0082,0.0919,148.03,155.11,140.95,0.0169
2023-02-28,145.17117,146.81581,144.59998,144.81664,50547000,AAPL,138.4,144.52,142.91,-0.0034,0.0881,148.26,154.59,141.93,0.0162
2023-03-01,143.10309,144.99393,142.80765,144.6,55479000,AAPL,138.58,144.54,142.92,-0.0142,0.0727,148.32,154.41,142.23,0.0165
2023-03-02,143.69398,144.48184,141.71451,142.18723,52238100,AAPL,138.81,144.54,142.95,0.0041,0.0771,148.35,154.32,142.38,0.0164
2023-03-03,148.73625,148.81503,145.09245,145.79166,70732300,AAPL,139.18,144.57,143.18,0.0351,0.1149,148.37,154.34,142.4,0.0162
2023-03-06,151.49368,153.92618,151.1293,151.45428,87558000,AAPL,139.61,144.59,143.5,0.0185,0.1355,148.35,154.27,142.43,0.0157
2023-03-07,149.29756,151.69064,148.8347,151.36566,56182000,AAPL,139.93,144.65,143.73,-0.0145,0.1191,148.36,154.28,142.44,0.0156
2023-03-08,150.54828,151.13918,149.52408,150.4892,47204800,AAPL,140.34,144.73,144.0,0.0084,0.1285,148.28,154.04,142.52,0.015
2023-03-09,148.3029,152.1929,147.94836,151.2278,53833600,AAPL,140.71,144.8,144.17,-0.0149,0.1116,148.23,153.97,142.49,0.0149
2023-03-10,146.24466,148.6476,145.36818,147.9287,68572400,AAPL,141.08,144.83,144.25,-0.0139,0.0962,148.12,153.92,142.32,0.0151
2023-03-13,148.18472,150.81416,145.45679,145.56512,84457100,AAPL,141.57,144.88,144.4,0.0133,0.1108,148.1,153.9,142.3,0.0154
2023-03-14,150.27257,151.07027,147.82039,148.98247,73695900,AAPL,142.02,144.94,144.63,0.0141,0.1264,148.03,153.7,142.36,0.0152
2023-03-15,150.66647,150.92252,147.6431,148.89381,77167900,AAPL,142.48,144.99,144.87,0.0026,0.1294,148.02,153.67,142.37,0.0152
2023-03-16,153.48302,154.08376,149.33694,149.84906,76161100,AAPL,143.09,145.02,145.21,0.0187,0.1505,148.05,153.8,142.3,0.0154
2023-03-17,152.64592,154.3595,151.93686,153.70952,98944600,AAPL,143.66,145.06,145.5,-0.0055,0.1441,148.11,154.04,142.18,0.0153
2023-03-20,155.00946,155.4231,151.80882,152.71486,73641400,AAPL,144.3,145.1,145.87,0.0155,0.1619,148.35,154.98,141.72,0.0155
2023-03-21,156.86095,156.97913,154.16255,154.93073,73938300,AAPL,144.89,145.15,146.3,0.0119,0.1757,148.88,156.43,141.33,0.0141
2023-03-22,155.43294,159.67747,155.41324,156.88062,75701800,AAPL,145.44,145.21,146.66,-0.0091,0.165,149.32,157.33,141.31,0.0144
2023-03-23,156.51624,159.09645,155.28522,156.41777,67622100,AAPL,146.0,145.28,147.05,0.007,0.1732,149.79,158.34,141.24,0.0144
2023-03-24,157.8162,157.90482,155.45265,156.44731,59196500,AAPL,146.53,145.34,147.47,0.0083,0.1829,150.46,159.34,141.58,0.0136
2023-03-27,155.87611,158.32831,155.47234,157.51091,52390300,AAPL,147.02,145.39,147.8,-0.0123,0.1684,150.97,159.87,142.07,0.0141
2023-03-28,155.25568,156.08293,153.61104,155.57082,45992200,AAPL,147.48,145.47,148.09,-0.004,0.1637,151.47,160.13,142.81,0.0141
2023-03-29,158.32831,158.60405,156.92987,156.94955,51305700,AAPL,147.97,145.59,148.49,0.0198,0.1867,152.23,160.45,144.01,0.0139
2023-03-30,159.89417,160.0025,158.82072,159.07677,49501700,AAPL,148.51,145.74,148.94,0.0099,0.1985,153.04,160.91,145.17,0.0139
2023-03-31,162.39555,162.49403,159.45097,159.97293,68749800,AAPL,149.1,145.9,149.47,0.0156,0.2172,153.73,162.36,145.1,0.0123
2023-04-03,163.64629,163.76447,161.7259,161.77515,56976200,AAPL,149.66,146.06,150.02,0.0077,0.2265,154.33,163.95,144.71,0.0119
2023-04-04,163.11449,164.3061,162.60239,164.06976,46278300,AAPL,150.15,146.24,150.54,-0.0032,0.2226,155.02,165.09,144.95,0.0112
2023-04-05,161.27286,162.54327,159.34264,162.23799,51511700,AAPL,150.57,146.4,150.96,-0.0113,0.2088,155.56,165.77,145.35,0.0117
2023-04-06,162.15921,162.45465,159.53961,159.96307,45390100,AAPL,151.02,146.54,151.4,0.0055,0.2154,156.25,166.26,146.24,0.0109
2023-04-10,159.56914,159.56914,157.64876,158.9684,47716900,AAPL,151.38,146.68,151.72,-0.016,0.196,156.92,165.84,148.0,0.0111
2023-04-11,158.35786,159.89417,158.07227,159.88432,47644200,AAPL,151.68,146.79,151.98,-0.0076,0.1869,157.43,165.36,149.5,0.0112
2023-04-12,157.66849,159.59871,157.35335,158.77147,50133100,AAPL,152.02,146.88,152.2,-0.0044,0.1817,157.8,164.98,150.62,0.011
2023-04-13,163.04553,163.28189,158.96841,159.17523,68445600,AAPL,152.44,147.0,152.63,0.0341,0.222,158.42,165.13,151.71,0.0131
2023-04-14,162.70084,163.79398,161.33195,162.09024,49386500,AAPL,152.84,147.14,153.02,-0.0021,0.2194,158.88,165.43,152.33,0.0127
2023-04-17,162.72055,162.87813,161.53877,162.58267,41516200,AAPL,153.13,147.28,153.4,0.0001,0.2195,159.38,165.44,153.32,0.0126
2023-04-18,163.94171,164.86743,163.13416,163.57733,49923000,AAPL,153.37,147.43,153.82,0.0075,0.2287,159.83,165.85,153.81,0.0123
2023-04-19,165.08412,165.60606,163.02585,163.2819,47720200,AAPL,153.68,147.57,154.26,0.007,0.2373,160.24,166.52,153.96,0.0121
2023-04-20,164.11897,165.32045,163.04553,163.56747,52456400,AAPL,153.92,147.7,154.64,-0.0058,0.2301,160.67,166.75,154.59,0.012
2023-04-21,162.51375,163.92203,161.9918,162.54329,58337300,AAPL,154.19,147.81,154.95,-0.0098,0.2181,160.97,166.78,155.16,0.0123
2023-04-24,162.81906,163.08496,161.40092,162.49406,41949600,AAPL,154.48,147.91,155.26,0.0019,0.2204,161.22,166.88,155.56,0.0122
2023-04-25,161.28276,163.78418,161.24336,162.6812,48714100,AAPL,154.73,147.99,155.5,-0.0094,0.2089,161.49,166.56,156.42,0.012
2023-04-26,161.27286,162.76978,160.32745,160.5835,45498800,AAPL,154.92,148.09,155.72,-0.0001,0.2088,161.8,165.94,157.66,0.0119
2023-04-27,165.85225,165.99997,162.68115,162.68115,64902300,AAPL,155.22,148.2,156.12,0.0284,0.2431,162.17,166.35,157.99,0.0127
2023-04-28,167.10295,167.27039,165.3303,165.93103,55275900,AAPL,155.5,148.32,156.55,0.0075,0.2524,162.53,167.11,157.95,0.0127
2023-05-01,167.01434,167.86128,166.07878,166.70906,52472900,AAPL,155.82,148.43,156.96,-0.0005,0.2518,162.76,167.76,157.76,0.0123
2023-05-02,165.9803,167.76282,164.99548,167.50676,48425700,AAPL,156.13,148.53,157.32,-0.0062,0.244,162.88,168.07,157.69,0.0123
2023-05-03,164.90681,168.32411,164.62123,166.92569,65136000,AAPL,156.51,148.63,157.61,-0.0065,0.236,162.97,168.24,157.7,0.0124
2023-05-04,163.27205,164.50307,161.81453,162.38573,81235400,AAPL,156.84,148.71,157.84,-0.0099,0.2237,163.07,168.28,157.86,0.0123
2023-05-05,170.93391,171.65282,168.16658,168.38324,113453200,AAPL,157.31,148.81,158.35,0.0469,0.2811,163.51,169.77,157.25,0.0161
2023-05-08,170.86496,171.20966,169.49608,169.86044,55962800,AAPL,157.84,148.9,158.84,-0.0004,0.2806,164.07,170.85,157.29,0.0155
2023-05-09,169.16125,170.90436,168.99384,170.42181,45326900,AAPL,158.31,148.99,159.24,-0.01,0.2678,164.61,171.19,158.03,0.0156
2023-05-10,170.92406,171.38692,169.28926,170.39226,53724500,AAPL,158.83,149.1,159.7,0.0104,0.281,165.28,171.58,158.98,0.0156
2023-05-11,171.11116,171.9384,169.55516,171.20964,49514700,AAPL,159.39,149.21,160.15,0.0011,0.2824,165.68,172.4,158.96,0.0139
2023-05-12,170.18414,171.65353,168.63585,171.21962,45533100,AAPL,159.92,149.29,160.54,-0.0054,0.2755,166.05,172.9,159.2,0.014
2023-05-15,169.69107,170.8153,169.09937,170.76599,37266700,AAPL,160.34,149.37,160.9,-0.0029,0.2718,166.4,173.25,159.55,0.014
2023-05-16,169.69107,170.74628,169.4248,169.61217,42110300,AAPL,160.7,149.42,161.25,0.0,0.2718,166.69,173.58,159.8,0.0139
2023-05-17,170.30249,170.53917,168.06387,169.33604,57951600,AAPL,161.12,149.48,161.6,0.0036,0.2763,166.95,173.98,159.92,0.0139
2023-05-18,172.62988,172.81726,170.19403,170.60822,65496700,AAPL,161.56,149.56,162.03,0.0137,0.2938,167.38,174.71,160.05,0.014
2023-05-19,172.73837,173.95137,172.52141,173.95137,55809500,AAPL,162.05,149.61,162.45,0.0006,0.2946,167.89,175.22,160.56,0.0137
2023-05-22,171.79161,172.29457,171.05199,171.57465,43570900,AAPL,162.56,149.66,162.82,-0.0055,0.2875,168.34,175.46,161.22,0.0139
2023-05-23,169.18814,170.98299,168.91202,170.73643,50747300,AAPL,162.98,149.69,163.07,-0.0152,0.2679,168.73,175.04,162.42,0.0142
2023-05-24,169.46425,170.03622,168.1625,168.72462,45143500,AAPL,163.37,149.73,163.32,0.0016,0.2699,169.14,174.38,163.9,0.0142
2023-05-25,170.59836,171.49576,169.31633,170.02638,56058300,AAPL,163.76,149.77,163.61,0.0067,0.2784,169.38,174.42,164.34,0.0129
2023-05-26,173.00461,173.33992,170.71669,170.9238,54835000,AAPL,164.15,149.81,163.97,0.0141,0.2965,169.67,174.84,164.5,0.0131
2023-05-30,174.84877,176.51541,174.12886,174.51347,55964400,AAPL,164.6,149.85,164.4,0.0107,0.3103,170.06,175.56,164.56,0.0133
2023-05-31,174.79945,176.87042,174.31622,174.87836,99625300,AAPL,164.99,149.88,164.81,-0.0003,0.31,170.51,176.04,164.98,0.0131
2023-06-01,177.60019,177.62978,174.48387,175.24323,68901800,AAPL,165.41,149.92,165.31,0.016,0.3309,171.14,176.88,165.4,0.0133
2023-06-02,178.44829,179.26682,176.78165,178.52719,61996900,AAPL,165.87,149.96,165.83,0.0048,0.3373,171.9,177.26,166.54,0.0129
2023-06-05,177.09723,182.39297,175.5785,180.10507,121946500,AAPL,166.28,149.99,166.27,-0.0076,0.3271,172.21,178.02,166.4,0.0084
2023-06-06,176.73238,177.62979,174.97697,177.48186,64848400,AAPL,166.66,150.02,166.68,-0.0021,0.3244,172.5,178.61,166.39,0.0084
2023-06-07,175.36157,178.7047,174.86848,175.97299,61944600,AAPL,167.05,150.06,167.02,-0.0078,0.314,172.81,178.84,166.78,0.0083
2023-06-08,178.07358,178.33983,175.00658,175.44048,50214900,AAPL,167.51,150.12,167.45,0.0155,0.3344,173.17,179.56,166.78,0.0086
2023-06-09,178.45815,179.71057,178.1327,178.99068,48900000,AAPL,167.91,150.2,167.88,0.0022,0.3373,173.54,180.27,166.81,0.0086
2023-06-12,181.24905,181.34767,178.46805,178.7639,54274900,AAPL,168.34,150.28,168.41,0.0156,0.3582,174.09,181.45,166.73,0.0089
2023-06-13,180.77565,181.60403,179.91768,180.2727,54929100,AAPL,168.7,150.35,168.89,-0.0026,0.3547,174.64,182.27,167.01,0.0089
2023-06-14,181.40681,181.84073,179.50351,180.83484,57462900,AAPL,169.06,150.45,169.38,0.0035,0.3594,175.23,183.06,167.4,0.0089
2023-06-15,183.43834,183.9413,181.23918,181.41669,65433200,AAPL,169.46,150.58,169.93,0.0112,0.3746,175.89,184.17,167.61,0.0091
2023-06-16,182.36342,184.4048,181.72241,184.14839,101256200,AAPL,169.89,150.71,170.42,-0.0059,0.3665,176.37,184.98,167.76,0.009
2023-06-20,182.45216,183.5271,181.86047,181.86047,49799100,AAPL,170.29,150.85,170.89,0.0005,0.3672,176.86,185.7,168.02,0.009
2023-06-21,181.41672,182.84666,180.06564,182.3437,49515700,AAPL,170.73,150.98,171.31,-0.0057,0.3594,177.34,186.07,168.61,0.009
2023-06-22,184.41466,184.46397,181.13069,181.19974,51245300,AAPL,171.25,151.14,171.82,0.0165,0.3818,178.1,186.48,169.72,0.0085
2023-06-23,184.09909,184.96693,182.45218,182.98473,53117000,AAPL,171.78,151.3,172.3,-0.0017,0.3795,178.83,186.57,171.09,0.0085
2023-06-26,182.70859,185.45015,182.66913,184.24702,48088700,AAPL,172.17,151.45,172.71,-0.0076,0.369,179.44,186.31,172.57,0.0089
2023-06-27,185.46002,185.78546,183.10306,183.32002,50730800,AAPL,172.63,151.62,173.21,0.0151,0.3897,180.06,186.73,173.39,0.009
2023-06-28,186.63356,187.27457,185.00638,185.3318,51216800,AAPL,173.11,151.78,173.74,0.0063,0.3984,180.65,187.46,173.84,0.0088
2023-06-29,186.96887,187.44225,186.32787,186.46593,46347300,AAPL,173.57,151.91,174.26,0.0018,0.4009,181.26,188.05,174.47,0.0088
2023-06-30,191.28827,191.79121,188.61572,188.98062,85213200,AAPL,174.09,152.11,174.92,0.0231,0.4333,181.94,189.84,174.04,0.0095
2023-07-03,189.79918,191.19954,189.10884,191.10092,31458200,AAPL,174.6,152.3,175.51,-0.0078,0.4221,182.51,190.97,174.05,0.0098
2023-07-05,188.6848,190.31198,187.9846,188.9215,46920300,AAPL,175.13,152.5,176.02,-0.0059,0.4137,183.09,191.57,174.61,0.0097
2023-07-06,189.15813,189.36523,186.58421,187.21536,45094300,AAPL,175.65,152.7,176.54,0.0025,0.4173,183.71,192.05,175.37,0.0096
2023-07-07,188.04378,190.00627,187.60988,188.7637,46815000,AAPL,176.19,152.88,176.99,-0.0059,0.4089,184.34,191.9,176.78,0.0095
2023-07-10,186.0024,187.36333,184.4541,186.6434,59922200,AAPL,176.68,153.04,177.34,-0.0109,0.3935,184.74,191.73,177.75,0.0096
2023-07-11,185.47972,186.68286,184.02019,186.54478,46638100,AAPL,177.08,153.22,177.66,-0.0028,0.3896,185.09,191.42,178.76,0.0097
2023-07-12,187.14636,189.04967,185.86433,187.0576,60750200,AAPL,177.48,153.4,178.03,0.009,0.4022,185.39,191.51,179.27,0.0093
2023-07-13,187.90569,188.5467,187.1562,187.86624,41342300,AAPL,177.9,153.6,178.42,0.0041,0.4079,185.74,191.56,179.92,0.0093
2023-07-14,188.05362,188.53683,187.00827,187.59998,41616200,AAPL,178.34,153.8,178.8,0.0008,0.409,186.08,191.61,180.55,0.0092
2023-07-17,191.30804,191.63348,189.15817,189.24693,50520200,AAPL,178.86,154.02,179.29,0.0173,0.4334,186.47,192.32,180.62,0.0097
2023-07-18,191.0516,191.64331,189.75972,190.67686,48288200,AAPL,179.42,154.24,179.75,-0.0013,0.4315,186.9,192.75,181.05,0.0095
2023-07-19,192.40266,195.48938,189.98653,190.43031,80507300,AAPL,179.85,154.5,180.25,0.0071,0.4417,187.4,193.35,181.45,0.0096
2023-07-20,190.45992,193.75374,189.83862,192.3928,59581200,AAPL,180.24,154.77,180.65,-0.0101,0.4271,187.85,193.23,182.47,0.0098
2023-07-21,189.28635,192.27446,188.58615,191.41649,71951700,AAPL,180.64,155.02,180.99,-0.0062,0.4183,188.1,193.26,182.94,0.0094
2023-07-24,190.08516,192.2153,189.59207,190.73604,45377800,AAPL,181.03,155.25,181.34,0.0042,0.4243,188.4,193.27,183.53,0.0094
2023-07-25,190.94313,191.7518,190.2528,190.65715,37283200,AAPL,181.42,155.49,181.72,0.0045,0.4307,188.81,193.01,184.61,0.0092
2023-07-26,191.81096,192.9352,190.64728,190.99243,47471900,AAPL,181.86,155.73,182.12,0.0045,0.4371,189.13,193.22,185.04,0.0087
2023-07-27,190.54865,194.47362,189.88791,193.30994,47460200,AAPL,182.27,156.0,182.45,-0.0066,0.4276,189.32,193.28,185.36,0.0088
2023-07-28,193.12257,193.91151,191.45593,191.9786,48291400,AAPL,182.74,156.28,182.86,0.0135,0.4469,189.63,193.77,185.49,0.0092
2023-07-31,193.734,193.77345,192.56044,193.34938,38824100,AAPL,183.21,156.56,183.29,0.0032,0.4515,189.75,194.23,185.27,0.0077
2023-08-01,192.90561,194.01012,192.58017,193.5269,35175100,AAPL,183.62,156.85,183.67,-0.0043,0.4453,189.91,194.61,185.21,0.0076
2023-08-02,189.91751,192.48155,189.1976,192.34349,50389300,AAPL,183.96,157.09,183.91,-0.0155,0.4229,189.97,194.63,185.31,0.0083
2023-08-03,188.52701,189.71042,188.05365,188.9215,61235200,AAPL,184.29,157.36,184.09,-0.0073,0.4125,189.94,194.63,185.25,0.0085
2023-08-04,179.47389,184.78937,179.40485,182.9551,115956800,AAPL,184.5,157.56,183.91,-0.048,0.3447,189.51,196.11,182.91,0.0136
2023-08-07,176.37729,180.59811,174.89803,179.61194,97576100,AAPL,184.64,157.73,183.62,-0.0173,0.3214,189.03,197.76,180.3,0.0139
2023-08-08,177.31422,177.77773,175.12491,177.20575,67823000,AAPL,184.77,157.91,183.37,0.0053,0.3284,188.62,198.71,178.53,0.014
2023-08-09,175.72646,178.42856,174.56276,178.3694,60378500,AAPL,184.83,158.09,183.07,-0.009,0.3165,188.05,199.67,176.43,0.0138
2023-08-10,175.50952,178.25108,175.14464,176.99864,54686900,AAPL,184.84,158.24,182.77,-0.0012,0.3149,187.43,200.33,174.53,0.0137
2023-08-11,175.56873,176.38835,174.34422,175.10461,52036700,AAPL,184.86,158.39,182.49,0.0003,0.3153,186.8,200.74,172.86,0.0137
2023-08-14,177.21786,177.44499,175.09471,175.74648,43675600,AAPL,184.85,158.53,182.28,0.0094,0.3277,186.1,200.5,171.7,0.0132
2023-08-15,175.233,177.23764,174.83801,176.64514,43622600,AAPL,184.78,158.67,182.01,-0.0112,0.3128,185.31,200.29,170.33,0.0133
2023-08-16,174.364,176.30937,174.29486,174.91699,46964900,AAPL,184.73,158.83,181.71,-0.005,0.3062,184.41,199.76,169.06,0.013
2023-08-17,171.82608,175.29222,171.31258,174.92685,66062900,AAPL,184.63,158.92,181.32,-0.0146,0.2871,183.47,199.52,167.42,0.0132
2023-08-18,172.30997,172.91235,169.81158,170.14732,61172200,AAPL,184.57,159.03,180.97,0.0028,0.2908,182.63,199.17,166.09,0.0133
2023-08-21,173.64311,173.9295,171.56935,172.88274,46311900,AAPL,184.48,159.16,180.68,0.0077,0.3007,181.8,198.41,165.19,0.0134
2023-08-22,175.01575,175.46013,174.04799,174.84787,42038900,AAPL,184.41,159.33,180.46,0.0079,0.311,181.01,197.3,164.72,0.0136
2023-08-23,178.85713,179.28177,176.10199,176.28963,52722800,AAPL,184.36,159.54,180.4,0.0219,0.3397,180.36,195.86,164.86,0.0147
2023-08-24,174.17635,178.83737,173.81096,178.41273,54945800,AAPL,184.23,159.73,180.15,-0.0262,0.3046,179.54,194.49,164.59,0.0155
2023-08-25,176.3785,176.91174,173.62335,175.16386,51449600,AAPL,184.13,159.93,180.0,0.0126,0.321,178.7,192.26,165.14,0.0155
2023-08-28,177.93877,178.33376,176.31926,177.84001,43820700,AAPL,184.02,160.13,179.92,0.0088,0.3326,177.91,189.47,166.35,0.0157
2023-08-29,181.81964,182.58989,177.25737,177.45486,53003900,AAPL,184.01,160.38,180.0,0.0218,0.3617,177.36,186.76,167.96,0.0167
2023-08-30,185.30556,185.50307,182.43193,182.62943,60813900,AAPL,184.07,160.58,180.21,0.0192,0.3878,177.13,185.39,168.87,0.0171
2023-08-31,185.5228,186.75719,185.13766,185.49318,60794500,AAPL,184.15,160.77,180.41,0.0012,0.3895,176.98,184.44,169.52,0.0171
2023-09-01,187.09296,187.5472,185.92769,187.12257,45766500,AAPL,184.2,160.98,180.68,0.0085,0.4013,177.36,186.03,168.69,0.013
2023-09-05,187.32996,187.60646,185.26607,185.9277,45280000,AAPL,184.27,161.18,180.94,0.0013,0.4031,177.91,187.64,168.18,0.0122
2023-09-06,180.6248,186.49059,179.20279,186.0462,81755800,AAPL,184.23,161.35,180.92,-0.0358,0.3529,178.07,187.87,168.27,0.0149
2023-09-07,175.34161,175.9835,171.37184,172.99135,112488800,AAPL,184.02,161.49,180.71,-0.0292,0.3134,178.05,187.87,168.23,0.0163
2023-09-08,175.95384,177.98811,175.56871,176.12173,65551300,AAPL,183.81,161.62,180.52,0.0035,0.318,178.08,187.88,168.28,0.0163
2023-09-11,177.11913,178.04738,175.12436,177.82027,58953100,AAPL,183.61,161.78,180.39,0.0066,0.3267,178.15,187.89,168.41,0.0164
2023-09-12,174.09737,177.87952,172.63586,177.24751,90370200,AAPL,183.27,161.91,180.14,-0.0171,0.304,178.0,187.9,168.1,0.0167
2023-09-13,172.03348,175.08487,171.80634,174.30473,84267900,AAPL,182.91,162.03,179.82,-0.0119,0.2885,177.84,188.03,167.65,0.0167
2023-09-14,173.54436,173.89986,171.41135,171.8261,60895800,AAPL,182.61,162.17,179.58,0.0088,0.2998,177.8,188.05,167.55,0.0168
2023-09-15,172.82346,174.29485,171.64833,174.27509,109259500,AAPL,182.29,162.32,179.31,-0.0042,0.2944,177.85,187.99,167.71,0.0165
2023-09-18,175.74652,177.13892,173.96901,174.27513,67257600,AAPL,182.04,162.51,179.17,0.0169,0.3162,178.02,187.88,168.16,0.0169
2023-09-19,176.83276,177.38576,174.91699,175.30212,51826900,AAPL,181.86,162.66,179.08,0.0062,0.3244,178.18,187.84,168.52,0.0169
2023-09-20,173.29747,177.45486,173.20859,177.02036,58436200,AAPL,181.61,162.8,178.85,-0.02,0.2979,178.09,187.9,168.28,0.0174
2023-09-21,171.75696,174.09735,171.68784,172.36922,63149100,AAPL,181.3,162.93,178.57,-0.0089,0.2864,177.74,187.94,167.54,0.0167
2023-09-22,172.60622,174.86761,171.87547,172.48772,56725400,AAPL,181.0,163.08,178.34,0.0049,0.2927,177.66,188.0,167.32,0.0157
2023-09-25,173.8801,174.75897,171.9742,172.02357,46172700,AAPL,180.72,163.24,178.16,0.0074,0.3022,177.53,187.99,167.07,0.0155
2023-09-26,169.8116,173.01111,169.51535,172.63586,64588900,AAPL,180.29,163.4,177.84,-0.0234,0.2718,177.13,188.14,166.12,0.0162
2023-09-27,168.3007,170.8781,166.93796,170.46335,66921800,AAPL,179.83,163.54,177.46,-0.0089,0.2604,176.45,187.9,165.0,0.0152
2023-09-28,168.55743,169.88069,165.52579,167.22429,56294400,AAPL,179.35,163.68,177.11,0.0015,0.2623,175.61,186.78,164.44,0.0143
2023-09-29,169.07095,170.90771,168.2118,169.87083,51861100,AAPL,178.93,163.82,176.8,0.003,0.2661,174.79,185.29,164.29,0.0143
2023-10-02,171.57922,172.12236,168.79445,169.08084,52164500,AAPL,178.57,163.96,176.59,0.0148,0.2849,174.02,182.85,165.19,0.0147
2023-10-03,170.24608,171.46072,168.68584,170.10783,49594600,AAPL,178.17,164.11,176.35,-0.0078,0.2748,173.16,179.54,166.78,0.0147
2023-10-04,171.49034,172.03348,168.83395,168.95244,53020300,AAPL,177.79,164.29,176.15,0.0073,0.2841,172.7,178.05,167.35,0.0129
2023-10-05,172.72473,173.25798,170.52258,171.61871,48527900,AAPL,177.4,164.5,176.02,0.0072,0.2934,172.57,177.78,167.36,0.0114
2023-10-06,175.2725,175.76627,171.01634,171.6286,57266700,AAPL,177.1,164.72,175.99,0.0148,0.3125,172.54,177.66,167.42,0.0119
2023-10-09,176.75375,176.813,173.6036,174.60098,42390800,AAPL,176.77,164.96,176.02,0.0085,0.3237,172.52,177.57,167.47,0.012
2023-10-10,176.16125,177.47464,175.72675,175.87488,43698000,AAPL,176.42,165.17,176.03,-0.0034,0.3192,172.62,177.89,167.35,0.0113
2023-10-11,177.55367,177.60304,175.38115,175.97365,47551100,AAPL,176.11,165.41,176.09,0.0079,0.3296,172.9,178.6,167.2,0.011
2023-10-12,178.45227,180.06189,176.80312,177.82027,56743100,AAPL,175.88,165.65,176.18,0.0051,0.3364,173.15,179.37,166.93,0.0109
2023-10-13,176.61548,179.65698,175.91434,179.15337,51427100,AAPL,175.64,165.9,176.2,-0.0103,0.3226,173.34,179.74,166.94,0.0112
2023-10-16,176.48714,176.84264,174.30475,174.54175,52517000,AAPL,175.59,166.16,176.21,-0.0007,0.3217,173.37,179.84,166.9,0.0106
2023-10-17,174.93672,176.19086,172.61609,174.44296,57549400,AAPL,175.56,166.4,176.16,-0.0088,0.3101,173.28,179.59,166.97,0.0106
2023-10-18,173.64311,175.36137,172.92224,173.38637,54764400,AAPL,175.48,166.63,176.06,-0.0074,0.3004,173.3,179.61,166.99,0.0098
2023-10-19,173.26785,175.6181,173.00122,173.84059,59302900,AAPL,175.43,166.88,175.95,-0.0022,0.2975,173.37,179.64,167.1,0.0095
2023-10-20,170.7201,173.22835,170.4831,173.11972,64244000,AAPL,175.34,167.11,175.74,-0.0147,0.2784,173.28,179.65,166.91,0.0101
2023-10-23,170.83858,171.83595,167.80693,168.77469,55980100,AAPL,175.24,167.35,175.55,0.0007,0.2793,173.12,179.58,166.66,0.0099
2023-10-24,171.2731,171.50023,169.30795,170.88797,43816600,AAPL,175.12,167.57,175.38,0.0025,0.2825,173.2,179.53,166.87,0.0084
2023-10-25,168.96234,170.89784,168.51794,169.73259,57157000,AAPL,175.0,167.77,175.13,-0.0135,0.2652,173.23,179.46,167.0,0.0087
2023-10-26,164.80492,169.23883,163.60016,168.24144,70625300,AAPL,174.81,167.95,174.73,-0.0246,0.2341,173.04,180.04,166.04,0.0103
2023-10-27,166.11829,166.84904,164.74565,164.82466,58499100,AAPL,174.69,168.13,174.39,0.008,0.244,172.9,180.36,165.44,0.0105
2023-10-30,168.16246,169.03146,166.76021,166.90834,51131000,AAPL,174.61,168.31,174.15,0.0123,0.2593,172.72,180.46,164.98,0.0103
2023-10-31,168.63644,168.76482,165.80229,167.23419,44846000,AAPL,174.51,168.49,173.93,0.0028,0.2628,172.64,180.52,164.76,0.0102
2023-11-01,171.79648,172.05322,167.99457,168.86359,56934900,AAPL,174.45,168.68,173.85,0.0187,0.2864,172.66,180.53,164.79,0.0109
2023-11-02,175.35153,175.5589,173.2679,173.32713,77334800,AAPL,174.38,168.9,173.91,0.0207,0.313,172.79,180.76,164.82,0.0118
2023-11-03,174.44298,174.61087,171.18422,172.0631,79829200,AAPL,174.38,169.1,173.93,-0.0052,0.3062,172.75,180.67,164.83,0.0114
2023-11-06,176.99074,177.18823,174.00848,174.17636,63841300,AAPL,174.39,169.31,174.05,0.0146,0.3253,172.76,180.71,164.81,0.0117
2023-11-07,179.54842,180.16066,176.73402,176.94139,70530000,AAPL,174.43,169.51,174.26,0.0145,0.3445,172.93,181.31,164.55,0.0121
2023-11-08,180.60503,181.15802,179.32126,180.07178,49340300,AAPL,174.4,169.72,174.51,0.0059,0.3524,173.08,181.92,164.24,0.012
2023-11-09,180.13101,181.81964,179.5385,180.67415,53763500,AAPL,174.3,169.92,174.73,-0.0026,0.3489,173.17,182.25,164.09,0.012
2023-11-10,184.3137,184.48181,181.47583,181.9109,66133400,AAPL,174.27,170.13,175.11,0.0232,0.3802,173.55,183.82,163.28,0.0127
2023-11-13,182.73161,183.94785,182.14822,183.7402,43627500,AAPL,174.19,170.33,175.41,-0.0086,0.3683,173.86,184.86,162.86,0.013
2023-11-14,185.34206,186.00456,184.21481,185.59914,60108400,AAPL,174.15,170.55,175.8,0.0143,0.3879,174.38,186.52,162.24,0.013
2023-11-15,185.90564,187.37897,185.67822,185.74744,53790500,AAPL,174.25,170.77,176.19,0.003,0.3921,175.0,188.18,161.82,0.0128
2023-11-16,187.58664,188.82265,186.5385,187.44821,54412900,AAPL,174.5,171.0,176.64,0.009,0.4046,175.71,190.0,161.42,0.0127
2023-11-17,187.56686,188.24915,186.45941,188.12059,50922700,AAPL,174.73,171.19,177.07,-0.0001,0.4045,176.56,191.58,161.54,0.012
2023-11-20,189.30717,189.76204,187.75476,187.76463,46505100,AAPL,174.97,171.38,177.55,0.0093,0.4175,177.48,193.27,161.69,0.012
2023-11-21,188.50623,189.37637,187.6163,189.26761,38134500,AAPL,175.26,171.58,177.98,-0.0042,0.4116,178.34,194.58,162.1,0.0122
2023-11-22,189.16873,190.7706,188.6941,189.34673,39617700,AAPL,175.6,171.76,178.42,0.0035,0.4165,179.35,195.64,163.06,0.0114
2023-11-24,187.84373,188.76332,187.13179,188.73366,24048300,AAPL,175.89,171.95,178.79,-0.007,0.4066,180.5,195.68,165.32,0.0094
2023-11-27,187.66573,188.53587,186.78569,187.79428,40552600,AAPL,176.19,172.15,179.13,-0.0009,0.4053,181.58,195.47,167.69,0.0096
2023-11-28,188.26892,188.94131,187.28012,187.65587,38415400,AAPL,176.44,172.35,179.49,0.0032,0.4098,182.59,195.25,169.93,0.0095
2023-11-29,187.25044,189.94,186.85492,188.76332,43014200,AAPL,176.65,172.53,179.8,-0.0054,0.4022,183.52,194.48,172.56,0.0098
2023-11-30,187.82393,188.1898,186.08363,187.71516,48794400,AAPL,176.94,172.71,180.11,0.0031,0.4066,184.32,193.93,174.71,0.0093
2023-12-01,189.09952,189.41592,187.112,188.1997,45704800,AAPL,177.28,172.89,180.46,0.0068,0.4161,185.0,193.85,176.15,0.0085
2023-12-04,187.30975,187.92282,185.35191,187.8536,43389500,AAPL,177.58,173.07,180.73,-0.0095,0.4027,185.65,193.01,178.29,0.0088
2023-12-05,191.2551,192.22412,188.05136,188.08104,66628400,AAPL,177.93,173.28,181.14,0.0211,0.4323,186.36,192.91,179.81,0.0093
2023-12-06,190.16742,192.5801,189.95976,192.27357,41089700,AAPL,178.33,173.5,181.5,-0.0057,0.4241,186.89,192.81,180.97,0.0092
2023-12-07,192.09561,192.81744,191.42322,191.46277,47477700,AAPL,178.81,173.72,181.91,0.0101,0.4385,187.47,193.04,181.9,0.0093
2023-12-08,193.51945,193.79633,191.50227,192.02635,53406400,AAPL,179.31,173.96,182.37,0.0074,0.4491,188.14,193.19,183.09,0.0093
2023-12-11,191.01779,191.32434,189.2775,190.94858,60943700,AAPL,179.75,174.19,182.71,-0.0129,0.4304,188.47,193.34,183.6,0.0087
2023-12-12,192.53065,192.54054,189.57411,190.9189,52696900,AAPL,180.17,174.42,183.09,0.0079,0.4417,188.96,193.34,184.58,0.0085
2023-12-13,195.7443,195.78384,192.6691,192.9064,70404200,AAPL,180.68,174.68,183.59,0.0167,0.4658,189.48,194.48,184.48,0.0087
2023-12-14,195.89262,197.38571,193.96445,195.80363,66831600,AAPL,181.16,174.94,184.07,0.0008,0.467,189.98,195.45,184.51,0.0087
2023-12-15,195.35866,196.17935,194.79503,195.31909,128538400,AAPL,181.62,175.2,184.51,-0.0027,0.463,190.37,196.22,184.52,0.0086
2023-12-18,193.69746,194.42918,192.21425,193.89522,55751900,AAPL,181.98,175.42,184.88,-0.0085,0.4506,190.68,196.55,184.81,0.0089
2023-12-19,194.73572,194.7456,193.69746,193.96445,40714100,AAPL,182.34,175.64,185.26,0.0054,0.4584,190.95,197.05,184.85,0.0088
2023-12-20,192.64932,195.4674,192.64932,194.69615,52242800,AAPL,182.67,175.86,185.55,-0.0107,0.4428,191.15,197.18,185.12,0.0091
2023-12-21,192.501,194.87416,191.33423,193.90512,46482500,AAPL,182.97,176.07,185.82,-0.0008,0.4417,191.32,197.31,185.33,0.0091
2023-12-22,191.4331,193.22284,190.81015,192.9954,37149600,AAPL,183.23,176.28,186.04,-0.0055,0.4337,191.5,197.26,185.74,0.0091
2023-12-26,190.88924,191.71983,190.67169,191.44296,28919300,AAPL,183.52,176.5,186.23,-0.0028,0.4297,191.66,197.14,186.18,0.0091
2023-12-27,190.9881,191.33418,188.95116,190.3355,48087700,AAPL,183.81,176.72,186.42,0.0005,0.4304,191.8,197.05,186.55,0.0091
2023-12-28,191.41333,192.48125,191.00792,191.96706,34049900,AAPL,184.14,176.92,186.62,0.0022,0.4336,192.01,196.82,187.2,0.009
2023-12-29,190.37509,192.22415,189.58405,191.72975,42672100,AAPL,184.47,177.12,186.76,-0.0054,0.4258,192.13,196.59,187.67,0.0091
2024-01-02,183.56218,186.33084,181.83177,185.05527,82488700,AAPL,184.68,177.27,186.64,-0.0358,0.3748,191.86,197.61,186.11,0.0121
2024-01-03,182.18776,183.79951,181.37692,182.1581,58414500,AAPL,184.91,177.42,186.46,-0.0075,0.3645,191.6,198.54,184.66,0.012
2024-01-04,179.87393,181.04071,178.85547,180.11124,71983600,AAPL,185.09,177.55,186.21,-0.0127,0.3471,191.03,199.73,182.33,0.011
2024-01-05,179.15211,180.71443,178.15343,179.95306,62379700,AAPL,185.25,177.66,185.93,-0.004,0.3418,190.48,200.68,180.28,0.011
2024-01-08,183.48306,183.52263,179.4685,180.0519,59144500,AAPL,185.54,177.8,185.83,0.0242,0.3742,190.05,200.68,179.42,0.0123
2024-01-09,183.0678,183.07768,180.68477,181.86145,42841800,AAPL,185.9,177.93,185.72,-0.0023,0.3711,189.53,200.46,178.6,0.0121
2024-01-10,184.10602,184.31366,181.86142,182.28662,46792900,AAPL,186.26,178.06,185.66,0.0057,0.3789,189.18,200.35,178.01,0.012
2024-01-11,183.51274,184.9564,181.56479,184.4521,49128400,AAPL,186.57,178.2,185.58,-0.0032,0.3745,188.73,200.06,177.4,0.0117
2024-01-12,183.83907,184.6499,183.11723,183.9775,40477800,AAPL,186.87,178.34,185.51,0.0018,0.3769,188.14,199.16,177.12,0.0109
2024-01-16,181.57469,182.19763,178.9049,180.12114,65603000,AAPL,187.07,178.46,185.35,-0.0123,0.36,187.42,198.18,176.66,0.0111
2024-01-17,180.63533,180.88254,178.28198,179.24112,47317400,AAPL,187.17,178.56,185.17,-0.0052,0.3529,186.68,197.16,176.2,0.0111
2024-01-18,186.51872,187.02301,183.75006,184.00714,78005800,AAPL,187.41,178.68,185.22,0.0326,0.397,186.32,196.27,176.37,0.0137
2024-01-19,189.41592,189.80156,186.7066,187.21089,68903000,AAPL,187.66,178.81,185.39,0.0155,0.4187,186.06,195.32,176.8,0.0141
2024-01-22,191.71982,193.1437,190.10806,190.14761,60133900,AAPL,187.91,178.95,185.63,0.0122,0.436,186.01,195.14,176.88,0.0142
2024-01-23,192.99538,193.559,191.66049,192.83717,42355600,AAPL,188.15,179.11,185.92,0.0067,0.4456,186.04,195.25,176.83,0.0143
2024-01-24,192.32301,194.18198,192.1648,193.23271,53631300,AAPL,188.4,179.26,186.17,-0.0035,0.4406,186.08,195.41,176.75,0.0143
2024-01-25,191.9967,194.07321,190.94858,193.03496,54822100,AAPL,188.55,179.43,186.4,-0.0017,0.4381,186.14,195.6,176.68,0.0143
2024-01-26,190.26631,192.58012,189.79169,192.09561,44594000,AAPL,188.7,179.59,186.55,-0.009,0.4252,186.1,195.49,176.71,0.0144
2024-01-29,189.58403,190.04877,187.4581,189.8609,47145600,AAPL,188.79,179.75,186.67,-0.0036,0.42,186.01,195.21,176.81,0.0144
2024-01-30,185.93532,189.65324,185.3717,188.80287,55859400,AAPL,188.79,179.86,186.64,-0.0192,0.3928,185.79,194.76,176.82,0.015
2024-01-31,182.33604,185.00583,182.28662,184.94649,55467800,AAPL,188.68,179.96,186.48,-0.0194,0.3658,185.73,194.78,176.68,0.0134
2024-02-01,184.76855,184.85754,181.76259,181.93068,64885400,AAPL,188.63,180.07,186.41,0.0133,0.3839,185.86,194.77,176.95,0.0136
2024-02-02,183.76987,185.23329,177.24373,177.84691,102551700,AAPL,188.52,180.17,186.3,-0.0054,0.3765,186.05,194.57,177.53,0.0133
2024-02-05,185.57938,187.1318,183.75998,186.04411,69668800,AAPL,188.46,180.27,186.28,0.0098,0.3899,186.37,194.26,178.48,0.0134
2024-02-06,187.18121,187.1911,184.67953,184.76852,43490800,AAPL,188.42,180.39,186.31,0.0086,0.4019,186.56,194.34,178.78,0.0124
2024-02-07,187.28998,188.91162,186.49893,188.50621,53439000,AAPL,188.41,180.51,186.35,0.0006,0.4027,186.77,194.38,179.16,0.0124
2024-02-08,186.2122,187.41853,185.25307,187.27022,40962000,AAPL,188.38,180.63,186.34,-0.0058,0.3946,186.87,194.38,179.36,0.0124
2024-02-09,186.97453,188.10321,186.13297,186.7765,45155200,AAPL,188.35,180.75,186.37,0.0041,0.4003,187.05,194.39,179.71,0.0124
2024-02-12,185.29141,186.79633,184.93498,186.5488,41781900,AAPL,188.31,180.87,186.33,-0.009,0.3877,187.12,194.35,179.89,0.0126
2024-02-13,183.20236,184.36076,181.68756,183.92513,56529500,AAPL,188.22,180.96,186.2,-0.0113,0.372,187.2,194.2,180.2,0.0126
2024-02-14,182.32121,183.68752,180.6282,183.47961,54630500,AAPL,188.09,181.04,186.05,-0.0048,0.3654,187.28,193.99,180.57,0.0126
2024-02-15,182.0341,182.65785,179.54904,181.72719,65434500,AAPL,187.98,181.11,185.89,-0.0016,0.3633,187.06,194.16,179.96,0.0101
2024-02-16,180.49948,183.01427,179.86584,181.59846,49752500,AAPL,187.76,181.19,185.68,-0.0084,0.3518,186.61,194.19,179.03,0.0094
2024-02-20,179.75691,180.61827,178.2124,179.98462,53665600,AAPL,187.56,181.26,185.45,-0.0041,0.3463,186.02,193.79,178.25,0.0087
2024-02-21,180.5094,181.07373,178.86588,180.13316,41371400,AAPL,187.32,181.35,185.26,0.0042,0.3519,185.39,192.8,177.98,0.0086
2024-02-22,182.53905,183.1232,180.64803,181.65788,52292200,AAPL,187.1,181.4,185.15,0.0112,0.3671,184.9,191.64,178.16,0.0092
2024-02-23,180.70741,183.20238,180.42029,183.17267,45119700,AAPL,186.9,181.45,184.98,-0.01,0.3534,184.34,190.44,178.24,0.0093
2024-02-26,179.36092,180.94502,178.85597,180.43019,40867400,AAPL,186.64,181.5,184.76,-0.0075,0.3432,183.79,189.6,177.98,0.0093
2024-02-27,180.81635,182.09352,177.77682,179.30154,54318900,AAPL,186.34,181.55,184.6,0.0081,0.3541,183.35,188.62,178.08,0.0096
2024-02-28,179.61833,181.30145,178.34116,180.69751,48953900,AAPL,186.01,181.6,184.41,-0.0066,0.3452,183.04,188.42,177.66,0.0088
2024-02-29,178.955,180.75693,177.74712,179.46985,136682600,AAPL,185.68,181.64,184.19,-0.0037,0.3402,182.87,188.54,177.2,0.0078
2024-03-01,177.87582,178.73718,175.61847,177.76692,73563100,AAPL,185.37,181.68,183.94,-0.006,0.3322,182.52,188.54,176.5,0.0071
2024-03-04,173.36108,175.14319,172.06409,174.40065,81510100,AAPL,184.94,181.7,183.53,-0.0254,0.2983,182.0,189.24,174.76,0.0088
2024-03-05,168.43056,170.33148,167.93552,169.0642,95132400,AAPL,184.45,181.69,182.94,-0.0284,0.2615,181.15,190.39,171.91,0.01
2024-03-06,167.44046,169.53941,167.00482,169.36119,68587700,AAPL,183.95,181.66,182.33,-0.0059,0.254,180.16,190.8,169.52,0.0095
2024-03-07,167.32167,169.03448,166.81674,167.47017,71765100,AAPL,183.47,181.64,181.74,-0.0007,0.2531,179.16,190.69,167.63,0.0094
2024-03-08,169.03448,171.97499,167.26227,167.32167,76267000,AAPL,183.03,181.62,181.24,0.0102,0.2659,178.3,190.17,166.43,0.0101
2024-03-11,171.03442,172.64824,170.34138,171.22253,60139500,AAPL,182.64,181.63,180.84,0.0118,0.2809,177.51,189.07,165.95,0.0106
2024-03-12,171.50966,172.30171,169.3117,171.43045,59825400,AAPL,182.24,181.64,180.48,0.0028,0.2844,176.82,188.06,165.58,0.0106
2024-03-13,169.43051,171.47005,169.06418,171.05423,52488700,AAPL,181.82,181.64,180.04,-0.0121,0.2689,176.13,187.41,164.85,0.0107
2024-03-14,171.28192,172.5789,170.34135,171.19283,72913500,AAPL,181.57,181.63,179.7,0.0109,0.2827,175.58,186.67,164.49,0.0112
2024-03-15,170.9057,170.9057,168.59883,169.47011,121752700,AAPL,181.35,181.61,179.35,-0.0022,0.2799,175.02,185.86,164.18,0.0112
2024-03-18,171.9948,175.94518,171.79678,173.82643,75604200,AAPL,181.19,181.59,179.07,0.0064,0.2881,174.59,185.19,163.99,0.0113
2024-03-19,174.33134,174.85608,171.31163,172.60861,55215200,AAPL,181.09,181.58,178.88,0.0136,0.3056,174.32,184.63,164.01,0.0118
2024-03-20,176.89561,176.89561,173.35117,173.97491,53423100,AAPL,180.96,181.57,178.8,0.0147,0.3248,174.14,184.12,164.16,0.0123
2024-03-21,169.66812,175.72736,169.14339,175.29172,106181300,AAPL,180.69,181.53,178.44,-0.0409,0.2706,173.5,182.84,164.16,0.0148
2024-03-22,170.56912,171.33148,168.37117,170.05428,71160100,AAPL,180.42,181.5,178.14,0.0053,0.2774,172.99,181.76,164.22,0.0149
2024-03-25,169.1533,170.23248,167.7672,168.87608,54288300,AAPL,180.14,181.47,177.78,-0.0083,0.2668,172.48,180.87,164.09,0.0149
2024-03-26,168.02461,169.71762,167.8959,168.31172,57388400,AAPL,179.82,181.42,177.4,-0.0067,0.2583,171.84,179.47,164.21,0.0147
2024-03-27,171.58887,171.87599,168.42065,168.71767,60273300,AAPL,179.62,181.39,177.17,0.0212,0.285,171.44,178.14,164.74,0.0157
2024-03-28,169.77704,170.51959,168.81667,170.04436,65672700,AAPL,179.4,181.33,176.88,-0.0106,0.2713,170.98,176.7,165.26,0.0158
2024-04-01,168.34143,169.54932,167.79689,169.48991,46240500,AAPL,179.04,181.27,176.55,-0.0085,0.2605,170.5,175.32,165.68,0.0158
2024-04-02,167.16324,167.65828,166.5593,167.40086,49329500,AAPL,178.59,181.2,176.18,-0.007,0.2517,170.19,175.03,165.35,0.0149
2024-04-03,167.96521,168.98499,166.90584,167.11375,47691700,AAPL,178.12,181.12,175.86,0.0048,0.2577,170.17,175.05,165.29,0.0136
2024-04-04,167.14346,170.21266,167.14346,168.59885,53704400,AAPL,177.6,181.04,175.52,-0.0049,0.2515,170.16,175.08,165.24,0.0136
2024-04-05,167.8959,168.69786,167.27216,167.90579,42104800,AAPL,177.11,180.97,175.22,0.0045,0.2572,170.19,175.04,165.34,0.0136
2024-04-08,166.77713,167.51968,166.56923,167.35138,37425500,AAPL,176.61,180.9,174.89,-0.0067,0.2488,170.07,175.14,165.0,0.0135
2024-04-09,167.98502,168.39095,166.67813,167.02464,42373800,AAPL,176.16,180.81,174.62,0.0072,0.2577,169.92,175.05,164.79,0.0133
2024-04-10,166.1138,167.41078,165.45045,167.12367,49709300,AAPL,175.69,180.72,174.28,-0.0111,0.2438,169.65,174.99,164.31,0.0135
2024-04-11,173.30168,173.71753,166.49002,166.66823,91070300,AAPL,175.44,180.68,174.24,0.0433,0.2976,169.84,175.42,164.26,0.0165
2024-04-12,174.79672,176.58875,172.47997,172.52945,101670900,AAPL,175.29,180.62,174.27,0.0086,0.3088,170.02,176.0,164.04,0.0165
2024-04-15,170.97502,174.8759,170.78691,173.6185,73531800,AAPL,175.01,180.55,174.14,-0.0219,0.2801,170.02,176.0,164.04,0.0173
2024-04-16,167.69788,172.03436,166.59889,170.04434,73711200,AAPL,174.69,180.45,173.88,-0.0192,0.2556,169.81,175.8,163.82,0.0177
2024-04-17,166.33159,168.95526,166.33159,167.9256,50901200,AAPL,174.31,180.32,173.59,-0.0081,0.2454,169.41,175.19,163.63,0.0174
2024-04-18,165.38113,166.96526,164.89601,166.36131,43122900,AAPL,173.87,180.2,173.27,-0.0057,0.2383,168.83,173.69,163.97,0.017
2024-04-19,163.3614,164.7475,162.45055,164.55939,68149400,AAPL,173.39,180.08,172.88,-0.0122,0.2232,168.52,173.94,163.1,0.0147
2024-04-22,164.19304,165.59894,163.13367,163.87622,48116400,AAPL,172.95,179.95,172.54,0.0051,0.2294,168.2,173.86,162.54,0.0147
2024-04-23,165.24251,165.39102,163.28218,163.70792,49537800,AAPL,172.52,179.84,172.25,0.0064,0.2373,168.0,173.79,162.21,0.0147
2024-04-24,167.34146,167.61868,164.55937,164.88608,48251800,AAPL,172.16,179.74,172.06,0.0127,0.253,167.97,173.77,162.17,0.0149
2024-04-25,168.20284,168.91568,166.4801,167.8464,50558300,AAPL,171.86,179.66,171.91,0.0051,0.2594,167.8,173.34,162.26,0.0141
2024-04-26,167.61868,169.63841,167.49986,168.19293,44838400,AAPL,171.57,179.56,171.74,-0.0035,0.255,167.69,173.15,162.23,0.014
2024-04-29,171.77698,174.28185,171.38095,171.64827,68169400,AAPL,171.36,179.48,171.74,0.0248,0.2861,167.86,173.62,162.1,0.0149
2024-04-30,168.63847,173.2522,168.31175,171.60869,65934800,AAPL,171.12,179.38,171.62,-0.0183,0.2626,167.94,173.7,162.18,0.0155
2024-05-01,167.61868,170.99483,167.43057,167.8959,50383100,AAPL,170.88,179.26,171.46,-0.006,0.255,167.92,173.68,162.16,0.0155
2024-05-02,171.31165,171.69777,169.1929,170.7968,94214900,AAPL,170.7,179.16,171.46,0.022,0.2826,168.13,174.07,162.19,0.0162
2024-05-03,181.55885,185.1429,180.84601,184.79637,163224100,AAPL,170.68,179.11,171.85,0.0598,0.3593,168.81,177.25,160.37,0.0208
2024-05-06,179.90544,182.3707,178.62825,180.53908,78569700,AAPL,170.66,179.06,172.17,-0.0091,0.3469,169.47,179.19,159.75,0.0209
2024-05-07,180.58858,183.06375,179.51932,181.62816,77305800,AAPL,170.68,179.01,172.5,0.0038,0.3521,170.1,180.98,159.22,0.0209
2024-05-08,180.92522,181.25194,179.64803,181.03412,45057100,AAPL,170.69,178.97,172.83,0.0019,0.3546,170.84,182.56,159.12,0.0206
2024-05-09,182.73709,182.82619,180.30151,180.74704,48983000,AAPL,170.75,178.93,173.22,0.01,0.3682,171.31,184.16,158.46,0.0185
2024-05-10,181.47797,183.50044,180.56587,183.31207,50759500,AAPL,170.8,178.88,173.54,-0.0069,0.3587,171.64,185.2,158.08,0.0186
2024-05-13,184.68022,185.49318,183.03447,183.84744,72044800,AAPL,170.94,178.85,173.98,0.0176,0.3826,172.33,187.08,157.58,0.018
2024-05-14,185.82034,186.68288,184.69014,185.89966,52393600,AAPL,171.19,178.81,174.44,0.0062,0.3912,173.24,188.98,157.5,0.0172
2024-05-15,188.09067,189.01268,185.76085,186.29622,70400000,AAPL,171.58,178.78,174.98,0.0122,0.4082,174.32,191.03,157.61,0.0169
2024-05-16,188.20964,189.45883,188.03119,188.83423,52845200,AAPL,171.99,178.76,175.5,0.0006,0.409,175.46,192.71,158.21,0.0168
2024-05-17,188.23936,189.1713,187.55528,187.88246,41282900,AAPL,172.41,178.75,176.0,0.0002,0.4093,176.71,193.87,159.55,0.0162
2024-05-20,189.3993,190.27176,187.38675,187.704,44361300,AAPL,172.82,178.75,176.52,0.0062,0.4181,177.97,194.96,160.98,0.0162
2024-05-21,190.6981,191.07483,189.28038,189.44891,42309400,AAPL,173.21,178.81,177.08,0.0069,0.4278,179.24,196.03,162.45,0.0162
2024-05-22,189.26053,191.16405,188.63596,190.61877,34648500,AAPL,173.57,178.87,177.56,-0.0075,0.4171,180.34,196.72,163.96,0.0165
2024-05-23,185.27507,189.35968,185.02722,189.33984,51005900,AAPL,173.88,178.91,177.86,-0.0211,0.3872,181.19,196.66,165.72,0.0176
2024-05-24,188.34843,188.94328,186.4251,187.19841,36327000,AAPL,174.23,178.98,178.27,0.0166,0.4103,182.23,196.61,167.85,0.0177
2024-05-28,188.35838,191.34253,187.47603,189.86533,52280100,AAPL,174.58,179.04,178.67,0.0001,0.4104,183.06,196.8,169.32,0.0171
2024-05-29,188.65578,190.59895,187.88248,187.98163,53068000,AAPL,174.91,179.11,179.06,0.0016,0.4127,184.06,196.2,171.92,0.0163
2024-05-30,189.64719,190.52954,188.99286,189.12173,49889100,AAPL,175.21,179.17,179.47,0.0053,0.4201,185.16,194.75,175.57,0.0161
2024-05-31,190.59895,190.91621,188.27905,189.79591,75158300,AAPL,175.49,179.25,179.91,0.005,0.4272,186.12,193.46,178.78,0.0156
2024-06-03,192.36366,193.31543,190.86664,191.24336,50080500,AAPL,175.94,179.34,180.4,0.0093,0.4405,186.66,194.18,179.14,0.0091
2024-06-04,192.68092,193.6426,191.37225,192.96843,47471400,AAPL,176.38,179.44,180.88,0.0016,0.4428,187.3,194.57,180.03,0.0087
2024-06-05,194.18785,195.209,193.19644,193.7219,54156800,AAPL,176.89,179.55,181.4,0.0078,0.4541,187.98,195.14,180.82,0.0087
2024-06-06,192.8098,194.81245,192.50246,194.00941,41181800,AAPL,177.38,179.65,181.85,-0.0071,0.4438,188.58,195.23,181.93,0.009
2024-06-07,195.19908,195.24866,192.4727,192.97832,53103900,AAPL,177.85,179.75,182.37,0.0124,0.4617,189.2,195.88,182.52,0.0092
2024-06-10,191.46147,195.60558,190.4998,195.20901,97010200,AAPL,178.29,179.81,182.73,-0.0191,0.4337,189.7,195.37,184.03,0.0102
2024-06-11,205.37099,205.3809,191.9671,191.98692,172373300,AAPL,179.03,179.97,183.62,0.0726,0.5378,190.73,199.34,182.12,0.0185
2024-06-12,211.24013,218.30888,205.12311,205.58907,198134300,AAPL,179.91,180.14,184.7,0.0286,0.5818,192.0,204.28,179.72,0.0192
2024-06-13,212.4001,214.88853,209.78278,212.89581,97862700,AAPL,180.8,180.31,185.79,0.0055,0.5905,193.22,208.35,178.09,0.0192
2024-06-14,210.66512,213.3221,209.48534,212.01344,70122700,AAPL,181.67,180.46,186.76,-0.0082,0.5775,194.34,211.14,177.54,0.0194
2024-06-17,214.80922,217.06964,210.89314,211.53755,93728300,AAPL,182.61,180.6,187.86,0.0197,0.6085,195.67,214.52,176.82,0.0196
2024-06-18,212.44968,216.75241,211.17076,215.72134,79943300,AAPL,183.52,180.74,188.83,-0.011,0.5908,196.82,216.83,176.81,0.02
2024-06-20,207.87923,212.40007,207.05637,212.09273,86172500,AAPL,184.32,180.84,189.57,-0.0215,0.5566,197.68,218.06,177.3,0.0209
2024-06-21,205.70807,210.07028,205.33133,208.58316,241805100,AAPL,185.11,180.93,190.21,-0.0104,0.5405,198.51,218.79,178.23,0.021
2024-06-24,206.35248,210.87332,204.81578,205.93608,80727000,AAPL,185.77,181.06,190.84,0.0031,0.5452,199.56,219.12,180.0,0.0201
2024-06-25,207.27449,209.56465,206.81844,207.35379,55549700,AAPL,186.42,181.22,191.48,0.0045,0.5522,200.51,219.61,181.41,0.02
2024-06-26,211.4186,213.01477,208.83101,209.68362,66213200,AAPL,187.23,181.4,192.27,0.02,0.5832,201.66,220.45,182.87,0.0202
2024-06-27,212.26129,213.8872,210.52632,212.84622,49772700,AAPL,188.12,181.58,193.05,0.004,0.5896,202.84,221.16,184.52,0.0202
2024-06-28,208.81117,214.21439,208.49393,213.91695,82542700,AAPL,188.97,181.75,193.67,-0.0163,0.5636,203.8,221.19,186.41,0.0208
2024-07-01,214.88853,215.642,210.1,210.26855,60402900,AAPL,189.96,181.96,194.5,0.0291,0.6092,205.01,221.91,188.11,0.0215
2024-07-02,218.37828,218.48734,213.25269,214.29366,58046200,AAPL,191.06,182.19,195.44,0.0162,0.6352,206.31,223.11,189.51,0.0216
2024-07-03,219.64732,219.64732,217.14896,218.11063,37369800,AAPL,192.17,182.42,196.39,0.0058,0.6447,207.66,224.18,191.14,0.0216
2024-07-05,224.3962,224.50525,219.74648,219.74648,60412400,AAPL,193.35,182.67,197.48,0.0216,0.6802,209.17,226.02,192.32,0.0218
2024-07-08,225.86348,225.89322,221.33272,225.13974,59085900,AAPL,194.52,182.91,198.6,0.0065,0.6912,210.82,227.4,194.24,0.0215
2024-07-09,226.71608,227.4299,224.42592,225.97252,48076100,AAPL,195.69,183.18,199.7,0.0038,0.6976,212.4,228.72,196.08,0.0215
2024-07-10,230.97916,231.07831,227.28119,227.33076,62627700,AAPL,196.96,183.47,200.93,0.0188,0.7295,214.38,229.55,199.21,0.0207
2024-07-11,225.61563,230.39423,223.83109,229.40282,64710600,AAPL,198.04,183.74,201.89,-0.0232,0.6894,215.39,230.73,200.05,0.0159
2024-07-12,228.56012,230.64209,226.7161,226.95404,53046500,AAPL,199.24,184.01,202.94,0.0131,0.7115,216.25,232.53,199.97,0.015
2024-07-15,232.38695,235.19264,231.0882,234.44908,62631300,AAPL,200.53,184.32,204.09,0.0167,0.7401,217.25,234.93,199.57,0.0153
2024-07-16,232.80338,234.24092,230.33475,232.98183,43234300,AAPL,201.76,184.65,205.22,0.0018,0.7432,218.36,237.05,199.67,0.015
2024-07-17,226.91438,229.47223,224.69362,227.47948,57345900,AAPL,202.67,184.94,206.07,-0.0253,0.6991,218.97,237.95,199.99,0.016
2024-07-18,222.25473,228.46098,220.36115,228.30235,66034600,AAPL,203.52,185.21,206.71,-0.0205,0.6643,219.46,238.24,200.68,0.0166
2024-07-19,222.38362,224.85225,221.36247,222.88925,49151500,AAPL,204.35,185.46,207.32,0.0006,0.6653,220.18,238.18,202.18,0.0156
2024-07-22,222.0366,225.82379,221.17407,225.0604,48201800,AAPL,205.17,185.72,207.9,-0.0016,0.6626,221.0,237.67,204.33,0.0153
2024-07-23,223.07759,224.99103,220.7676,222.44308,39960300,AAPL,205.98,185.98,208.49,0.0047,0.6704,221.83,237.02,206.64,0.0153
2024-07-24,216.66316,222.86942,215.26529,222.07628,61777600,AAPL,206.68,186.2,208.81,-0.0288,0.6223,222.3,236.11,208.49,0.017
2024-07-25,215.62218,218.95332,212.77681,217.0498,51391200,AAPL,207.3,186.4,209.08,-0.0048,0.6145,222.51,235.74,209.28,0.0166
2024-07-26,216.08817,217.60503,214.1549,216.82181,41601300,AAPL,207.91,186.59,209.36,0.0022,0.6181,222.7,235.41,209.99,0.0165
2024-07-29,216.36574,217.41663,213.89711,215.09673,36311800,AAPL,208.47,186.8,209.63,0.0013,0.6202,223.08,234.43,211.73,0.016
2024-07-30,216.92094,218.4378,214.26395,217.30759,41643800,AAPL,209.05,186.99,209.92,0.0026,0.6244,223.18,234.25,212.11,0.0147
2024-07-31,220.17276,221.89783,218.73521,219.53825,50036300,AAPL,209.69,187.2,210.32,0.015,0.6488,223.27,234.2,212.34,0.0146
2024-08-01,216.48473,222.55217,215.15623,222.4431,62501000,AAPL,210.23,187.4,210.56,-0.0168,0.6211,223.12,234.36,211.88,0.0151
2024-08-02,217.97183,223.66254,215.8403,217.26793,105568600,AAPL,210.77,187.61,210.85,0.0069,0.6323,222.79,234.24,211.34,0.0143
2024-08-05,207.47278,211.66644,194.31674,197.3802,119548600,AAPL,211.14,187.77,210.72,-0.0482,0.5536,221.87,235.1,208.64,0.0176
2024-08-06,205.4503,208.18661,199.34322,203.53688,69660500,AAPL,211.54,187.93,210.51,-0.0097,0.5385,220.81,235.71,205.91,0.0175
2024-08-07,208.01808,211.80527,204.61752,205.12314,63516400,AAPL,211.93,188.1,210.41,0.0125,0.5577,219.66,234.8,204.52,0.0171
2024-08-08,211.4781,212.36046,207.03658,211.27983,47161100,AAPL,212.4,188.31,210.46,0.0166,0.5836,218.96,234.25,203.67,0.0172
2024-08-09,214.38293,214.91829,210.1496,210.27849,42201600,AAPL,212.91,188.52,210.61,0.0137,0.6053,218.25,232.97,203.53,0.0172
2024-08-12,215.91147,217.87674,213.99583,214.46234,38028100,AAPL,213.44,188.75,210.82,0.0071,0.6167,217.42,230.57,204.27,0.0168
2024-08-13,219.62364,220.23903,217.38045,217.38045,44155300,AAPL,214.02,189.0,211.16,0.0172,0.6445,216.76,227.82,205.7,0.0174
2024-08-14,220.0703,221.37054,218.06532,218.92886,41960600,AAPL,214.57,189.28,211.51,0.002,0.6478,216.42,226.54,206.3,0.0166
2024-08-15,223.04797,223.6733,221.10255,222.92888,46414000,AAPL,215.18,189.56,211.96,0.0135,0.67,216.46,226.68,206.24,0.0162
2024-08-16,224.36809,225.14229,221.98593,222.25394,44340200,AAPL,215.78,189.84,212.45,0.0059,0.6799,216.56,227.06,206.06,0.0163
2024-08-19,224.20926,224.30852,221.38046,224.04053,40687800,AAPL,216.41,190.12,212.91,-0.0007,0.6787,216.67,227.45,205.89,0.0163
2024-08-20,224.82463,225.47972,223.77252,224.09015,30299000,AAPL,217.0,190.39,213.38,0.0027,0.6832,216.76,227.78,205.74,0.0163
2024-08-21,224.71545,226.2837,223.3755,224.83456,34765500,AAPL,217.67,190.63,213.82,-0.0005,0.6824,217.16,228.74,205.58,0.0147
2024-08-22,222.85939,226.64104,222.23407,226.09512,43695300,AAPL,218.02,190.87,214.18,-0.0083,0.6684,217.52,229.35,205.69,0.0148
2024-08-23,225.15219,226.52193,222.66087,223.98097,38677300,AAPL,218.3,191.12,214.61,0.0103,0.6856,217.98,230.26,205.7,0.015
2024-08-26,225.48965,225.58891,222.22414,225.07278,30602200,AAPL,218.56,191.35,215.04,0.0015,0.6881,218.43,231.13,205.73,0.015
2024-08-27,226.33334,227.14725,223.2167,224.31845,35934600,AAPL,218.87,191.57,215.48,0.0037,0.6944,218.9,232.06,205.74,0.015
2024-08-28,224.80481,228.14973,224.00082,226.22417,38052200,AAPL,219.07,191.8,215.84,-0.0068,0.6829,219.13,232.54,205.72,0.0148
2024-08-29,228.08023,231.18695,227.17702,228.38794,51906300,AAPL,219.38,192.02,216.32,0.0146,0.7074,219.71,233.63,205.79,0.0144
2024-08-30,227.29613,228.6857,225.78743,228.47728,52990800,AAPL,219.77,192.24,216.75,-0.0034,0.7016,220.18,234.48,205.88,0.0145
2024-09-03,221.1125,227.29614,219.5244,226.8495,50190600,AAPL,220.08,192.42,216.93,-0.0272,0.6554,220.86,233.84,207.88,0.011
2024-09-04,219.20679,220.12987,215.86185,220.01076,43840200,AAPL,220.34,192.58,217.01,-0.0086,0.6411,221.55,232.38,210.72,0.0109
2024-09-05,220.72539,223.8023,219.87178,219.98097,36615400,AAPL,220.61,192.75,217.16,0.0069,0.6524,222.18,230.96,213.4,0.0107
2024-09-06,219.17702,223.56413,218.13483,222.28372,48423000,AAPL,220.76,192.91,217.24,-0.007,0.6409,222.57,229.93,215.21,0.0104
2024-09-09,219.26631,219.62363,215.09756,219.17699,67180000,AAPL,220.9,193.06,217.32,0.0004,0.6415,222.81,229.3,216.32,0.0101
2024-09-10,218.47227,219.83208,215.11742,217.29112,51591000,AAPL,221.09,193.21,217.36,-0.0036,0.6356,222.94,228.94,216.94,0.01
2024-09-11,221.0033,221.43008,216.26878,219.81223,44587100,AAPL,221.22,193.37,217.51,0.0116,0.6546,223.01,228.88,217.14,0.0096
2024-09-12,221.1125,221.8867,218.18445,220.84451,37455600,AAPL,221.27,193.53,217.65,0.0005,0.6554,223.06,228.84,217.28,0.0096
2024-09-13,220.84448,222.37302,220.25888,221.91644,36766600,AAPL,221.3,193.7,217.77,-0.0012,0.6534,222.95,228.82,217.08,0.0091
2024-09-16,214.71048,215.60378,212.32832,214.92883,59357400,AAPL,221.1,193.83,217.65,-0.0278,0.6075,222.47,229.35,215.59,0.0108
2024-09-17,215.17696,215.28613,212.904,214.1447,45519300,AAPL,220.89,193.97,217.56,0.0022,0.611,222.02,229.57,214.47,0.0108
2024-09-18,219.04796,221.05293,215.92139,215.93132,59894900,AAPL,220.73,194.13,217.61,0.018,0.64,221.73,229.27,214.19,0.0117
2024-09-19,227.16708,228.11003,222.95865,223.31596,66781300,AAPL,220.66,194.32,217.99,0.0371,0.7008,221.85,229.67,214.03,0.0145
2024-09-20,226.50206,231.35568,225.92638,228.2589,318679900,AAPL,220.68,194.51,218.32,-0.0029,0.6959,222.03,230.11,213.95,0.0144
2024-09-23,224.78494,227.74277,224.12985,225.64847,54146000,AAPL,220.6,194.68,218.58,-0.0076,0.683,222.02,230.07,213.97,0.0143
2024-09-24,225.67827,227.64355,224.05048,226.94875,43556100,AAPL,220.47,194.86,218.86,0.004,0.6898,222.03,230.1,213.96,0.0143
2024-09-25,224.68568,225.59883,222.35318,223.2564,42308700,AAPL,220.3,195.02,219.08,-0.0044,0.6823,221.94,229.86,214.02,0.0143
2024-09-26,225.82715,226.79985,223.73285,225.60878,36636700,AAPL,220.28,195.18,219.35,0.0051,0.6909,221.99,230.0,213.98,0.0143
2024-09-27,226.09511,227.81224,225.60876,226.76013,34026000,AAPL,220.36,195.36,219.61,0.0012,0.6929,221.89,229.63,214.15,0.0139
2024-09-30,231.26639,231.26639,227.94131,228.3284,54541900,AAPL,220.54,195.55,220.07,0.0229,0.7317,222.09,230.58,213.6,0.0148
2024-10-01,224.5269,227.9413,222.07527,227.81227,63285000,AAPL,220.59,195.7,220.24,-0.0291,0.6813,222.26,230.8,213.72,0.015
2024-10-02,225.09264,225.67824,221.36061,224.20926,32880600,AAPL,220.63,195.84,220.43,0.0025,0.6855,222.56,231.06,214.06,0.0148
2024-10-03,223.9909,225.12242,221.6584,223.46484,34044200,AAPL,220.77,195.99,220.57,-0.0049,0.6773,222.72,231.2,214.24,0.0149
2024-10-04,225.1125,226.30357,222.46237,226.20432,37245100,AAPL,220.96,196.14,220.75,0.005,0.6856,223.02,231.39,214.65,0.0148
2024-10-07,220.04053,224.01077,219.68321,222.82962,39505400,AAPL,221.04,196.27,220.72,-0.0225,0.6477,223.06,231.37,214.75,0.0157
2024-10-08,224.09016,224.2986,221.58891,222.6311,31855700,AAPL,221.2,196.43,220.86,0.0184,0.678,223.34,231.37,215.31,0.0162
2024-10-09,227.83209,228.04054,223.15715,223.55417,33591100,AAPL,221.42,196.6,221.13,0.0167,0.7061,223.68,231.87,215.49,0.0164
2024-10-10,227.3358,227.79239,225.47972,226.08517,28183500,AAPL,221.56,196.78,221.37,-0.0022,0.7023,223.99,232.24,215.74,0.0164
2024-10-11,225.85692,227.70308,225.64847,227.5939,31759200,AAPL,221.75,196.96,221.55,-0.0065,0.6912,224.24,232.39,216.09,0.0165
2024-10-14,229.579,230.00578,226.8991,226.99834,39882100,AAPL,221.98,197.15,221.86,0.0165,0.7191,224.98,232.12,217.84,0.0153
2024-10-15,232.11005,235.72296,230.64105,231.87183,64751400,AAPL,222.47,197.35,222.27,0.011,0.738,225.83,232.03,219.63,0.0154
2024-10-16,230.05542,230.39288,228.12985,229.87677,34082200,AAPL,222.96,197.55,222.57,-0.0089,0.7226,226.38,231.97,220.79,0.0153
2024-10-17,230.4227,232.11006,228.80484,231.69318,32993800,AAPL,223.41,197.79,222.88,0.0016,0.7253,226.54,232.41,220.67,0.013
2024-10-18,233.25148,234.4227,232.26884,234.4227,46431500,AAPL,223.85,198.04,223.29,0.0123,0.7466,226.88,233.47,220.29,0.0132
2024-10-21,234.72044,235.0877,232.70555,232.70555,36254500,AAPL,224.25,198.32,223.73,0.0063,0.7576,227.38,234.76,220.0,0.013
2024-10-22,234.10507,234.46239,230.86934,232.14973,38846600,AAPL,224.62,198.59,224.14,-0.0026,0.753,227.8,235.71,219.89,0.0131
2024-10-23,229.04303,233.39044,226.06535,232.33833,52287000,AAPL,224.81,198.82,224.33,-0.0216,0.7151,228.02,235.81,220.23,0.014
2024-10-24,228.85445,229.10258,226.71051,228.26883,31109500,AAPL,224.98,199.05,224.51,-0.0008,0.7138,228.17,235.9,220.44,0.014
2024-10-25,229.68822,231.48474,227.86191,228.03064,38802300,AAPL,225.11,199.28,224.71,0.0036,0.7199,228.35,236.04,220.66,0.014
2024-10-28,231.66338,232.98347,230.8197,231.58398,36087100,AAPL,225.26,199.52,224.99,0.0086,0.7347,228.37,236.1,220.64,0.0132
2024-10-29,231.93137,232.58646,230.59142,231.36562,35417200,AAPL,225.41,199.76,225.26,0.0012,0.7368,228.74,236.4,221.08,0.0112
2024-10-30,228.38792,231.73285,227.84201,230.87924,47070900,AAPL,225.49,199.99,225.38,-0.0153,0.7102,228.9,236.37,221.43,0.0119
2024-10-31,224.22913,228.11996,223.69313,227.63359,64370100,AAPL,225.48,200.21,225.34,-0.0182,0.6791,228.92,236.36,221.48,0.0125
2024-11-01,221.25142,223.67326,218.63106,219.32585,65276700,AAPL,225.44,200.38,225.18,-0.0133,0.6568,228.72,236.75,220.69,0.0128
2024-11-04,220.35812,221.13232,218.07526,219.34572,44944500,AAPL,225.35,200.54,224.99,-0.004,0.6501,228.74,236.7,220.78,0.0118
2024-11-05,221.78741,222.28369,219.4946,220.1497,28111300,AAPL,225.27,200.69,224.86,0.0065,0.6609,228.62,236.92,220.32,0.0111
2024-11-06,221.06287,224.38794,219.54425,220.95369,54561100,AAPL,225.17,200.83,224.71,-0.0033,0.6554,228.28,237.24,219.32,0.0104
2024-11-07,225.78743,226.18446,222.8991,222.95865,42137700,AAPL,225.19,200.99,224.75,0.0214,0.6908,228.21,237.23,219.19,0.0116
2024-11-08,225.51913,227.20834,224.97263,225.7278,38328800,AAPL,225.14,201.16,224.78,-0.0012,0.6888,228.19,237.23,219.15,0.0115
2024-11-11,222.80647,224.26714,220.09381,223.5716,42005600,AAPL,225.05,201.33,224.71,-0.012,0.6685,227.85,237.18,218.52,0.0111
2024-11-12,222.80647,224.15784,221.942,223.12445,40398300,AAPL,225.08,201.49,224.63,0.0,0.6685,227.39,236.75,218.03,0.0107
2024-11-13,223.69081,225.21109,221.3458,222.58786,48566200,AAPL,225.17,201.68,224.6,0.004,0.6752,227.07,236.48,217.66,0.0106
2024-11-14,226.77115,227.41702,223.5716,223.59146,44923900,AAPL,225.29,201.9,224.68,0.0138,0.6983,226.89,236.17,217.61,0.0112
2024-11-15,223.57158,225.47939,222.84622,224.96269,47923700,AAPL,225.38,202.1,224.64,-0.0141,0.6744,226.4,235.28,217.52,0.0111
2024-11-18,226.57242,228.2815,223.74051,223.81999,44633700,AAPL,225.53,202.31,224.71,0.0134,0.6968,225.99,233.97,218.01,0.0115
2024-11-19,226.83075,228.69882,225.22104,225.539,36211800,AAPL,225.69,202.52,224.8,0.0011,0.6987,225.63,232.65,218.61,0.0115
2024-11-20,227.54619,228.47028,224.45593,226.61215,35169600,AAPL,225.82,202.72,224.9,0.0032,0.7041,225.56,232.46,218.66,0.0105
2024-11-21,227.06926,228.69885,224.2771,227.42697,42108300,AAPL,225.94,202.92,224.99,-0.0021,0.7005,225.47,232.24,218.7,0.0105
2024-11-22,228.41066,229.25526,226.61215,226.61215,38168300,AAPL,226.09,203.13,225.12,0.0059,0.7106,225.4,232.02,218.78,0.0106
2024-11-25,231.39162,231.76921,228.2815,229.99059,90152800,AAPL,226.43,203.35,225.37,0.0131,0.733,225.39,231.96,218.82,0.0108
2024-11-26,233.56772,234.0745,231.84871,231.84871,45986200,AAPL,226.8,203.59,225.69,0.0094,0.7493,225.47,232.41,218.53,0.011
2024-11-27,233.43854,234.19373,232.32565,232.98146,33498400,AAPL,227.08,203.84,225.99,-0.0006,0.7482,225.72,233.43,218.01,0.0104
2024-11-29,235.8233,236.30025,232.48463,233.31929,28481400,AAPL,227.26,204.11,226.38,0.0102,0.766,226.3,235.19,217.41,0.0095
2024-12-02,238.06895,239.26134,235.65439,235.76369,48137100,AAPL,227.49,204.39,226.84,0.0095,0.7828,227.14,237.13,217.15,0.0088
2024-12-03,241.10954,241.21884,237.38335,238.28758,38861000,AAPL,227.81,204.69,227.4,0.0128,0.8056,228.18,239.44,216.92,0.0089
2024-12-04,241.46725,242.56027,239.71843,241.32814,44383900,AAPL,228.13,205.0,227.95,0.0015,0.8083,229.17,241.47,216.87,0.0089
2024-12-05,241.49706,242.98753,240.59285,242.44104,40033900,AAPL,228.47,205.31,228.48,0.0001,0.8085,230.19,243.03,217.35,0.0088
2024-12-06,241.29831,243.07695,240.54314,241.36787,36870600,AAPL,228.78,205.6,228.98,-0.0008,0.8071,230.96,244.54,217.38,0.0079
2024-12-09,245.1835,245.6704,240.21524,240.29474,44649200,AAPL,229.16,205.92,229.62,0.0161,0.8362,231.95,246.67,217.23,0.0083
2024-12-10,246.19702,246.63423,243.78244,245.3226,36914800,AAPL,229.46,206.26,230.27,0.0041,0.8437,233.12,248.48,217.76,0.0074
2024-12-11,244.92519,249.20782,244.69664,246.38585,45205800,AAPL,229.86,206.58,230.84,-0.0052,0.8341,234.22,249.64,218.8,0.0076
2024-12-12,246.38583,247.16087,244.1203,245.32262,32777500,AAPL,230.29,206.91,231.45,0.006,0.8451,235.36,250.86,219.86,0.0076
2024-12-13,246.55475,247.70737,244.67674,246.24672,33155300,AAPL,230.74,207.25,232.05,0.0007,0.8464,236.35,252.07,220.63,0.0074
2024-12-16,249.44627,249.78413,246.07779,246.41565,51694800,AAPL,231.23,207.61,232.73,0.0117,0.868,237.64,253.19,222.09,0.0062
2024-12-17,251.87079,252.21857,248.19427,248.49239,51356400,AAPL,231.86,208.0,233.48,0.0097,0.8861,238.9,254.77,223.03,0.006
2024-12-18,246.47527,252.66571,246.16724,250.55917,56774100,AAPL,232.31,208.39,233.99,-0.0214,0.8458,239.89,255.03,224.75,0.0084
2024-12-19,248.20421,250.40019,245.52135,245.92876,60882300,AAPL,232.72,208.79,234.55,0.007,0.8587,240.92,255.32,226.52,0.0084
2024-12-20,252.87436,253.38112,244.13022,246.4653,147495300,AAPL,233.23,209.22,235.26,0.0188,0.8936,242.21,255.99,228.43,0.0089
2024-12-23,253.64941,254.027,251.84096,253.15259,40858800,AAPL,233.79,209.64,235.99,0.0031,0.8995,243.47,256.53,230.41,0.0089
2024-12-24,256.56082,256.57074,253.66928,253.86803,23234700,AAPL,234.33,210.07,236.79,0.0115,0.9213,244.73,257.74,231.72,0.0088
2024-12-26,257.37555,258.4487,255.99438,256.55084,27237100,AAPL,234.83,210.5,237.6,0.0032,0.9275,245.92,258.99,232.85,0.0088
2024-12-27,253.96736,257.05765,251.45343,256.19315,42355300,AAPL,235.31,210.92,238.24,-0.0132,0.902,246.95,259.08,234.82,0.0096
2024-12-30,250.59889,251.89064,249.1581,250.62871,35557500,AAPL,235.71,211.32,238.73,-0.0133,0.8768,247.69,258.72,236.66,0.0103
2024-12-31,248.83022,251.67206,247.8465,250.8374,39480700,AAPL,236.02,211.71,239.12,-0.0071,0.8634,248.22,258.28,238.16,0.0104
2025-01-02,242.30194,247.51862,240.28484,247.34967,55740700,AAPL,236.18,212.06,239.25,-0.0262,0.8146,248.28,258.18,238.38,0.0119
2025-01-03,241.81502,242.6298,240.35435,241.81502,40244100,AAPL,236.33,212.4,239.35,-0.002,0.811,248.3,258.15,238.45,0.0119
2025-01-06,243.4446,245.75981,241.65602,242.75897,45045600,AAPL,236.62,212.73,239.51,0.0067,0.8231,248.4,258.0,238.8,0.012
2025-01-07,240.67232,243.9911,239.81778,241.43742,40856000,AAPL,236.85,213.09,239.55,-0.0114,0.8023,248.37,258.07,238.67,0.0122
2025-01-08,241.15921,242.16281,238.52605,240.38417,37628900,AAPL,237.08,213.44,239.62,0.002,0.8059,248.17,258.31,238.03,0.0117
2025-01-10,235.34636,238.63535,231.5208,238.48628,61710900,AAPL,237.16,213.77,239.45,-0.0241,0.7624,247.62,259.25,235.99,0.0127
2025-01-13,232.91191,233.1802,228.26163,232.04744,49630700,AAPL,237.18,214.1,239.19,-0.0103,0.7443,247.02,260.36,233.68,0.0128
2025-01-14,231.79903,234.62099,230.99417,233.25969,39435300,AAPL,237.25,214.4,238.9,-0.0048,0.7359,246.29,261.27,231.31,0.0127
2025-01-15,236.35988,237.44296,232.94171,233.15039,39832000,AAPL,237.49,214.73,238.8,0.0197,0.7701,245.78,261.4,230.16,0.0136
2025-01-16,226.81088,236.49898,226.58235,235.84319,71759100,AAPL,237.6,215.02,238.33,-0.0404,0.6986,244.65,262.3,227.0,0.0157
2025-01-17,228.51996,230.81529,227.02948,230.64638,68488300,AAPL,237.76,215.33,237.95,0.0075,0.7113,243.48,262.18,224.78,0.0156
2025-01-21,221.22656,222.99525,217.98726,222.57793,98070400,AAPL,237.75,215.6,237.29,-0.0319,0.6567,242.22,263.32,221.12,0.0163
2025-01-22,222.40903,222.69717,218.39467,218.39467,64126500,AAPL,237.78,215.87,236.71,0.0053,0.6655,240.93,263.59,218.27,0.0163
2025-01-23,222.2401,225.5887,220.88873,223.31325,60234800,AAPL,237.71,216.14,236.14,-0.0008,0.6642,239.4,262.79,216.01,0.0153
2025-01-24,221.36568,224.19759,220.00438,223.35298,54697900,AAPL,237.62,216.42,235.56,-0.0039,0.6577,237.79,261.49,214.09,0.0152
2025-01-27,228.40074,230.6762,222.55806,222.59782,94863400,AAPL,237.74,216.72,235.28,0.0318,0.7104,236.38,258.69,214.07,0.017
2025-01-28,236.74739,238.66515,229.3447,229.38445,75707600,AAPL,238.02,217.07,235.34,0.0365,0.7728,235.35,255.36,215.34,0.0194
2025-01-29,237.84042,238.33725,232.52438,232.63368,45486100,AAPL,238.3,217.39,235.44,0.0046,0.781,234.54,252.6,216.48,0.0194
2025-01-30,236.08167,239.26135,235.70409,237.15482,55658300,AAPL,238.48,217.7,235.46,-0.0074,0.7678,233.81,250.24,217.38,0.0192
2025-01-31,234.50175,245.62071,231.95801,245.62071,100959800,AAPL,238.7,218.02,235.42,-0.0067,0.7559,233.1,247.95,218.25,0.0192
2025-02-03,226.56247,230.35823,224.26714,228.5299,73063300,AAPL,238.7,218.31,235.08,-0.0339,0.6964,232.31,246.77,217.85,0.0198
2025-02-04,231.32207,231.64998,225.2111,225.8073,45067300,AAPL,238.79,218.64,234.93,0.021,0.732,231.79,245.54,218.04,0.0205
2025-02-05,230.99414,231.19287,226.8208,227.07915,39620300,AAPL,238.86,218.97,234.78,-0.0014,0.7296,231.16,243.77,218.55,0.0204
2025-02-06,231.73941,232.31573,228.96712,229.82166,29925300,AAPL,238.95,219.31,234.66,0.0032,0.7352,230.72,242.52,218.92,0.0203
2025-02-07,226.18489,232.51445,225.81723,231.12334,39707200,AAPL,238.91,219.62,234.32,-0.024,0.6935,229.97,240.84,219.1,0.0209
2025-02-10,226.45346,229.378,226.00583,228.36339,33115600,AAPL,238.81,219.92,234.02,0.0012,0.6955,229.52,240.19,218.85,0.0203
2025-02-11,231.39734,233.99362,226.93095,227.00058,53718400,AAPL,238.77,220.24,233.91,0.0218,0.7325,229.45,240.04,218.86,0.0209
2025-02-12,235.62502,235.71455,229.46754,229.98482,45243300,AAPL,238.81,220.58,233.98,0.0183,0.7642,229.64,240.54,218.74,0.0212
2025-02-13,240.2605,241.06624,234.33183,235.66478,53614100,AAPL,238.9,220.94,234.23,0.0197,0.799,229.83,241.36,218.3,0.0212
2025-02-14,243.31439,244.2594,239.72336,239.982,40896200,AAPL,239.01,221.3,234.58,0.0127,0.8218,230.66,243.56,217.76,0.019
2025-02-18,243.18507,243.89133,240.5689,242.86674,48822500,AAPL,239.05,221.67,234.92,-0.0005,0.8209,231.39,245.4,217.38,0.019
2025-02-19,243.58295,244.71695,241.88194,243.37405,32204200,AAPL,239.09,222.05,235.26,0.0016,0.8238,232.51,246.67,218.35,0.0171
2025-02-20,244.53792,245.48293,243.006,243.6526,32316900,AAPL,239.15,222.42,235.62,0.0039,0.8309,233.62,247.91,219.33,0.0171
2025-02-21,244.25938,247.38287,243.93112,244.65727,53197400,AAPL,239.21,222.73,235.96,-0.0011,0.8289,234.72,248.71,220.73,0.0171
2025-02-24,245.80124,247.55199,243.13531,243.64262,51326400,AAPL,239.22,223.06,236.35,0.0063,0.8404,235.94,249.28,222.6,0.017
2025-02-25,245.74156,248.686,243.62277,246.69652,48013300,AAPL,239.21,223.39,236.72,-0.0002,0.8401,236.81,250.34,223.28,0.0158
2025-02-26,239.09668,243.6924,237.87315,243.04582,44433600,AAPL,239.1,223.68,236.81,-0.027,0.7904,236.92,250.48,223.36,0.0153
2025-02-27,236.05276,241.18565,235.81403,238.15167,41153600,AAPL,238.89,223.95,236.78,-0.0127,0.7677,236.83,250.39,223.27,0.0155
2025-02-28,240.5689,240.81758,228.99007,235.70459,56833400,AAPL,238.77,224.24,236.93,0.0191,0.8014,237.06,250.72,223.4,0.016
2025-03-03,236.7789,242.74736,234.86899,240.51913,47184000,AAPL,238.52,224.5,236.92,-0.0158,0.773,237.17,250.78,223.56,0.0164
2025-03-04,234.68994,238.8082,233.44652,236.4606,53798100,AAPL,238.17,224.75,236.84,-0.0088,0.7573,237.58,250.31,224.85,0.0144
2025-03-05,234.50095,235.30669,228.02515,234.18262,47227600,AAPL,237.93,224.98,236.74,-0.0008,0.7559,237.74,250.22,225.26,0.0137
2025-03-06,234.09312,236.60983,231.93452,233.20781,45170400,AAPL,237.65,225.21,236.64,-0.0017,0.753,237.89,250.09,225.69,0.0137
2025-03-07,237.81346,240.10136,233.52611,233.87427,46273600,AAPL,237.35,225.46,236.69,0.0159,0.7808,238.2,250.05,226.35,0.0141
2025-03-10,226.28436,234.91875,223.0415,234.302,72071200,AAPL,236.8,225.64,236.28,-0.0485,0.6945,238.2,250.03,226.37,0.0172
2025-03-11,219.67928,224.653,216.3071,222.63367,76137400,AAPL,236.06,225.79,235.63,-0.0292,0.645,237.86,251.37,224.35,0.0184
2025-03-12,215.83955,220.58449,213.78044,218.98296,62547500,AAPL,235.23,225.92,234.85,-0.0175,0.6162,237.09,253.62,220.56,0.0179
2025-03-13,208.57793,215.7003,207.32455,214.81497,61368300,AAPL,234.33,226.04,233.82,-0.0336,0.5619,235.73,256.62,214.84,0.0183
2025-03-14,212.36789,212.82547,208.47844,210.13966,60107600,AAPL,233.56,226.16,232.98,0.0182,0.5903,234.34,257.55,211.13,0.0182
2025-03-17,212.8752,214.08879,208.86638,212.18883,48073400,AAPL,232.84,226.28,232.19,0.0024,0.5941,232.82,257.5,208.14,0.0178
2025-03-18,211.57211,214.01918,210.37842,213.0344,42432400,AAPL,232.23,226.39,231.38,-0.0061,0.5844,231.24,257.14,205.34,0.0178
2025-03-19,214.1087,217.6102,212.62653,213.09406,54385400,AAPL,231.67,226.51,230.7,0.012,0.6034,229.76,256.05,203.47,0.0182
2025-03-20,212.9747,216.34688,211.10458,212.86528,48862900,AAPL,231.06,226.63,230.01,-0.0053,0.5949,228.18,254.53,201.83,0.018
2025-03-21,217.12277,217.68977,210.16951,210.44803,94127800,AAPL,230.59,226.75,229.5,0.0195,0.626,226.83,252.48,201.18,0.0189
2025-03-24,219.56984,220.3159,217.43115,219.83842,44299500,AAPL,230.16,226.88,229.11,0.0113,0.6444,225.52,249.73,201.31,0.0191
2025-03-25,222.57397,222.92213,218.92326,219.60963,34493600,AAPL,229.91,227.03,228.86,0.0137,0.6669,224.36,246.63,202.09,0.0196
2025-03-26,220.36565,223.83731,219.31122,222.33524,34466100,AAPL,229.66,227.16,228.53,-0.0099,0.6504,223.42,244.63,202.21,0.0189
2025-03-27,222.67346,223.80746,219.40074,220.22638,37094800,AAPL,229.47,227.3,228.3,0.0105,0.6678,222.75,243.11,202.39,0.019
2025-03-28,216.75471,222.63365,216.53587,220.5049,39818600,AAPL,229.08,227.43,227.84,-0.0266,0.6234,221.56,240.25,202.87,0.019
2025-03-31,220.96248,224.43413,215.09348,215.86938,65299300,AAPL,228.96,227.51,227.57,0.0194,0.6549,220.77,238.03,203.51,0.0196
2025-04-01,222.0169,222.50432,217.74945,218.65466,36412700,AAPL,228.83,227.56,227.36,0.0048,0.6628,220.14,236.13,204.15,0.0196
2025-04-02,222.71323,224.0064,219.85832,220.15674,35905900,AAPL,228.86,227.61,227.17,0.0031,0.668,219.55,234.12,204.98,0.0197
2025-04-03,202.12202,206.39943,200.19221,204.45967,103419000,AAPL,228.46,227.57,226.19,-0.0925,0.5137,217.95,232.81,203.09,0.0282
2025-04-04,187.3899,198.82945,186.35535,192.87093,125910900,AAPL,227.76,227.43,224.67,-0.0729,0.4033,215.43,232.97,197.89,0.0312
2025-04-07,180.50626,193.12955,173.7022,176.26863,160466300,AAPL,226.94,227.27,222.94,-0.0367,0.3518,213.14,235.89,190.39,0.0306
2025-04-08,171.51376,189.33957,168.32065,185.7187,120859500,AAPL,225.81,227.09,220.92,-0.0498,0.2845,210.73,239.87,181.59,0.0316
2025-04-09,197.80484,199.55559,170.98654,171.04622,184395900,AAPL,225.03,227.05,220.01,0.1533,0.4814,209.83,239.41,180.25,0.0485
2025-04-10,189.41914,193.75623,182.03815,188.07625,121880000,AAPL,224.06,226.97,218.81,-0.0424,0.4186,208.87,239.83,177.91,0.0488
2025-04-11,197.10852,198.49121,185.08206,185.12187,87435900,AAPL,223.28,226.92,217.96,0.0406,0.4762,208.11,239.46,176.76,0.0496
2025-04-14,201.45555,211.82079,200.10269,210.32866,101352900,AAPL,222.62,226.87,217.32,0.0221,0.5088,207.54,238.94,176.14,0.0499
2025-04-15,201.07753,202.44032,198.74983,200.799,51343900,AAPL,222.11,226.81,216.68,-0.0019,0.506,207.01,238.48,175.54,0.0499
2025-04-16,193.24892,199.64511,191.35889,197.31741,59732400,AAPL,221.35,226.73,215.76,-0.0389,0.4474,205.97,237.83,174.11,0.0505
2025-04-17,195.94467,197.78496,193.39813,196.16351,52164700,AAPL,220.65,226.64,214.98,0.0139,0.4675,205.12,237.1,173.14,0.0506
2025-04-21,192.14476,192.7814,188.81236,192.25418,46742500,AAPL,219.85,226.51,214.09,-0.0194,0.439,203.87,235.82,171.92,0.0505
2025-04-22,198.69017,200.53044,194.93999,195.08919,52976400,AAPL,219.3,226.4,213.48,0.0341,0.4881,202.82,233.97,171.67,0.0511
2025-04-23,203.52464,206.90677,201.7341,204.91728,52929200,AAPL,218.85,226.3,213.09,0.0243,0.5243,201.87,231.61,172.13,0.0513
2025-04-24,207.27481,207.7324,201.87335,203.81311,47311000,AAPL,218.36,226.2,212.87,0.0184,0.5523,201.22,229.8,172.64,0.0515
2025-04-25,208.18002,208.64755,205.11621,205.28531,38222300,AAPL,217.81,226.11,212.68,0.0044,0.5592,200.49,227.47,173.51,0.0515
2025-04-28,209.0355,210.38837,206.3696,208.89624,38743100,AAPL,217.19,226.0,212.54,0.0041,0.5655,200.11,226.32,173.9,0.0512
2025-04-29,210.09988,211.12447,207.2748,207.59312,36827600,AAPL,216.53,225.92,212.44,0.0051,0.5735,199.56,224.36,174.76,0.051
2025-04-30,211.38312,212.45744,205.58376,208.19994,52286500,AAPL,215.89,225.84,212.4,0.0061,0.5831,199.03,222.21,175.85,0.051
2025-05-01,212.1988,213.43228,207.80202,207.98108,57365700,AAPL,215.26,225.74,212.39,0.0039,0.5893,198.51,219.83,177.19,0.051
2025-05-02,204.27068,205.90205,201.09744,205.00677,101010600,AAPL,214.46,225.59,212.07,-0.0374,0.5299,198.61,220.03,177.19,0.0471
2025-05-05,197.84465,203.02727,197.16823,202.03253,69018500,AAPL,213.53,225.45,211.52,-0.0315,0.4817,199.14,219.9,178.38,0.0445
2025-05-06,197.46663,199.59538,195.98447,197.16821,51216500,AAPL,212.56,225.33,210.97,-0.0019,0.4789,199.98,218.84,181.12,0.0435
2025-05-07,195.21852,198.39175,192.23428,198.12317,68536700,AAPL,211.55,225.19,210.35,-0.0114,0.462,201.17,214.73,187.61,0.0418
2025-05-08,196.452,198.99854,193.65675,196.68079,50478900,AAPL,210.7,225.06,209.8,0.0063,0.4712,201.1,214.74,187.46,0.0238
2025-05-09,197.48654,199.48598,196.50174,197.95407,36453900,AAPL,209.93,224.93,209.32,0.0053,0.479,201.51,214.14,188.88,0.0217
2025-05-12,209.95705,210.43517,205.93301,210.13634,63775800,AAPL,209.31,224.9,209.35,0.0631,0.5723,202.15,215.14,189.16,0.0242
2025-05-13,212.0886,212.55673,208.17413,209.59846,51909300,AAPL,208.82,224.88,209.45,0.0102,0.5884,202.68,216.4,188.96,0.0239
2025-05-14,211.49097,213.0946,209.74788,211.59056,49325800,AAPL,208.36,224.86,209.53,-0.0028,0.5839,203.2,217.44,188.96,0.0239
2025-05-15,210.61446,212.1185,208.712,210.11642,45029500,AAPL,207.88,224.83,209.58,-0.0041,0.5774,204.07,217.87,190.27,0.0218
2025-05-16,210.4252,211.73004,208.9411,211.52086,54737900,AAPL,207.41,224.8,209.61,-0.0009,0.576,204.79,218.31,191.27,0.0218
2025-05-19,207.955,208.65224,203.45287,207.08844,46140500,AAPL,206.81,224.74,209.54,-0.0117,0.5576,205.58,217.77,193.39,0.0214
2025-05-20,206.04259,207.64622,204.21982,206.84938,42496600,AAPL,206.4,224.68,209.41,-0.0092,0.5432,205.95,217.7,194.2,0.0204
2025-05-21,201.29143,206.22186,199.91689,204.35925,59211800,AAPL,206.04,224.6,209.09,-0.0231,0.5076,205.84,217.73,193.95,0.0204
2025-05-22,200.56432,201.94882,198.91087,199.91689,46742400,AAPL,205.73,224.57,208.75,-0.0036,0.5022,205.5,217.59,193.41,0.0199
2025-05-23,194.49838,196.91878,192.69554,192.9047,78432900,AAPL,205.45,224.51,208.19,-0.0302,0.4568,204.82,217.79,191.85,0.0209
2025-05-27,199.41887,199.94678,196.64984,197.51642,56288500,AAPL,205.19,224.47,207.85,0.0253,0.4937,204.34,217.37,191.31,0.0218
2025-05-28,199.62804,201.92891,199.11009,199.79736,45339700,AAPL,204.92,224.41,207.53,0.001,0.4952,203.81,216.7,190.92,0.0217
2025-05-29,199.15988,203.00462,197.72557,202.77554,51396800,AAPL,204.68,224.33,207.2,-0.0023,0.4917,203.2,215.74,190.66,0.0216
2025-05-30,200.05634,201.16196,196.00241,198.58217,70819900,AAPL,204.4,224.25,206.92,0.0045,0.4984,202.6,214.46,190.74,0.0216
2025-06-02,200.90297,201.33128,199.32921,199.48859,35423300,AAPL,204.15,224.16,206.68,0.0042,0.5047,202.43,214.29,190.57,0.0201
2025-06-03,202.46677,202.9648,200.1659,200.55435,46381600,AAPL,203.86,224.07,206.52,0.0078,0.5165,202.66,214.32,191.0,0.0188
2025-06-04,202.01857,205.42505,201.3014,202.10822,43604000,AAPL,203.51,223.97,206.34,-0.0022,0.5131,202.89,214.3,191.48,0.0188
2025-06-05,199.83722,203.94093,199.3591,202.69588,55126100,AAPL,203.06,223.84,206.09,-0.0108,0.4968,203.12,214.05,192.19,0.0188
2025-06-06,203.1142,204.88716,201.25159,202.19783,46607700,AAPL,202.71,223.74,205.97,0.0164,0.5213,203.45,213.92,192.98,0.019
2025-06-09,200.65395,205.18597,199.2296,203.58234,72862600,AAPL,202.27,223.62,205.76,-0.0121,0.5029,203.61,213.79,193.43,0.0193
2025-06-10,201.86914,203.54251,199.77745,199.80733,54672600,AAPL,201.97,223.5,205.61,0.0061,0.5121,203.2,212.95,193.45,0.0127
2025-06-11,197.9945,203.69191,197.62598,202.69586,60989900,AAPL,201.51,223.38,205.31,-0.0192,0.4831,202.5,211.56,193.44,0.0129
2025-06-12,198.41286,198.89096,196.58012,198.29333,43904600,AAPL,201.04,223.25,205.04,0.0021,0.4862,201.85,210.03,193.67,0.013
2025-06-13,195.67372,199.57823,194.92668,198.94077,51447300,AAPL,200.5,223.1,204.67,-0.0138,0.4657,201.1,208.61,193.59,0.0132
2025-06-16,197.63594,197.90488,195.7833,196.52037,43020700,AAPL,200.41,222.95,204.4,0.01,0.4803,200.46,206.69,194.23,0.0135
2025-06-17,194.86693,197.60606,194.43863,196.42076,38856200,AAPL,200.56,222.8,204.02,-0.014,0.4596,199.81,205.45,194.17,0.0136
2025-06-18,195.8032,196.7893,194.29918,195.16574,45394700,AAPL,200.87,222.64,203.7,0.0048,0.4666,199.29,204.38,194.2,0.0136
2025-06-20,200.20575,200.90298,196.0821,197.45667,96813500,AAPL,201.44,222.51,203.56,0.0225,0.4996,199.24,204.26,194.22,0.0138
2025-06-23,200.70375,201.5006,198.1738,200.83324,55814300,AAPL,201.5,222.41,203.45,0.0025,0.5033,199.25,204.28,194.22,0.0138
2025-06-24,199.50851,202.63611,199.4089,201.78946,54064000,AAPL,201.7,222.31,203.3,-0.006,0.4943,199.5,204.0,195.0,0.012
2025-06-25,200.76353,202.8652,199.82724,200.65396,39525700,AAPL,201.77,222.21,203.2,0.0063,0.5037,199.56,204.1,195.02,0.0106
2025-06-26,200.20575,201.83926,198.67184,200.63405,50799100,AAPL,201.75,222.11,203.08,-0.0028,0.4995,199.59,204.14,195.04,0.0107
2025-06-27,200.28543,202.41698,199.2097,201.09222,73188600,AAPL,201.73,222.02,202.97,0.0004,0.5001,199.65,204.2,195.1,0.0106
2025-06-30,204.35925,206.57048,198.47261,201.21173,91912800,AAPL,201.95,221.95,203.03,0.0203,0.5306,199.86,204.88,194.84,0.0115
2025-07-01,206.9988,209.35942,205.32542,205.85333,78788900,AAPL,202.17,221.88,203.18,0.0129,0.5503,200.17,206.11,194.23,0.0118
2025-07-02,211.60052,212.49696,207.31752,208.08447,67941800,AAPL,202.56,221.83,203.51,0.0222,0.5847,200.63,208.43,192.83,0.0126
2025-07-03,212.70616,213.8018,210.97304,211.31169,34955800,AAPL,202.84,221.79,203.87,0.0052,0.593,201.16,210.64,191.68,0.0126
2025-07-07,209.12038,215.37556,207.97493,211.83958,50229000,AAPL,202.96,221.76,204.08,-0.0169,0.5661,201.62,211.72,191.52,0.013
2025-07-08,209.18015,210.59453,207.62631,209.2698,42848900,AAPL,202.99,221.73,204.28,0.0003,0.5665,201.93,212.57,191.29,0.0126
2025-07-09,210.30568,210.49493,206.40117,208.70204,48749400,AAPL,203.04,221.69,204.51,0.0054,0.575,202.41,213.66,191.16,0.0122
2025-07-10,211.57065,212.63641,209.20004,209.67815,44443600,AAPL,203.09,221.61,204.79,0.006,0.5844,202.9,214.87,190.93,0.0122
2025-07-11,210.32559,211.29176,209.03073,209.73793,39765800,AAPL,203.09,221.53,205.01,-0.0059,0.5751,203.51,215.68,191.34,0.0113
2025-07-14,207.79562,210.07658,206.7199,209.10045,38840100,AAPL,203.02,221.44,205.12,-0.012,0.5562,203.98,216.05,191.91,0.0117
2025-07-15,208.2837,211.05272,208.09445,208.39328,42296300,AAPL,202.94,221.36,205.24,0.0023,0.5598,204.61,216.16,193.06,0.0111
2025-07-16,209.32956,211.5607,207.81557,209.46901,47490500,AAPL,203.04,221.28,205.4,0.005,0.5676,205.2,216.44,193.96,0.011
2025-07-17,209.1901,210.96306,208.76178,209.73793,48068100,AAPL,203.27,221.2,205.55,-0.0007,0.5665,205.91,216.16,195.66,0.0103
2025-07-18,210.3455,210.9531,208.87135,210.03673,48974600,AAPL,203.53,221.12,205.74,0.0055,0.5751,206.64,215.89,197.39,0.0103
2025-07-21,211.64037,214.92732,210.79373,211.26187,51377400,AAPL,203.86,221.02,205.97,0.0062,0.5849,207.21,216.19,198.23,0.0093
2025-07-22,213.5528,214.10063,211.39137,212.29778,46404100,AAPL,204.2,220.96,206.27,0.009,0.5991,207.85,216.71,198.99,0.0094
2025-07-23,213.30377,214.29982,211.57066,214.15042,46989300,AAPL,204.51,220.91,206.54,-0.0012,0.5972,208.54,216.79,200.29,0.0093
2025-07-24,212.91531,214.83769,212.68623,213.05476,46022600,AAPL,204.57,220.85,206.79,-0.0018,0.5943,209.15,216.75,201.55,0.0093
2025-07-25,213.03484,214.38947,212.55672,213.8516,40268800,AAPL,204.59,220.79,207.04,0.0006,0.5953,209.79,216.3,203.28,0.0092
2025-07-28,213.20418,214.00102,212.21808,213.18425,37858000,AAPL,204.63,220.76,207.28,0.0008,0.5966,210.44,215.34,205.54,0.0092
2025-07-29,210.43517,213.96117,209.98695,213.33365,51411700,AAPL,204.62,220.69,207.4,-0.013,0.5758,210.74,214.72,206.76,0.009
2025-07-30,208.22394,211.55074,206.89919,211.06267,45512500,AAPL,204.58,220.59,207.44,-0.0105,0.5593,210.8,214.57,207.03,0.0089
2025-07-31,206.74979,209.0108,206.3414,207.66615,80698400,AAPL,204.56,220.49,207.41,-0.0071,0.5482,210.56,214.72,206.4,0.0074
2025-08-01,201.5803,212.73605,200.70378,210.03674,104434500,AAPL,204.47,220.36,207.18,-0.025,0.5095,210.0,215.66,204.34,0.009
2025-08-04,202.54646,207.05856,200.88304,203.70187,75109300,AAPL,204.49,220.23,207.0,0.0048,0.5167,209.68,216.25,203.11,0.0085
2025-08-05,202.11815,204.52858,201.36116,202.59625,44155100,AAPL,204.52,220.08,206.81,-0.0021,0.5135,209.32,216.71,201.93,0.0084
2025-08-06,212.40733,214.52892,204.7776,204.81744,108483100,AAPL,204.88,219.99,207.03,0.0509,0.5906,209.43,216.93,201.93,0.0144
2025-08-07,219.16054,219.97731,215.72417,218.01509,90224800,AAPL,205.28,219.93,207.5,0.0318,0.6412,209.81,218.45,201.17,0.016
2025-08-08,228.44373,230.0872,218.38364,219.95738,113854000,AAPL,205.85,219.91,208.32,0.0424,0.7107,210.71,222.72,198.7,0.0183
2025-08-11,226.5391,228.91238,224.12592,227.27701,61806100,AAPL,206.4,219.87,209.04,-0.0083,0.6965,211.65,225.49,197.81,0.0181
2025-08-12,229.00212,230.14888,226.42941,227.36674,55626200,AAPL,206.98,219.84,209.82,0.0109,0.715,212.69,228.44,196.94,0.0182
2025-08-13,232.67175,234.33704,229.77992,230.41814,69878500,AAPL,207.61,219.86,210.72,0.016,0.7425,213.85,231.85,195.85,0.0183
2025-08-14,232.1233,234.4567,230.19876,233.39969,51916300,AAPL,208.21,219.88,211.56,-0.0024,0.7383,215.0,234.6,195.4,0.0184
2025-08-15,230.93668,233.6191,228.69302,233.33987,56038700,AAPL,208.78,219.89,212.32,-0.0051,0.7294,216.03,236.73,195.33,0.0185
2025-08-18,230.23863,232.46234,229.46083,231.04634,37476200,AAPL,209.39,219.88,213.02,-0.003,0.7242,216.96,238.49,195.43,0.0186
2025-08-19,229.90958,232.21306,228.703,230.62755,39402600,AAPL,209.93,219.87,213.68,-0.0014,0.7218,217.78,239.99,195.57,0.0186
2025-08-20,225.37239,229.81981,225.13307,229.33119,42263900,AAPL,210.42,219.85,214.14,-0.0197,0.6879,218.38,240.74,196.02,0.0193
2025-08-21,224.26552,225.88095,223.14868,225.63167,30621200,AAPL,210.87,219.85,214.54,-0.0049,0.6796,218.95,241.3,196.6,0.0194
2025-08-22,227.11746,228.44371,224.7741,225.53195,42477800,AAPL,211.45,219.88,215.03,0.0127,0.701,219.65,242.1,197.2,0.0195
2025-08-25,226.51917,228.65312,225.59178,225.84108,30983100,AAPL,212.02,219.91,215.48,-0.0026,0.6965,220.32,242.76,197.88,0.0195
2025-08-26,228.66309,228.84259,224.05612,226.22997,54575100,AAPL,212.68,219.95,216.0,0.0095,0.7127,221.23,243.46,199.0,0.0192
2025-08-27,229.83977,230.2486,227.61604,227.96507,31259500,AAPL,213.32,219.99,216.54,0.0051,0.7214,222.31,243.97,200.65,0.0189
2025-08-28,231.90392,232.75153,228.693,230.16884,38074700,AAPL,214.06,220.02,217.14,0.009,0.7369,223.57,244.33,202.81,0.0187
2025-08-29,231.4851,232.72162,230.71727,231.85406,39418400,AAPL,214.77,220.05,217.71,-0.0018,0.7338,225.06,243.3,206.82,0.0173
2025-09-02,229.07193,230.19875,226.32968,228.60326,44075600,AAPL,215.35,220.08,218.15,-0.0104,0.7157,226.39,241.29,211.49,0.0177
2025-09-03,237.79724,238.17618,233.69884,236.5408,66427800,AAPL,216.09,220.16,218.92,0.0381,0.7811,228.17,238.76,217.58,0.019
2025-09-04,239.10355,239.2232,236.07213,237.7773,47549400,AAPL,216.88,220.24,219.71,0.0055,0.7909,229.51,238.31,220.71,0.0161
2025-09-05,239.01381,240.63922,237.8172,239.32294,54870400,AAPL,217.65,220.3,220.47,-0.0004,0.7902,230.5,238.85,222.15,0.015
2025-09-08,237.20892,239.4725,235.67326,238.62491,48999500,AAPL,218.39,220.36,221.13,-0.0076,0.7766,230.94,239.74,222.14,0.0122
2025-09-09,233.68889,238.10638,232.70168,236.3314,66313900,AAPL,219.06,220.4,221.62,-0.0148,0.7503,231.3,239.93,222.67,0.0126
2025-09-10,226.15019,231.76431,225.31256,231.53497,83440800,AAPL,219.49,220.4,221.8,-0.0323,0.6937,231.15,240.03,222.27,0.0145
2025-09-11,229.38106,229.79987,226.01059,226.23994,50208600,AAPL,219.94,220.41,222.09,0.0143,0.718,230.99,239.87,222.11,0.0144
2025-09-12,233.40967,233.84842,228.37392,228.57335,55824200,AAPL,220.38,220.44,222.54,0.0176,0.7482,231.05,239.99,222.11,0.0149
2025-09-15,236.03224,237.51805,234.36696,236.3314,42699500,AAPL,220.84,220.48,223.07,0.0112,0.7678,231.31,240.52,222.1,0.0151
2025-09-16,237.47815,240.53949,235.65332,236.51088,63421100,AAPL,221.41,220.51,223.63,0.0061,0.7786,231.67,241.26,222.08,0.0151
2025-09-17,238.3158,239.42267,237.05934,238.29585,46508000,AAPL,221.99,220.53,224.21,0.0035,0.7848,232.09,242.09,222.09,0.0151
2025-09-18,237.20892,240.51955,235.98238,239.29303,44249600,AAPL,222.53,220.55,224.72,-0.0046,0.7766,232.68,242.4,222.96,0.0143
2025-09-19,244.8074,245.60515,239.53233,240.54944,163741300,AAPL,223.2,220.59,225.51,0.032,0.8334,233.71,244.01,223.41,0.0156
2025-09-22,255.35756,255.916,247.42003,247.59952,105517400,AAPL,224.1,220.68,226.68,0.0431,0.9125,235.12,248.8,221.44,0.0177
2025-09-23,253.71223,256.614,252.86464,255.15816,60275200,AAPL,225.02,220.74,227.74,-0.0064,0.9002,236.48,251.86,221.1,0.0179
2025-09-24,251.5982,255.01854,250.33179,254.5,42303700,AAPL,225.88,220.79,228.67,-0.0083,0.8844,237.63,253.95,221.31,0.0181
2025-09-25,256.14536,256.44452,250.99992,252.4957,55202100,AAPL,226.82,220.87,229.75,0.0181,0.9186,238.94,256.78,221.1,0.0184
2025-09-26,254.73932,256.8733,253.06406,253.38315,46076300,AAPL,227.73,220.93,230.73,-0.0055,0.908,240.09,258.93,221.25,0.0185
2025-09-29,253.71223,254.28064,252.29625,253.84187,40127700,AAPL,228.6,220.98,231.63,-0.004,0.9004,241.2,260.52,221.88,0.0185
2025-09-30,253.91167,255.19803,252.39595,254.141,37704300,AAPL,229.44,221.02,232.5,0.0008,0.9019,242.44,261.67,223.21,0.0182
2025-10-01,254.72934,258.05994,254.2108,254.3205,48713900,AAPL,230.27,221.06,233.38,0.0032,0.908,243.29,263.14,223.44,0.0165
2025-10-02,256.4046,257.45163,253.433,255.85614,42630200,AAPL,231.13,221.11,234.28,0.0066,0.9206,244.15,264.73,223.57,0.0165
2025-10-03,257.29208,258.50864,253.23357,253.95154,49155600,AAPL,232.02,221.17,235.18,0.0035,0.9273,245.06,266.29,223.83,0.0165
2025-10-06,255.96585,258.33914,254.33047,257.26218,44664100,AAPL,232.87,221.2,236.0,-0.0052,0.9173,246.0,267.43,224.57,0.0164
2025-10-07,255.75647,256.67386,254.70941,256.0855,31955800,AAPL,233.72,221.22,236.77,-0.0008,0.9157,247.11,268.14,226.08,0.0159
2025-10-08,257.33197,257.79065,255.38747,255.79631,36496900,AAPL,234.66,221.27,237.58,0.0062,0.9276,248.66,267.67,229.65,0.0133
2025-10-09,253.3233,257.27213,252.42584,257.08267,38322000,AAPL,235.56,221.3,238.2,-0.0156,0.8975,249.86,266.65,233.07,0.014
2025-10-10,244.57806,255.65672,243.31165,254.22078,61999100,AAPL,236.32,221.26,238.45,-0.0345,0.8321,250.42,265.56,235.28,0.0162
2025-10-13,246.96132,248.9856,244.86723,248.67647,38142900,AAPL,237.23,221.23,238.78,0.0097,0.8498,250.97,264.65,237.29,0.0162
2025-10-14,247.07101,248.14796,244.00967,245.90431,35478000,AAPL,238.12,221.18,239.1,0.0004,0.8506,251.45,263.74,239.16,0.0162
2025-10-15,248.63658,251.10959,246.77187,248.78616,33893600,AAPL,239.05,221.13,239.48,0.0063,0.8622,251.96,262.69,241.23,0.0162
2025-10-16,246.75192,248.33743,244.43848,247.54967,39777000,AAPL,239.74,221.1,239.76,-0.0076,0.8481,252.44,261.05,243.83,0.0163
2025-10-17,251.57826,252.66519,246.57243,247.32031,49147000,AAPL,240.39,221.1,240.23,0.0196,0.8843,252.78,260.62,244.94,0.0153
2025-10-20,261.50015,263.63412,254.90881,255.16808,90483000,AAPL,241.05,221.17,241.06,0.0394,0.9586,253.08,261.78,244.38,0.0148
2025-10-21,262.0287,264.5416,261.09134,261.1412,46695900,AAPL,241.76,221.26,241.88,0.002,0.9625,253.5,263.08,243.92,0.0147
2025-10-22,257.7209,262.10846,254.70938,261.90903,45015300,AAPL,242.33,221.34,242.5,-0.0164,0.9303,253.81,263.52,244.1,0.0151
2025-10-23,258.84772,259.8848,257.28217,259.20673,32754900,AAPL,242.85,221.42,243.15,0.0044,0.9388,253.94,263.86,244.02,0.0146
2025-10-24,262.07855,263.38486,258.4488,260.45316,38253700,AAPL,243.45,221.53,243.89,0.0125,0.963,254.31,264.88,243.74,0.0147
2025-10-27,268.05164,268.36075,263.90338,264.13272,44888200,AAPL,244.2,221.66,244.84,0.0228,1.0078,255.03,267.25,242.81,0.0154
2025-10-28,268.2411,269.1286,267.3935,268.2311,41534800,AAPL,244.96,221.83,245.75,0.0007,1.0092,255.74,269.29,242.19,0.0154
2025-10-29,268.93915,270.64432,266.3564,268.52032,51086700,AAPL,245.74,222.01,246.66,0.0026,1.0144,256.45,271.21,241.69,0.0154
2025-10-30,270.63434,273.36664,267.7226,271.22266,69886500,AAPL,246.64,222.2,247.6,0.0063,1.0271,257.16,273.23,241.09,0.0154
2025-10-31,269.60724,276.53766,268.40067,276.20856,86167100,AAPL,247.55,222.37,248.47,-0.0038,1.0194,257.78,274.78,240.78,0.0155
2025-11-03,268.291,270.08594,265.4989,269.65714,50194600,AAPL,248.37,222.58,249.24,-0.0049,1.0095,258.4,276.01,240.79,0.0154
2025-11-04,269.2782,270.7241,266.86502,267.573,49274800,AAPL,249.23,222.78,250.03,0.0037,1.0169,259.07,277.28,240.86,0.0154
2025-11-05,269.3779,270.9335,266.17694,267.85217,43683100,AAPL,250.04,223.02,250.79,0.0004,1.0177,259.67,278.43,240.91,0.0154
2025-11-06,269.00894,272.6287,267.13428,267.13428,51204000,AAPL,250.82,223.25,251.5,-0.0014,1.0149,260.46,279.41,241.51,0.0149
2025-11-07,267.71262,271.52185,266.0174,269.03885,48227400,AAPL,251.54,223.48,252.14,-0.0048,1.0052,261.62,279.27,243.97,0.0121
2025-11-10,268.93033,273.22238,266.964,268.4612,41312400,AAPL,252.29,223.72,252.8,0.0045,1.0143,262.71,279.21,246.21,0.0121
2025-11-11,274.73956,275.39835,269.29965,269.30966,46208300,AAPL,253.2,223.95,253.66,0.0216,1.0578,264.1,279.7,248.5,0.0126
2025-11-12,272.9629,275.21872,271.1962,274.49005,48398000,AAPL,253.91,224.13,254.41,-0.0065,1.0444,265.31,279.57,251.05,0.0129
2025-11-13,272.44382,276.18686,271.5854,273.60165,49602800,AAPL,254.57,224.3,255.12,-0.0019,1.0405,266.6,278.2,255.0,0.0127
2025-11-14,271.90485,275.44824,269.10007,270.54736,47431300,AAPL,255.23,224.48,255.78,-0.002,1.0364,267.61,277.02,258.2,0.0123
2025-11-17,266.964,269.98837,265.2372,268.32147,45018300,AAPL,255.83,224.65,256.22,-0.0182,0.9994,267.89,276.86,258.92,0.0101
2025-11-18,266.94403,270.20795,264.82797,269.4893,45677300,AAPL,256.49,224.85,256.64,-0.0001,0.9992,268.13,276.68,259.58,0.0101
2025-11-19,268.06198,271.7052,265.00766,265.0376,40424500,AAPL,257.33,225.03,257.09,0.0042,1.0076,268.65,275.66,261.64,0.0092
2025-11-20,265.75626,274.91922,265.42688,270.32776,45823600,AAPL,258.06,225.2,257.43,-0.0086,0.9903,269.0,274.5,263.5,0.0095
2025-11-21,270.9865,272.8231,265.17734,265.45682,59030800,AAPL,258.81,225.4,257.96,0.0197,1.0295,269.44,273.93,264.95,0.0101
2025-11-24,275.40836,276.48633,270.39764,270.39764,65585800,AAPL,259.6,225.65,258.64,0.0163,1.0626,269.81,274.97,264.65,0.0095
2025-11-25,276.45636,279.86005,274.73956,274.7595,46914200,AAPL,260.38,225.9,259.34,0.0038,1.0704,270.22,276.11,264.33,0.0095
2025-11-26,277.0353,279.01166,276.11703,276.4464,33431400,AAPL,261.15,226.13,260.04,0.0021,1.0748,270.63,277.22,264.04,0.0095
2025-11-28,278.3329,278.4826,275.47818,276.74585,20135600,AAPL,261.97,226.34,260.75,0.0047,1.0845,271.01,278.45,263.57,0.0094
2025-12-01,282.575,282.89444,275.62793,277.49445,46587700,AAPL,262.73,226.55,261.61,0.0152,1.1162,271.66,280.68,262.64,0.0098
2025-12-02,285.65927,286.867,282.10587,282.4752,53669500,AAPL,263.33,226.76,262.55,0.0109,1.1393,272.53,283.35,261.71,0.0098
2025-12-03,283.62305,288.08475,282.77463,285.66925,43538700,AAPL,263.93,226.96,263.38,-0.0071,1.1241,273.24,285.01,261.47,0.0101
2025-12-04,280.17944,284.20197,278.07333,283.57312,43989100,AAPL,264.5,227.15,264.04,-0.0121,1.0984,273.78,285.79,261.77,0.0106
2025-12-05,278.263,280.61865,277.53433,280.01974,47265800,AAPL,264.95,227.32,264.59,-0.0068,1.0841,274.25,286.2,262.3,0.0108
2025-12-08,277.37466,279.15137,275.63788,277.6142,38211800,AAPL,265.4,227.48,265.1,-0.0032,1.0775,274.73,286.35,263.11,0.0107
2025-12-09,276.666,279.5107,276.4065,277.64417,32193300,AAPL,265.86,227.64,265.55,-0.0026,1.072,275.12,286.43,263.81,0.0108
2025-12-10,278.263,279.2312,275.92734,277.23492,33038300,AAPL,266.34,227.8,266.05,0.0058,1.0841,275.29,286.69,263.89,0.0097
2025-12-11,277.5144,279.0715,273.30222,278.58243,33248000,AAPL,266.8,227.99,266.5,-0.0027,1.0784,275.52,286.9,264.14,0.0096
2025-12-12,277.76392,278.70218,276.30664,277.3846,39532900,AAPL,267.23,228.2,266.94,0.0009,1.0803,275.79,287.12,264.46,0.0096
2025-12-15,273.60165,279.63046,272.334,279.63046,50409100,AAPL,267.55,228.36,267.2,-0.015,1.0491,275.87,287.1,264.64,0.0102
2025-12-16,274.10074,274.9891,271.28598,272.3141,37648600,AAPL,267.92,228.55,267.47,0.0018,1.0528,276.23,286.7,265.76,0.0093
2025-12-17,271.33588,275.64786,271.13626,274.5,50138700,AAPL,268.23,228.73,267.62,-0.0101,1.0321,276.45,286.26,266.64,0.0096
2025-12-18,271.68524,273.12256,266.45496,273.1026,51630700,AAPL,268.52,228.92,267.78,0.0013,1.0347,276.63,285.91,267.35,0.0096
2025-12-19,273.1625,274.09076,269.39948,271.6453,144632000,AAPL,268.91,229.12,267.99,0.0054,1.0457,277.0,284.95,269.05,0.0094
2025-12-22,270.4675,273.3721,270.00836,272.35397,36571800,AAPL,269.43,229.28,268.09,-0.0099,1.0254,276.97,285.0,268.94,0.0086
2025-12-23,271.85492,271.99466,269.06012,270.33774,29642000,AAPL,269.93,229.51,268.24,0.0051,1.0358,276.8,285.13,268.47,0.0078
2025-12-24,273.30222,274.91922,271.69522,271.83493,17910600,AAPL,270.45,229.77,268.44,0.0053,1.0466,276.64,285.12,268.16,0.0079
2025-12-26,272.893,274.85934,272.354,273.6516,21521800,AAPL,270.94,230.06,268.61,-0.0015,1.0435,276.43,285.07,267.79,0.0079
2025-12-29,273.25235,273.85123,271.84497,272.18433,23715200,AAPL,271.47,230.38,268.79,0.0013,1.0461,276.18,284.88,267.48,0.0078
2025-12-30,272.57355,273.5717,271.77505,272.30405,22139600,AAPL,271.89,230.68,268.94,-0.0025,1.041,275.68,283.97,267.39,0.0068
2025-12-31,271.35583,273.17245,271.24606,272.55362,27293600,AAPL,272.08,230.98,269.04,-0.0045,1.0318,274.96,282.0,267.92,0.0061
2026-01-02,270.50745,277.32477,268.50116,271.75513,37838100,AAPL,272.25,231.27,269.09,-0.0031,1.0255,274.31,280.32,268.3,0.006
2026-01-05,266.7644,271.00653,265.64648,270.13815,45647200,AAPL,272.43,231.53,269.0,-0.0138,0.9976,273.64,279.88,267.4,0.0062
2026-01-06,261.87347,267.05386,261.63394,266.50488,52352100,AAPL,272.5,231.78,268.72,-0.0183,0.961,272.82,280.61,265.03,0.0071
2026-01-07,259.84723,263.191,259.32822,262.71194,48309800,AAPL,272.45,231.99,268.37,-0.0077,0.9459,271.94,281.35,262.53,0.0072
2026-01-08,258.55963,258.80917,255.22581,256.54337,50419300,AAPL,272.26,232.19,267.99,-0.005,0.9362,271.03,281.9,260.16,0.0072
2026-01-09,258.889,259.72745,255.74486,258.59955,39997000,AAPL,272.07,232.37,267.63,0.0013,0.9387,270.07,281.65,258.49,0.0069
2026-01-12,259.76736,260.8154,256.32376,258.67938,45263800,AAPL,271.89,232.57,267.32,0.0034,0.9453,269.18,281.07,257.29,0.0071
2026-01-13,260.5659,261.3245,257.91086,258.24023,45730800,AAPL,271.69,232.76,267.06,0.0031,0.9513,268.32,280.09,256.55,0.0072
2026-01-14,259.4779,261.33447,256.23392,259.0088,40019400,AAPL,271.49,232.97,266.76,-0.0042,0.9432,267.61,279.73,255.49,0.0066
2026-01-15,257.73117,260.55594,256.5733,260.16666,39388600,AAPL,271.28,233.15,266.41,-0.0067,0.9301,266.79,279.27,254.31,0.0066
2026-01-16,255.05612,258.41986,254.45723,257.42172,72142800,AAPL,270.99,233.32,265.96,-0.0104,0.9101,265.98,279.31,252.65,0.0066
2026-01-20,246.24251,254.3175,242.9686,252.26132,80267500,AAPL,270.53,233.44,265.19,-0.0346,0.844,264.71,280.39,249.03,0.0096
2026-01-21,247.19075,251.0935,244.72533,248.2388,54641700,AAPL,270.09,233.66,264.48,0.0039,0.8512,263.41,280.39,246.43,0.0095
2026-01-22,247.88945,250.53453,247.6898,248.73787,39708300,AAPL,269.7,233.96,263.83,0.0028,0.8563,262.28,280.26,244.3,0.0096
2026-01-23,247.58002,248.94748,244.22624,246.86137,41689000,AAPL,269.27,234.3,263.2,-0.0012,0.8541,261.07,279.6,242.54,0.0094
2026-01-26,254.93637,256.08423,249.33678,251.01366,55969200,AAPL,268.87,234.72,262.87,0.0297,0.9092,260.15,277.93,242.37,0.012
2026-01-27,257.79105,261.46423,257.73117,258.6894,49648300,AAPL,268.57,235.02,262.67,0.0112,0.9306,259.39,276.14,242.64,0.0124
2026-01-28,255.96445,258.37994,254.03802,257.17218,41288000,AAPL,268.24,235.35,262.41,-0.0071,0.9169,258.53,274.01,243.05,0.0124
2026-01-29,257.80103,259.1685,253.9382,257.52155,67253000,AAPL,267.96,235.65,262.23,0.0072,0.9307,257.79,271.79,243.79,0.0126
2026-01-30,258.99884,261.41434,251.71236,254.69682,92443400,AAPL,267.8,235.94,262.1,0.0046,0.9395,257.17,269.65,244.69,0.0127
2026-02-02,269.50928,269.98837,258.72928,259.54776,73913400,AAPL,267.85,236.28,262.39,0.0406,1.0183,257.12,269.38,244.86,0.0159
2026-02-03,268.9803,271.37582,267.11374,268.7008,64394700,AAPL,267.87,236.66,262.65,-0.002,1.0143,257.23,269.89,244.57,0.0156
2026-02-04,275.97723,278.4327,271.78503,271.78503,90545700,AAPL,268.07,237.06,263.17,0.026,1.0666,257.94,273.03,242.85,0.0159
2026-02-05,275.39835,278.9817,272.72333,277.61423,52977400,AAPL,268.16,237.48,263.65,-0.0021,1.0623,258.72,275.71,241.73,0.0158
2026-02-06,277.60422,280.38904,276.4164,276.60608,50453400,AAPL,268.2,237.87,264.2,0.008,1.0788,259.67,278.64,240.7,0.0157
2026-02-09,274.36722,277.94394,271.44992,277.6542,44623400,AAPL,268.16,238.23,264.6,-0.0117,1.0545,260.44,280.51,240.37,0.0161
2026-02-10,273.42807,275.11652,272.68875,274.637,34376900,AAPL,268.09,238.56,264.94,-0.0034,1.0475,261.12,282.01,240.23,0.0161
2026-02-11,275.2464,279.9221,274.1974,274.44714,51931300,AAPL,268.03,238.89,265.35,0.0067,1.0612,261.86,283.67,240.05,0.0161
2026-02-12,261.4891,275.46622,259.94052,275.33633,81077200,AAPL,267.61,239.15,265.2,-0.05,0.9581,261.96,283.75,240.17,0.02
2026-02-13,255.54456,261.98862,255.21486,261.76883,56290700,AAPL,267.0,239.38,264.82,-0.0227,0.9137,261.85,283.75,239.95,0.0206
2026-02-17,263.63712,266.0449,255.30478,257.81247,58469100,AAPL,266.6,239.64,264.77,0.0317,0.9743,262.28,283.95,240.61,0.0216
2026-02-18,264.1067,266.57443,262.20844,263.3574,34203300,AAPL,266.28,239.9,264.75,0.0018,0.9779,263.17,283.49,242.85,0.0199
2026-02-19,260.34012,264.23654,259.8106,262.35828,30845300,AAPL,265.92,240.18,264.57,-0.0143,0.9496,263.83,282.78,244.88,0.0203
2026-02-20,264.33646,264.50632,257.9224,258.73163,42070500,AAPL,265.66,240.52,264.56,0.0154,0.9796,264.65,282.05,247.25,0.0205
2026-02-23,265.93497,269.18198,263.13754,263.24744,37308200,AAPL,265.45,240.86,264.62,0.006,0.9915,265.57,281.0,250.14,0.0204
2026-02-24,271.88953,274.637,267.4636,267.61343,47014600,AAPL,265.32,241.24,264.9,0.0224,1.0361,266.42,281.24,251.6,0.02
2026-02-25,273.9776,274.68695,270.8005,271.52985,33714300,AAPL,265.25,241.63,265.26,0.0077,1.0518,267.23,281.84,252.62,0.02
2026-02-26,272.69876,275.85583,270.55072,274.69693,32345100,AAPL,265.15,242.0,265.55,-0.0047,1.0422,268.06,281.84,254.28,0.0199
2026-02-27,263.93683,272.5589,262.64804,272.5589,72366500,AAPL,264.96,242.27,265.49,-0.0321,0.9766,268.37,281.45,255.29,0.0214
2026-03-02,264.47632,266.28464,259.96048,262.16846,41827900,AAPL,264.76,242.54,265.45,0.002,0.9806,268.64,281.1,256.18,0.0214
2026-03-03,263.50723,265.31555,259.89056,263.2375,38568900,AAPL,264.61,242.8,265.37,-0.0037,0.9732,268.34,281.0,255.68,0.0193
2026-03-04,262.27835,265.90503,261.17938,264.4064,39803100,AAPL,264.42,243.06,265.25,-0.0047,0.964,268.01,280.96,255.06,0.0193
2026-03-05,260.0504,261.31924,257.0132,260.54996,49658600,AAPL,264.16,243.3,265.05,-0.0085,0.9473,267.21,280.05,254.37,0.0183
2026-03-06,257.223,258.53177,254.13583,258.39194,41120000,AAPL,263.89,243.55,264.74,-0.0109,0.926,266.3,279.27,253.33,0.0183
2026-03-09,259.64078,260.9096,253.44647,255.45464,38218500,AAPL,263.65,243.82,264.54,0.0094,0.9441,265.41,277.55,253.27,0.0184
2026-03-10,260.5899,262.2384,256.7135,257.41284,30590800,AAPL,263.39,244.11,264.38,0.0037,0.9513,264.72,276.27,253.17,0.0183
2026-03-11,260.56992,261.8887,259.31107,260.84967,26218900,AAPL,263.15,244.41,264.24,-0.0001,0.9511,264.07,274.99,253.15,0.0183
2026-03-12,255.52457,258.71164,253.94601,258.4219,40794000,AAPL,262.79,244.72,263.89,-0.0194,0.9133,263.09,273.3,252.88,0.0186
2026-03-13,249.88977,256.09406,249.29033,255.24484,36930000,AAPL,262.34,244.97,263.34,-0.0221,0.871,262.51,274.3,250.72,0.0158
2026-03-16,252.5873,253.6563,249.65,251.87794,32074200,AAPL,261.96,245.24,262.92,0.0108,0.8912,262.36,274.58,250.14,0.0152
2026-03-17,253.99599,254.89517,251.94788,252.72717,32361600,AAPL,261.63,245.51,262.57,0.0056,0.9018,261.88,274.64,249.12,0.0133
2026-03-18,249.70995,254.70534,248.77081,252.39748,35757900,AAPL,261.29,245.76,262.07,-0.0169,0.8697,261.16,274.97,247.35,0.0137
2026-03-19,248.73085,251.5982,247.07237,249.17043,34864100,AAPL,261.03,246.0,261.55,-0.0039,0.8624,260.58,275.47,245.69,0.0134
2026-03-20,247.76173,248.97061,245.77356,247.75174,88331100,AAPL,260.79,246.22,261.0,-0.0039,0.8551,259.75,275.57,243.93,0.0128
2026-03-23,251.25851,254.36565,250.04962,253.73622,40546100,AAPL,260.64,246.47,260.62,0.0141,0.8813,259.01,274.99,243.03,0.0132
2026-03-24,251.40837,254.59544,249.3203,250.11957,45152300,AAPL,260.49,246.73,260.26,0.0006,0.8824,257.99,273.09,242.89,0.0119
2026-03-25,252.38747,254.76527,251.36842,253.86612,28476700,AAPL,260.34,246.97,259.95,0.0039,0.8897,256.91,270.18,243.64,0.0117
2026-03-26,252.65723,256.76346,250.53918,251.88792,41796700,AAPL,260.19,247.23,259.67,0.0011,0.8918,255.91,267.01,244.81,0.0118
2026-03-27,248.57098,255.25482,247.84166,253.66628,47900000,AAPL,259.97,247.47,259.23,-0.0162,0.8612,255.14,266.02,244.26,0.0102
2026-03-30,246.40298,250.63907,245.28401,249.83981,39446200,AAPL,259.74,247.71,258.73,-0.0087,0.845,254.24,264.86,243.62,0.0102
2026-03-31,253.55638,255.24483,246.87256,247.68181,49598100,AAPL,259.71,247.99,258.53,0.029,0.8985,253.74,263.42,244.06,0.0125
2026-04-01,255.3947,255.94418,253.09682,253.84613,40059400,AAPL,259.89,248.28,258.4,0.0073,0.9123,253.4,262.25,244.55,0.0126
2026-04-02,255.68443,255.89424,250.41928,253.96602,31289400,AAPL,260.06,248.57,258.3,0.0011,0.9144,253.18,261.54,244.82,0.0125
2026-04-06,258.6217,261.91867,256.2239,256.2739,29329900,AAPL,260.28,248.89,258.31,0.0115,0.9365,253.25,261.78,244.72,0.0126
2026-04-07,253.26666,255.96419,245.47385,255.92422,62148000,AAPL,260.39,249.18,258.11,-0.0207,0.8964,252.93,260.91,244.95,0.0132
2026-04-08,258.66168,259.5109,256.29385,258.21213,41032800,AAPL,260.47,249.47,258.13,0.0213,0.9368,252.83,260.46,245.2,0.0141
2026-04-09,260.2502,260.87964,255.8343,258.7616,28121600,AAPL,260.52,249.77,258.22,0.0061,0.9486,252.82,260.38,245.26,0.0142
2026-04-10,260.24023,261.94864,258.78156,259.7407,31291500,AAPL,260.6,250.07,258.3,-0.0,0.9486,253.05,261.24,244.86,0.0134
2026-04-13,258.96143,259.9405,256.42377,259.49094,36234700,AAPL,260.63,250.37,258.32,-0.0049,0.939,253.51,261.96,245.06,0.0124
2026-04-14,258.59174,261.68887,256.95325,259.01135,48370700,AAPL,260.62,250.66,258.33,-0.0014,0.9363,253.81,262.55,245.07,0.0122
2026-04-15,266.18475,266.31464,257.5727,257.92236,49913500,AAPL,260.55,250.99,258.64,0.0294,0.9932,254.42,264.76,244.08,0.0137
2026-04-16,263.15753,266.9141,261.02948,266.55438,43323100,AAPL,260.43,251.28,258.82,-0.0114,0.9705,255.09,265.88,244.3,0.0134
2026-04-17,269.98126,272.04935,266.4745,266.71426,61436200,AAPL,260.31,251.6,259.25,0.0259,1.0216,256.15,268.4,243.9,0.0142
2026-04-20,272.79865,274.02753,270.0412,270.08115,36590200,AAPL,260.26,251.9,259.79,0.0104,1.0426,257.4,271.07,243.73,0.0142
2026-04-21,265.92502,272.5489,265.1557,271.2501,50209800,AAPL,260.03,252.17,260.03,-0.0252,0.9911,258.14,272.0,244.28,0.0155
2026-04-22,272.91858,273.48804,266.62436,267.5735,43249200,AAPL,260.0,252.49,260.53,0.0263,1.0435,259.21,274.16,244.26,0.0163
2026-04-23,273.1783,275.51614,271.39996,274.7968,33399600,AAPL,259.99,252.81,261.03,0.001,1.0455,260.25,276.07,244.43,0.0163
2026-04-24,270.8105,272.80865,269.4018,272.50894,38157100,AAPL,259.91,253.11,261.41,-0.0087,1.0277,261.16,277.23,245.09,0.0166
2026-04-27,267.36365,268.11295,264.82602,265.84506,41466800,AAPL,260.02,253.39,261.65,-0.0127,1.002,262.1,277.24,246.96,0.0164
2026-04-28,270.46082,272.97852,268.41272,272.08932,40018900,AAPL,260.32,253.69,261.99,0.0116,1.0252,263.3,276.94,249.66,0.0162
2026-04-29,269.92133,270.79053,266.7942,267.3037,30047900,AAPL,260.45,254.0,262.3,-0.002,1.0211,264.12,277.25,250.99,0.0152
2026-04-30,271.10025,275.74597,267.89322,270.25104,91848200,AAPL,260.59,254.31,262.65,0.0044,1.03,264.9,277.71,252.09,0.0152
2026-05-01,279.88214,286.9556,278.11374,278.6033,79915400,AAPL,260.98,254.67,263.32,0.0324,1.0958,266.11,279.79,252.43,0.0165
2026-05-04,276.57516,280.37167,274.60696,279.4026,46668400,AAPL,261.22,255.0,263.84,-0.0118,1.0711,267.01,280.98,253.04,0.0168
2026-05-05,283.91843,284.30807,276.2455,276.6751,49311700,AAPL,261.58,255.37,264.63,0.0266,1.1262,268.54,282.88,254.2,0.0166
2026-05-06,287.24536,287.76486,280.81128,281.66052,58336100,AAPL,261.89,255.75,265.52,0.0117,1.151,269.97,285.78,254.16,0.0162
2026-05-07,287.1754,291.8611,285.51694,289.00372,45224300,AAPL,262.15,256.12,266.37,-0.0002,1.1506,271.32,288.2,254.44,0.0163
2026-05-08,293.05002,294.4887,289.73306,289.74307,52692800,AAPL,262.56,256.52,267.41,0.0205,1.1947,272.96,291.59,254.33,0.0166
2026-05-11,292.68,293.88,290.23,291.98,42247300,AAPL,263.14,256.92,268.4,-0.0013,1.1919,274.65,294.03,255.27,0.0165
2026-05-12,294.8,295.27,292.56,292.56,45748100,AAPL,263.74,257.32,269.44,0.0072,1.2076,276.46,296.29,256.63,0.0164
2026-05-13,298.87,300.92,293.5,293.5,52684300,AAPL,264.45,257.75,270.59,0.0138,1.2381,278.09,299.66,256.52,0.0156
2026-05-14,298.21,300.45,295.38,299.82,35324900,AAPL,265.17,258.19,271.68,-0.0022,1.2332,279.84,301.99,257.69,0.0152
2026-05-15,300.23,303.2,296.52,297.9,54862800,AAPL,265.97,258.65,272.8,0.0068,1.2484,281.36,304.77,257.95,0.0145
2026-05-18,297.84,300.66,294.91,300.24,34483000,AAPL,266.78,259.11,273.78,-0.008,1.2304,282.61,306.76,258.46,0.0147
2026-05-19,298.97,300.51,296.35,296.97,42243600,AAPL,267.57,259.59,274.77,0.0038,1.2389,284.26,308.13,260.39,0.013
2026-05-20,302.25,302.8,298.08,298.18,38229800,AAPL,268.4,260.09,275.84,0.011,1.2635,285.73,310.26,261.2,0.0121
2026-05-21,304.99,305.54,300.4,301.06,42965100,AAPL,269.29,260.61,276.99,0.0091,1.2841,287.32,312.54,262.1,0.0121
2026-05-22,308.82,311.4,305.84,306.12,43670200,AAPL,270.36,261.09,278.23,0.0126,1.3129,289.22,314.93,263.51,0.0117
2026-05-26,308.33,311.82,307.67,309.56,48000500,AAPL,271.53,261.53,279.41,-0.0016,1.3092,291.27,316.16,266.38,0.011
2026-05-27,310.85,313.26,308.3,308.33,50430900,AAPL,272.69,261.95,280.65,0.0082,1.3281,293.29,317.62,268.96,0.011
2026-05-28,312.51,312.8,309.57,310.68,48220400,AAPL,273.86,262.38,281.9,0.0053,1.3404,295.41,318.55,272.27,0.0108
2026-05-29,312.06,315.0,309.53,311.78,70026800,AAPL,275.11,262.79,283.08,-0.0014,1.3372,297.46,318.72,276.2,0.0109
2026-06-01,306.31,310.94,305.02,309.63,48849900,AAPL,276.26,263.16,283.99,-0.0184,1.2941,298.78,318.68,278.88,0.0107
2026-06-02,315.2,315.45,306.69,307.46,44534700,AAPL,277.61,263.58,285.21,0.029,1.3607,300.72,318.97,282.47,0.0112
2026-06-03,310.26,316.94,308.85,314.18,50836700,AAPL,278.79,263.97,286.2,-0.0157,1.3236,302.03,318.93,285.13,0.0113
2026-06-04,311.23,313.54,309.65,313.23,44869100,AAPL,279.99,264.38,287.18,0.0031,1.3308,303.23,319.08,287.38,0.0111
2026-06-05,307.34,315.17,307.15,312.86,65310500,AAPL,281.09,264.76,287.97,-0.0125,1.3017,304.24,318.25,290.23,0.0117
2026-06-08,301.54,317.4,301.17,308.74,77949100,AAPL,282.06,265.14,288.5,-0.0189,1.2582,304.66,317.73,291.59,0.012
2026-06-09,290.55,300.75,287.78,300.28,70108800,AAPL,282.9,265.48,288.58,-0.0364,1.176,304.56,318.07,291.05,0.0147
2026-06-10,291.58,294.75,287.38,290.74,52793300,AAPL,283.81,265.8,288.7,0.0035,1.1836,304.4,318.46,290.34,0.0146
2026-06-11,295.63,297.0,289.59,293.72,42572500,AAPL,284.65,266.14,288.97,0.0139,1.214,304.24,318.64,289.84,0.0146
2026-06-12,291.13,297.14,289.62,296.03,38742100,AAPL,285.36,266.46,289.06,-0.0152,1.1803,303.88,319.22,288.54,0.015
2026-06-15,296.42,297.78,291.7,294.12,45732600,AAPL,286.18,266.79,289.34,0.0182,1.22,303.69,319.31,288.07,0.0155
2026-06-16,299.24,300.48,293.97,295.25,39874400,AAPL,286.99,267.13,289.73,0.0095,1.2411,303.76,319.29,288.23,0.0156
2026-06-17,295.95,302.07,294.36,300.85,42745100,AAPL,287.84,267.45,289.98,-0.011,1.2164,303.61,319.39,287.83,0.0157
2026-06-18,298.01,300.57,295.62,298.11,85962200,AAPL,288.63,267.79,290.29,0.007,1.2319,303.4,319.37,287.43,0.0156
2026-06-22,297.01,302.42,296.76,297.31,44879900,AAPL,289.37,268.09,290.56,-0.0034,1.2243,303.0,319.2,286.8,0.0155
2026-06-23,294.3,301.64,294.18,297.54,52010900,AAPL,290.05,268.37,290.7,-0.0091,1.2041,302.27,318.67,285.87,0.0152
2026-06-24,293.08,299.7,292.94,295.36,53081900,AAPL,290.73,268.64,290.8,-0.0041,1.1951,301.51,318.14,284.88,0.0152
2026-06-25,275.15,288.8,273.75,287.4,107013700,AAPL,291.06,268.83,290.18,-0.0612,1.0607,299.73,319.5,279.96,0.0199
2026-06-26,283.78,285.95,274.21,275.0,261775500,AAPL,291.41,269.08,289.93,0.0314,1.1254,298.29,318.33,278.25,0.0214
2026-06-29,281.74,288.37,279.85,286.73,66368400,AAPL,291.78,269.35,289.61,-0.0072,1.1101,296.77,317.01,276.53,0.0214
2021-06-30,259.98187,260.42334,258.73428,259.78033,21656500,MSFT,,,259.98,,,,,,
2021-07-01,260.65366,260.88397,258.73425,258.74384,16725300,MSFT,,,260.32,0.0026,0.0026,,,,
2021-07-02,266.45984,266.79575,261.5174,261.82452,26458000,MSFT,,,262.45,0.0223,0.025,,,,
2021-07-06,266.46942,268.1105,263.2448,266.8245,31565600,MSFT,,,263.52,0.0,0.025,,,,
2021-07-07,268.64792,269.3773,265.97995,268.13928,23260000,MSFT,,,264.63,0.0082,0.0334,,,,
2021-07-08,266.23907,267.49628,263.79184,265.74002,24618600,MSFT,,,264.92,-0.009,0.0241,,,,
2021-07-09,266.73804,266.8436,264.22363,264.6075,23916700,MSFT,,,265.21,0.0019,0.026,,,,
2021-07-12,266.14304,268.49426,265.43283,267.90887,18931700,MSFT,,,265.35,-0.0022,0.0238,,,,
2021-07-13,269.65558,271.4502,266.21027,266.33502,26120100,MSFT,,,265.91,0.0132,0.0373,,,,
2021-07-14,271.12393,272.22757,269.24292,270.97037,23113700,MSFT,,,266.53,0.0054,0.0429,,,,
2021-07-15,269.70358,271.12393,268.55194,270.6345,22604200,MSFT,,,266.88,-0.0052,0.0374,,,,
2021-07-16,269.43484,272.64984,268.19684,270.70166,26186800,MSFT,,,267.14,-0.001,0.0364,,,,
2021-07-19,265.84564,269.07022,263.38882,267.68823,32935600,MSFT,,,267.01,-0.0133,0.0226,,,,
2021-07-20,268.0625,269.646,265.12582,266.8245,26259700,MSFT,,,267.11,0.0083,0.0311,,,,
2021-07-21,270.05862,270.1738,266.1143,267.6594,24364300,MSFT,,,267.37,0.0074,0.0387,,,,
2021-07-22,274.6077,274.8764,271.9973,272.4004,23384100,MSFT,,,267.97,0.0168,0.0562,,,,
2021-07-23,277.99536,278.30243,274.95312,275.78806,22768100,MSFT,,,268.76,0.0123,0.0692,,,,
2021-07-26,277.4003,278.01453,275.08746,277.35233,23176100,MSFT,,,269.42,-0.0021,0.0669,,,,
2021-07-27,274.99155,277.909,271.54623,277.76505,33604100,MSFT,,,269.83,-0.0087,0.0577,,,,
2021-07-28,274.68433,278.45593,272.39062,277.34268,33566900,MSFT,,,270.18,-0.0011,0.0565,269.24,279.0,259.48,
2021-07-29,274.95312,276.98767,274.55005,274.70358,18168300,MSFT,,,270.51,0.001,0.0575,269.99,279.03,260.95,0.009
2021-07-30,273.42725,275.10672,272.46756,273.6768,20944800,MSFT,,,270.7,-0.0055,0.0517,270.63,278.63,262.63,0.0092
2021-08-02,273.34088,275.21228,272.30438,274.8188,16267400,MSFT,,,270.88,-0.0003,0.0514,270.98,278.82,263.14,0.0079
2021-08-03,275.54813,275.65372,272.55386,273.91666,17879000,MSFT,,,271.17,0.0081,0.0599,271.43,279.22,263.64,0.0081
2021-08-04,274.96274,275.9992,273.17767,274.68442,16191300,MSFT,,,271.41,-0.0021,0.0577,271.75,279.58,263.92,0.008
2021-08-05,277.85135,277.95694,274.5692,275.31778,13900200,MSFT,,,271.8,0.0105,0.0688,272.33,280.16,264.5,0.0079
2021-08-06,277.7938,277.83218,276.02795,276.8821,16589300,MSFT,,,272.16,-0.0002,0.0686,272.88,280.61,265.15,0.0079
2021-08-09,276.70932,279.79953,276.2103,278.0721,16117600,MSFT,,,272.42,-0.0039,0.0644,273.41,280.63,266.19,0.0079
2021-08-10,274.89548,277.59222,273.70547,277.16034,18616600,MSFT,,,272.56,-0.0066,0.0574,273.67,280.69,266.65,0.0077
2021-08-11,275.38504,277.02612,274.33896,275.63455,13955900,MSFT,,,272.72,0.0018,0.0593,273.88,280.84,266.92,0.0076
2021-08-12,278.12967,278.28323,274.79953,275.07785,14561300,MSFT,,,273.02,0.01,0.0699,274.3,281.21,267.39,0.0077
2021-08-13,281.0472,281.09518,277.64026,277.81305,18249000,MSFT,,,273.45,0.0105,0.0811,274.88,282.02,267.74,0.008
2021-08-16,282.7266,282.9377,278.33118,281.3734,22507600,MSFT,,,273.95,0.006,0.0876,275.73,282.34,269.12,0.0071
2021-08-17,281.26785,281.60376,279.34845,280.60568,20075300,MSFT,,,274.34,-0.0052,0.082,276.39,282.39,270.39,0.0072
2021-08-18,279.54675,283.47943,279.10443,280.80637,21813000,MSFT,,,274.61,-0.0061,0.0754,276.86,282.21,271.51,0.0074
2021-08-19,285.3545,286.0276,277.53723,277.5853,29850500,MSFT,,,275.16,0.0208,0.0977,277.4,283.85,270.95,0.0079
2021-08-20,292.6524,294.0755,286.59476,288.19092,40817600,MSFT,,,276.05,0.0256,0.1258,278.13,287.52,268.74,0.0092
2021-08-23,292.93134,293.6525,290.23904,291.5852,22830200,MSFT,,,276.9,0.001,0.127,278.91,290.38,267.44,0.0092
2021-08-24,290.97937,293.89282,290.3832,293.28705,18175800,MSFT,,,277.59,-0.0067,0.1194,279.71,292.22,267.2,0.009
2021-08-25,290.39288,292.87363,288.86404,292.5948,20006100,MSFT,,,278.22,-0.002,0.1172,280.49,293.62,267.36,0.0091
2021-08-26,287.5852,290.79672,287.4506,289.4121,17666100,MSFT,,,278.68,-0.0097,0.1063,281.13,294.36,267.9,0.0095
2021-08-27,288.19098,289.29672,285.41214,287.48904,22605700,MSFT,,,279.14,0.0021,0.1087,281.86,294.92,268.8,0.0093
2021-08-30,291.9121,292.51788,289.47943,289.5371,16348100,MSFT,,,279.75,0.0129,0.123,282.79,295.94,269.64,0.0095
2021-08-31,290.2679,292.78714,289.90253,292.7102,26285300,MSFT,,,280.25,-0.0056,0.1167,283.53,296.62,270.44,0.0097
2021-09-01,290.21982,293.4506,289.8929,291.21982,18983800,MSFT,,,280.71,-0.0002,0.1164,284.29,297.06,271.52,0.0096
2021-09-02,289.56592,291.6909,288.63324,290.57553,16285600,MSFT,,,281.13,-0.0023,0.1139,284.88,297.47,272.29,0.0095
2021-09-03,289.55643,290.96027,288.71027,289.41217,14747900,MSFT,,,281.52,-0.0,0.1139,285.47,297.77,273.17,0.0095
2021-09-07,288.63327,289.50827,286.72946,289.43137,17180400,MSFT,,,281.84,-0.0032,0.1103,286.06,297.71,274.41,0.0095
2021-09-08,288.6621,289.04672,286.02753,288.24866,15046800,MSFT,,,282.16,0.0001,0.1104,286.75,297.18,276.32,0.0093
2021-09-09,285.8159,290.5178,285.5755,289.24857,19927000,MSFT,277.7,,282.32,-0.0099,0.0994,287.27,296.25,278.29,0.0097
2021-09-10,284.33524,288.3833,284.01794,286.941,19633400,MSFT,278.19,,282.41,-0.0052,0.0937,287.58,295.61,279.55,0.0096
2021-09-13,285.56598,287.05637,282.7679,286.10443,23652900,MSFT,278.69,,282.55,0.0043,0.0984,287.81,295.31,280.31,0.0094
2021-09-14,288.25833,289.79678,286.63333,288.03717,21853400,MSFT,279.13,,282.81,0.0094,0.1087,288.08,295.18,280.98,0.0095
2021-09-15,293.0948,293.57556,290.21017,291.5948,28356300,MSFT,279.66,,283.26,0.0168,0.1274,288.68,295.35,282.01,0.01
2021-09-16,293.47937,293.56592,289.19095,292.07553,19550800,MSFT,280.15,,283.71,0.0013,0.1288,289.37,294.83,283.91,0.0098
2021-09-17,288.33514,292.78705,288.00824,292.46976,41372500,MSFT,280.6,,283.92,-0.0175,0.1091,289.52,294.67,284.37,0.0098
2021-09-20,282.9795,287.2295,278.38336,284.9314,38278700,MSFT,280.92,,283.88,-0.0186,0.0885,289.04,294.74,283.34,0.0088
2021-09-21,283.46017,286.0948,282.75827,284.31595,22364100,MSFT,281.27,,283.86,0.0017,0.0903,288.56,294.46,282.66,0.0088
2021-09-22,287.09476,288.6717,283.18134,285.31595,26626300,MSFT,281.62,,284.0,0.0128,0.1043,288.37,294.2,282.54,0.0093
2021-09-23,288.03708,289.32553,286.08517,287.3544,18604600,MSFT,281.95,,284.17,0.0033,0.1079,288.25,294.0,282.5,0.0093
2021-09-24,287.8352,288.26788,285.50827,286.7583,14999000,MSFT,282.32,,284.33,-0.0007,0.1071,288.26,294.0,282.52,0.0091
2021-09-27,282.85446,285.06598,281.67175,284.7487,23571700,MSFT,282.59,,284.27,-0.0173,0.088,288.0,294.23,281.77,0.0098
2021-09-28,272.61407,279.59482,271.87372,278.6525,43186200,MSFT,282.72,,283.77,-0.0362,0.0486,287.03,296.06,278.0,0.0121
2021-09-29,273.07568,275.73914,272.12378,274.13336,26353700,MSFT,282.82,,283.32,0.0017,0.0504,286.17,297.0,275.34,0.0121
2021-09-30,271.0757,276.75836,270.78723,274.7199,32343600,MSFT,282.84,,282.8,-0.0073,0.0427,285.22,297.79,272.65,0.0121
2021-10-01,277.9795,278.82565,270.4699,271.26797,30086300,MSFT,282.91,,282.59,0.0255,0.0693,284.64,297.43,271.85,0.0138
2021-10-04,272.21988,276.6814,269.4699,276.34488,31350700,MSFT,282.79,,282.16,-0.0207,0.0472,283.77,297.47,270.07,0.0144
2021-10-05,277.6526,279.2295,273.12375,273.12375,24993000,MSFT,282.8,,281.97,0.02,0.0681,283.22,296.98,269.46,0.0153
2021-10-06,281.8352,282.33524,274.52756,274.78717,28002600,MSFT,282.94,,281.96,0.0151,0.0842,282.88,296.41,269.35,0.0157
2021-10-07,283.5083,285.22946,282.61407,283.8256,20430500,MSFT,283.11,,282.03,0.0059,0.0906,282.76,296.22,269.3,0.0157
2021-10-08,283.5083,285.22946,282.46024,284.8256,17685700,MSFT,283.28,,282.09,0.0,0.0906,282.72,296.17,269.27,0.0156
2021-10-11,282.91214,286.50827,281.48904,281.65253,19298600,MSFT,283.47,,282.12,-0.0021,0.0883,282.59,295.97,269.21,0.0156
2021-10-12,281.6141,284.07562,281.1045,283.97946,17974100,MSFT,283.64,,282.1,-0.0046,0.0833,282.26,295.38,269.14,0.0154
2021-10-13,284.91208,285.84476,282.20056,283.56595,23416300,MSFT,283.83,,282.22,0.0117,0.096,281.85,294.02,269.68,0.0152
2021-10-14,291.10443,291.60443,286.37366,287.7006,27262900,MSFT,284.15,,282.58,0.0217,0.1198,281.73,293.46,270.0,0.016
2021-10-15,292.50827,292.73904,288.9602,290.7102,25384800,MSFT,284.44,,282.99,0.0048,0.1252,281.94,294.3,269.58,0.0155
2021-10-18,295.46982,296.3544,291.04675,291.8929,22729300,MSFT,284.79,,283.51,0.0101,0.1365,282.56,296.32,268.8,0.0149
2021-10-19,296.37357,297.40237,295.4024,296.48895,17682100,MSFT,285.19,,284.03,0.0031,0.1401,283.21,298.3,268.12,0.0149
2021-10-20,295.58524,297.78717,294.33524,297.31598,16537100,MSFT,285.6,,284.51,-0.0027,0.137,283.63,299.63,267.63,0.0148
2021-10-21,298.8064,299.05637,294.57562,295.3545,16918100,MSFT,286.07,,285.09,0.0109,0.1494,284.17,301.46,266.88,0.0149
2021-10-22,297.26785,299.1236,295.96014,298.46014,17449300,MSFT,286.45,,285.59,-0.0051,0.1435,284.64,302.84,266.44,0.015
2021-10-25,296.27747,297.4986,294.6717,297.46014,17554500,MSFT,286.76,,286.02,-0.0033,0.1397,285.32,304.22,266.42,0.0144
2021-10-26,298.18134,300.38327,296.72943,299.0371,28107300,MSFT,287.07,,286.52,0.0064,0.147,286.59,305.33,267.85,0.0111
2021-10-27,310.73898,313.55627,303.84476,303.84476,52588700,MSFT,287.66,,287.5,0.0421,0.1953,288.48,308.99,267.97,0.0139
2021-10-28,311.8735,312.3735,308.9985,311.85425,26297900,MSFT,288.3,,288.49,0.0037,0.1997,290.52,311.84,269.2,0.0135
2021-10-29,318.8639,319.22928,311.44086,311.66202,34766000,MSFT,288.97,,289.72,0.0224,0.2266,292.56,316.5,268.62,0.0133
2021-11-01,316.70044,318.7389,313.81583,318.6139,27073200,MSFT,289.45,,290.81,-0.0068,0.2183,294.78,319.03,270.53,0.0121
2021-11-02,320.31586,320.62357,317.30624,317.6043,26487100,MSFT,290.0,,292.01,0.0114,0.2322,296.92,322.3,271.54,0.0118
2021-11-03,321.15237,322.01776,317.93124,321.0562,21500100,MSFT,290.61,,293.18,0.0026,0.2354,298.88,325.41,272.35,0.0117
2021-11-04,323.49847,323.59464,316.83505,320.08505,23992200,MSFT,291.27,,294.4,0.0073,0.2444,300.88,328.53,273.23,0.0117
2021-11-05,323.13312,325.75812,321.5562,325.4889,22570100,MSFT,291.98,,295.56,-0.0011,0.243,302.86,330.94,274.78,0.0117
2021-11-08,324.0273,324.66193,321.5754,324.32538,20897000,MSFT,292.69,,296.71,0.0028,0.2465,304.92,332.87,276.97,0.0116
2021-11-09,323.02734,325.6908,321.66196,324.1427,21307400,MSFT,293.32,,297.76,-0.0031,0.2426,306.99,333.79,280.19,0.0115
2021-11-10,318.07538,321.75806,317.22925,321.70038,25500900,MSFT,293.87,,298.58,-0.0153,0.2236,308.65,333.74,283.56,0.0125
2021-11-11,319.6427,320.93115,317.79657,318.5081,16849800,MSFT,294.46,,299.42,0.0049,0.2296,310.08,334.2,285.96,0.0119
2021-11-12,323.7677,324.2581,320.9504,321.0754,23831000,MSFT,295.15,,300.4,0.0129,0.2455,311.64,335.01,288.27,0.012
2021-11-15,323.14273,324.88312,321.18118,324.55618,16723000,MSFT,295.82,,301.31,-0.0019,0.2431,313.02,335.62,290.42,0.0121
2021-11-16,326.4504,327.5658,322.60428,322.76773,20886800,MSFT,296.57,,302.32,0.0102,0.2558,314.53,336.46,292.6,0.0121
2021-11-17,326.67194,329.62924,325.59305,326.49854,19053400,MSFT,297.33,,303.29,0.0007,0.2567,316.08,336.72,295.44,0.012
2021-11-18,328.743,329.87973,324.74536,325.76645,22463500,MSFT,298.19,,304.31,0.0063,0.2646,317.58,337.27,297.89,0.012
2021-11-19,330.51556,332.43253,329.639,330.06284,21963400,MSFT,299.12,,305.35,0.0054,0.2714,319.24,337.25,301.23,0.0117
2021-11-22,327.35583,336.83466,327.08612,331.97003,31031100,MSFT,299.95,,306.23,-0.0096,0.2592,320.79,335.53,306.05,0.0121
2021-11-23,325.28482,326.98987,321.31607,324.67795,30427600,MSFT,300.69,,306.99,-0.0063,0.2513,322.15,332.45,311.85,0.0123
2021-11-24,325.50638,325.7472,321.6532,323.93622,21661300,MSFT,301.34,,307.73,0.0007,0.2522,322.89,331.76,314.02,0.0086
2021-11-26,317.57852,325.5257,316.07578,322.07712,24217200,MSFT,301.82,,308.12,-0.0244,0.2216,323.17,330.83,315.51,0.0104
2021-11-29,324.2734,326.5853,322.45276,322.64545,28563500,MSFT,302.54,,308.76,0.0211,0.2474,323.44,330.84,316.04,0.0103
2021-11-30,318.45508,325.38116,316.91382,323.01147,42885600,MSFT,303.25,,309.15,-0.0179,0.225,323.53,330.63,316.43,0.011
2021-12-01,317.96384,326.82614,317.2992,322.8285,33337600,MSFT,303.94,,309.5,-0.0015,0.2232,323.41,330.81,316.01,0.0107
2021-12-02,317.39545,321.24863,315.7675,318.17572,30766000,MSFT,304.55,,309.81,-0.0018,0.221,323.23,331.05,315.41,0.0107
2021-12-03,311.15335,320.48767,306.35614,319.8037,41779300,MSFT,305.01,,309.87,-0.0197,0.197,322.61,332.11,313.11,0.0113
2021-12-06,314.21667,315.43042,307.51215,312.0589,30032600,MSFT,305.54,,310.04,0.0098,0.2087,322.16,332.36,311.96,0.0116
2021-12-07,322.62613,323.47382,317.98306,319.46652,31021900,MSFT,306.33,,310.54,0.0268,0.2411,322.09,332.26,311.92,0.0132
2021-12-08,322.67432,323.18488,318.65738,323.00183,24761000,MSFT,307.33,,311.02,0.0001,0.2412,322.07,332.23,311.91,0.0132
2021-12-09,320.87292,324.13846,319.9289,322.13483,22214200,MSFT,308.29,,311.41,-0.0056,0.2342,322.21,332.22,312.2,0.0128
2021-12-10,329.9664,330.40952,322.5009,322.6839,38095700,MSFT,309.47,,312.14,0.0283,0.2692,322.73,333.23,312.23,0.0142
2021-12-13,326.94168,331.17056,326.63342,328.17468,28899400,MSFT,310.45,,312.73,-0.0092,0.2575,322.89,333.55,312.23,0.0141
2021-12-14,316.28766,322.3564,312.21292,320.98853,44438700,MSFT,311.33,,312.87,-0.0326,0.2165,322.55,333.61,311.49,0.016
2021-12-15,322.3661,322.88626,312.58865,316.5478,35381100,MSFT,312.22,,313.25,0.0192,0.2399,322.34,333.25,311.43,0.0164
2021-12-16,312.9739,324.3986,311.1629,323.38712,35034800,MSFT,312.85,,313.24,-0.0291,0.2038,321.66,333.13,310.19,0.0176
2021-12-17,311.91437,312.9933,305.6048,309.10156,47750300,MSFT,313.41,,313.18,-0.0034,0.1997,320.82,332.56,309.08,0.0175
2021-12-20,308.16708,310.951,305.913,308.30194,28326500,MSFT,313.91,,312.99,-0.012,0.1853,319.7,331.81,307.59,0.0175
2021-12-21,315.27625,315.7001,308.06116,311.42307,24740600,MSFT,314.55,,313.08,0.0231,0.2127,319.09,330.79,307.39,0.0184
2021-12-22,320.96924,321.36417,313.7927,316.24908,24831500,MSFT,315.34,,313.39,0.0181,0.2346,318.88,330.25,307.51,0.0189
2021-12-23,322.40457,324.04218,320.51654,320.53577,19617800,MSFT,316.09,,313.74,0.0045,0.2402,318.72,329.79,307.65,0.0189
2021-12-27,329.87967,329.90857,323.11734,323.14624,19947000,MSFT,316.87,,314.38,0.0232,0.269,319.34,331.46,307.22,0.0187
2021-12-28,328.72372,331.18976,327.82788,330.554,15661500,MSFT,317.59,,314.95,-0.0035,0.2645,319.56,332.21,306.91,0.0182
2021-12-29,329.39807,331.66177,327.21136,328.7719,15042000,MSFT,318.27,,315.52,0.0021,0.2672,320.11,333.49,306.73,0.0177
2021-12-30,326.86462,330.53476,326.38297,329.35956,15994500,MSFT,318.88,,315.97,-0.0077,0.2574,320.55,334.22,306.88,0.0178
2021-12-31,323.97473,326.9031,323.52197,326.08435,18000800,MSFT,319.45,,316.28,-0.0088,0.2463,320.88,334.54,307.22,0.0179
2022-01-03,322.46234,325.59305,317.67477,323.0403,28865100,MSFT,319.92,,316.52,-0.0047,0.2405,321.45,334.33,308.57,0.0173
2022-01-04,316.9331,322.8959,314.14917,322.53946,32674300,MSFT,320.31,,316.54,-0.0171,0.2193,321.58,334.19,308.97,0.0177
2022-01-05,304.7667,314.101,304.38138,313.89868,40054300,MSFT,320.48,,316.08,-0.0384,0.1725,320.69,335.35,306.03,0.0186
2022-01-06,302.35852,307.0016,300.05624,301.6553,39646100,MSFT,320.57,,315.54,-0.0079,0.1632,319.68,336.43,302.93,0.0186
2022-01-07,302.51257,304.88226,298.70755,302.61853,32720000,MSFT,320.4,,315.02,0.0005,0.1638,318.76,337.17,300.35,0.0186
2022-01-10,302.73413,303.16763,293.5058,298.12958,44289500,MSFT,320.22,,314.54,0.0007,0.1646,317.4,336.34,298.46,0.0172
2022-01-11,303.41812,304.98825,298.51495,301.87683,29386800,MSFT,319.91,,314.1,0.0023,0.1673,316.22,335.58,296.86,0.0172
2022-01-12,306.58728,311.53864,305.44095,307.9359,34372200,MSFT,319.71,,313.81,0.0104,0.1794,315.73,335.56,295.9,0.016
2022-01-13,293.61176,309.10153,292.84113,308.70657,45366000,MSFT,319.17,,313.01,-0.0423,0.1295,314.3,336.17,292.43,0.0177
2022-01-14,298.8136,299.41083,292.60034,293.082,39846400,MSFT,318.73,,312.45,0.0177,0.1495,313.59,336.53,290.65,0.0173
2022-01-18,291.54062,298.42816,290.66403,292.9085,42333200,MSFT,318.09,,311.63,-0.0243,0.1216,312.57,337.54,287.6,0.018
2022-01-19,292.19568,302.38733,291.58884,295.04706,45933900,MSFT,317.47,,310.86,0.0022,0.124,311.77,338.31,285.23,0.0179
2022-01-20,290.5292,300.2103,290.0861,297.725,35380700,MSFT,316.8,,310.06,-0.0057,0.1176,310.53,338.64,282.42,0.0169
2022-01-21,285.16364,292.94702,284.75903,291.57916,57984400,MSFT,316.04,,309.08,-0.0185,0.097,308.74,338.56,278.92,0.0164
2022-01-24,285.4912,286.20404,265.91708,281.4743,85731500,MSFT,315.39,,308.16,0.0011,0.0982,306.9,337.71,276.09,0.0163
2022-01-25,277.90042,284.16183,274.7023,280.81918,72848600,MSFT,314.56,,306.97,-0.0266,0.069,304.3,335.72,272.88,0.0154
2022-01-26,285.81866,297.1759,282.27374,296.6846,90428900,MSFT,313.8,,306.13,0.0285,0.0994,302.15,332.38,271.92,0.0174
2022-01-27,288.83377,296.01993,286.99387,291.55026,53481300,MSFT,313.11,,305.45,0.0105,0.111,300.13,328.02,272.24,0.0177
2022-01-28,296.9447,297.15662,283.64163,289.20947,49743700,MSFT,312.52,,305.12,0.0281,0.1422,298.63,323.53,273.73,0.0193
2022-01-31,299.56488,300.91348,295.12408,297.6094,46444500,MSFT,311.98,,304.9,0.0088,0.1522,297.41,319.28,275.54,0.0195
2022-02-01,297.4264,299.22775,293.92963,299.0158,40950400,MSFT,311.35,,304.61,-0.0071,0.1441,296.16,314.59,277.73,0.0196
2022-02-02,301.9539,303.55295,297.54202,298.2645,36636000,MSFT,310.78,,304.5,0.0152,0.1614,295.41,311.34,279.48,0.0197
2022-02-03,290.19208,299.80576,288.94943,298.1296,43730000,MSFT,310.04,,303.94,-0.039,0.1161,294.68,310.13,279.23,0.0198
2022-02-04,294.70993,297.46494,288.95908,289.19025,35096500,MSFT,309.43,,303.58,0.0156,0.1336,294.3,309.32,279.28,0.0201
2022-02-07,289.90314,296.54022,288.89166,294.93152,28533300,MSFT,308.71,,303.04,-0.0163,0.1151,293.67,308.29,279.05,0.0204
2022-02-08,293.38052,294.3438,288.93976,290.19202,32421200,MSFT,308.23,,302.66,0.012,0.1285,293.2,307.19,279.21,0.0207
2022-02-09,299.78647,300.48004,296.10672,298.49567,31284700,MSFT,307.74,,302.55,0.0218,0.1531,293.02,306.53,279.51,0.0213
2022-02-10,291.2806,297.7732,289.6623,292.87967,45386200,MSFT,307.2,,302.1,-0.0284,0.1203,292.25,304.17,280.33,0.022
2022-02-11,284.21005,293.1205,283.42014,292.06088,39175600,MSFT,306.52,,301.4,-0.0243,0.0931,291.78,304.2,279.36,0.0206
2022-02-14,284.17148,285.86688,280.65546,282.9866,36359500,MSFT,305.86,,300.72,-0.0001,0.093,291.05,303.45,278.65,0.0201
2022-02-15,289.44064,289.7585,286.11728,288.99753,27058300,MSFT,305.42,,300.28,0.0185,0.1132,290.94,303.36,278.52,0.0199
2022-02-16,289.10284,290.4253,283.4849,288.01205,29982100,MSFT,304.92,,299.84,-0.0012,0.1119,290.79,303.22,278.36,0.0199
2022-02-17,280.63733,286.49658,279.93265,286.07187,32461600,MSFT,304.08,,299.09,-0.0293,0.0793,290.3,303.54,277.06,0.0209
2022-02-18,277.93445,283.65857,276.3707,282.8767,34264000,MSFT,303.19,,298.26,-0.0096,0.0689,289.93,304.12,275.74,0.0206
2022-02-22,277.73172,281.41913,274.6235,275.10614,41736100,MSFT,302.32,,297.45,-0.0007,0.0682,289.55,304.64,274.46,0.0206
2022-02-23,270.5404,281.57364,270.3763,280.10638,37811200,MSFT,301.13,,296.39,-0.0259,0.0405,289.18,305.76,272.6,0.0206
2022-02-24,284.36334,284.91357,262.0942,263.04987,56989700,MSFT,300.28,,295.92,0.0511,0.0937,289.11,305.76,272.46,0.0228
2022-02-25,286.9889,287.2978,281.52536,284.89423,32546700,MSFT,299.7,,295.57,0.0092,0.1037,289.01,305.69,272.33,0.0228
2022-02-28,288.41748,288.75534,282.82846,284.093,34627500,MSFT,299.02,,295.29,0.005,0.1093,288.59,304.84,272.34,0.0218
2022-03-01,284.71075,289.5565,282.00793,286.1104,31217800,MSFT,298.45,,294.88,-0.0129,0.095,287.84,303.32,272.36,0.0219
2022-03-02,289.7689,291.00446,283.5042,285.10654,31873000,MSFT,298.01,,294.67,0.0178,0.1144,287.46,302.31,272.61,0.0223
2022-03-03,285.64716,292.60684,283.84204,292.37518,27314500,MSFT,297.56,,294.32,-0.0142,0.0986,286.65,299.85,273.45,0.0221
2022-03-04,279.79752,285.39618,277.20093,284.07376,32356500,MSFT,296.85,,293.75,-0.0205,0.0761,286.13,299.56,272.7,0.0209
2022-03-07,269.2276,279.63336,268.86078,278.51364,43157200,MSFT,295.81,,292.79,-0.0378,0.0354,284.85,299.62,270.08,0.0219
2022-03-08,266.2738,274.10223,260.6269,268.1561,48159500,MSFT,294.69,,291.75,-0.011,0.024,283.67,300.39,266.95,0.0218
2022-03-09,278.4847,279.54654,271.0327,273.60037,35204500,MSFT,293.66,,291.23,0.0459,0.071,282.93,299.15,266.71,0.0243
2022-03-10,275.67575,276.6507,270.83966,273.19495,30628000,MSFT,292.6,,290.62,-0.0101,0.0602,281.72,296.14,267.3,0.0237
2022-03-11,270.34738,279.4597,269.72958,277.96347,27209300,MSFT,291.42,,289.82,-0.0193,0.0398,280.67,295.21,266.13,0.0233
2022-03-14,266.8434,275.49237,266.24493,270.60803,30660700,MSFT,290.22,,288.92,-0.013,0.0262,279.81,295.49,264.13,0.0229
2022-03-15,277.1816,277.82837,269.05392,270.61768,34245100,MSFT,289.29,,288.46,0.0387,0.066,279.46,295.04,263.88,0.0247
2022-03-16,284.17026,284.344,273.3687,279.07352,37826300,MSFT,288.52,,288.29,0.0252,0.0928,279.19,294.23,264.15,0.025
2022-03-17,284.97147,285.3479,279.32455,283.10846,30816600,MSFT,287.88,,288.16,0.0028,0.0959,278.99,293.56,264.42,0.025
2022-03-18,290.00058,290.5508,282.5679,285.11624,43390600,MSFT,287.59,,288.23,0.0176,0.1152,279.45,294.83,264.07,0.0244
2022-03-21,288.77466,289.72064,284.66254,288.51404,28351200,MSFT,287.31,,288.25,-0.0042,0.1105,280.0,295.91,264.09,0.0242
2022-03-22,293.50452,294.4119,288.39816,289.3924,27599700,MSFT,287.13,,288.46,0.0164,0.1287,280.78,297.74,263.82,0.0244
2022-03-23,289.09314,292.70334,287.38458,290.07776,25715400,MSFT,286.86,,288.48,-0.015,0.1118,281.71,298.34,265.08,0.0239
2022-03-24,293.54312,293.63965,287.96378,288.7553,24484500,MSFT,286.66,,288.68,0.0154,0.1289,282.17,299.59,264.75,0.0213
2022-03-25,293.13766,294.8945,288.9001,294.63388,22566500,MSFT,286.39,,288.86,-0.0014,0.1273,282.48,300.47,264.49,0.0213
2022-03-28,299.91397,300.01047,293.76508,293.76508,29578200,MSFT,286.52,,289.29,0.0231,0.1533,283.05,302.51,263.59,0.0218
2022-03-29,304.4605,304.8563,298.3213,303.01257,30393400,MSFT,286.63,,289.89,0.0152,0.1709,284.04,305.73,262.35,0.0217
2022-03-30,302.96432,304.9818,300.7635,302.86783,28163600,MSFT,286.86,,290.4,-0.0049,0.1651,284.7,307.88,261.52,0.0215
2022-03-31,297.607,304.19992,297.2016,303.00293,33422100,MSFT,286.97,,290.68,-0.0177,0.1445,285.3,309.19,261.41,0.0217
2022-04-01,298.67847,299.3638,294.93317,298.6302,27110500,MSFT,287.13,,291.0,0.0036,0.1486,286.24,310.7,261.78,0.021
2022-04-04,304.03577,304.1709,298.95837,299.32516,24289600,MSFT,287.51,,291.51,0.0179,0.1692,287.98,312.29,263.67,0.0188
2022-04-05,300.0878,303.93927,299.11285,302.3948,23156700,MSFT,287.8,,291.84,-0.013,0.154,289.67,312.27,267.07,0.0189
2022-04-06,289.10284,296.34247,286.4097,294.5953,40110400,MSFT,288.03,,291.74,-0.0366,0.1118,290.2,312.18,268.22,0.0188
2022-04-07,290.90787,293.1087,286.06213,286.3614,31411200,MSFT,288.13,,291.7,0.0062,0.1187,290.97,311.86,270.08,0.0186
2022-04-08,286.6606,290.66653,285.99457,290.01016,24361900,MSFT,288.09,,291.51,-0.0146,0.1023,291.78,310.44,273.12,0.0183
2022-04-11,275.3572,282.45203,275.10623,281.66052,34569300,MSFT,287.65,,290.87,-0.0394,0.0589,292.21,308.74,275.68,0.0204
2022-04-12,272.2683,280.64697,270.7528,279.19904,30966700,MSFT,287.11,,290.14,-0.0112,0.047,291.96,309.54,274.38,0.0186
2022-04-13,277.63522,278.5619,271.5346,272.915,21907200,MSFT,286.71,293.49,289.65,0.0197,0.0677,291.64,310.05,273.23,0.0182
2022-04-14,270.11566,278.3013,269.62338,278.08893,28221600,MSFT,286.07,293.54,288.89,-0.0271,0.0387,290.89,311.5,270.28,0.0191
2022-04-18,270.7817,272.65436,268.6774,269.2276,20778000,MSFT,285.69,293.59,288.18,0.0025,0.0413,289.93,312.42,267.44,0.0186
2022-04-19,275.3958,276.23563,268.74503,269.68134,22297700,MSFT,285.3,293.64,287.67,0.017,0.059,289.26,312.68,265.84,0.0191
2022-04-20,276.419,279.6431,275.46338,279.3535,22906700,MSFT,285.03,293.69,287.23,0.0037,0.0629,288.41,312.41,264.41,0.0187
2022-04-21,271.06174,283.11813,270.33777,278.56198,29454600,MSFT,284.58,293.7,286.6,-0.0194,0.0423,287.51,312.73,262.29,0.0188
2022-04-22,264.51703,273.3687,263.8896,271.90146,29405800,MSFT,283.88,293.69,285.73,-0.0241,0.0172,286.06,313.09,259.03,0.0189
2022-04-25,270.97482,271.35126,261.37024,263.80276,35678900,MSFT,283.47,293.71,285.15,0.0244,0.042,284.95,312.57,257.33,0.02
2022-04-26,260.83932,268.69672,260.62695,267.8666,46518400,MSFT,283.01,293.68,284.2,-0.0374,0.003,282.99,311.66,254.32,0.0203
2022-04-27,273.388,280.86896,269.46893,272.3069,63477700,MSFT,282.79,293.7,283.78,0.0481,0.0513,281.44,308.54,254.34,0.0233
2022-04-28,279.57544,280.87857,271.68906,275.28958,33646600,MSFT,282.59,293.74,283.61,0.0226,0.0751,280.27,305.4,255.14,0.0241
2022-04-29,267.88583,279.81677,266.90125,278.59085,37073900,MSFT,282.17,293.74,282.99,-0.0418,0.0301,278.78,303.1,254.46,0.0254
2022-05-02,274.5946,275.04828,266.631,268.06927,35151100,MSFT,282.05,293.76,282.66,0.025,0.0559,277.58,300.07,255.09,0.0262
2022-05-03,271.998,274.26642,270.42456,274.1023,25978600,MSFT,281.93,293.79,282.25,-0.0095,0.0458,275.98,294.8,257.16,0.0257
2022-05-04,279.91336,280.7821,267.12332,272.77988,33599300,MSFT,281.97,293.85,282.15,0.0291,0.0763,274.97,290.16,259.78,0.0267
2022-05-05,267.72174,276.4093,264.81622,275.6274,43260400,MSFT,281.92,293.84,281.59,-0.0436,0.0293,273.9,287.86,259.94,0.0272
2022-05-06,265.19272,269.5558,261.8528,265.26993,37780300,MSFT,281.53,293.79,280.95,-0.0094,0.0197,272.61,284.57,260.65,0.0272
2022-05-09,255.3951,262.905,254.17886,260.68488,47726000,MSFT,280.9,293.68,279.94,-0.0369,-0.018,271.05,283.44,258.66,0.0281
2022-05-10,260.14426,264.2467,255.86806,262.25824,39336400,MSFT,280.33,293.59,279.17,0.0186,0.0003,270.29,283.42,257.16,0.0274
2022-05-11,251.50497,261.9397,250.29837,256.45688,48975900,MSFT,279.67,293.48,278.08,-0.0332,-0.0329,269.25,284.78,253.72,0.0282
2022-05-12,246.48552,250.85826,241.34055,248.74428,51033800,MSFT,278.81,293.34,276.84,-0.02,-0.0522,267.7,285.74,249.66,0.0278
2022-05-13,252.05518,253.90854,246.48549,248.41606,34925100,MSFT,278.13,293.22,275.87,0.0226,-0.0308,266.79,286.08,247.5,0.028
2022-05-16,252.42197,256.592,246.90054,250.93542,32550900,MSFT,277.59,293.12,274.95,0.0015,-0.0294,265.87,286.09,245.65,0.028
2022-05-17,257.55734,259.0149,253.34868,256.87198,28828800,MSFT,277.35,293.04,274.27,0.0203,-0.0097,264.98,285.0,244.96,0.0281
2022-05-18,245.83084,255.04176,244.56337,254.46124,31356000,MSFT,276.94,292.89,273.15,-0.0455,-0.0547,263.45,284.44,242.46,0.0296
2022-05-19,244.92133,249.30426,243.70224,245.65665,32692300,MSFT,276.27,292.74,272.05,-0.0037,-0.0582,262.15,284.37,239.93,0.0295
2022-05-20,244.3602,250.14606,238.4389,248.88824,39199300,MSFT,275.65,292.57,270.96,-0.0023,-0.0604,261.14,284.69,237.59,0.0291
2022-05-23,252.18752,253.00992,245.20192,247.19505,33175400,MSFT,275.28,292.44,270.22,0.032,-0.0303,260.2,283.6,236.8,0.0295
2022-05-24,251.191,252.84547,245.2697,249.51718,29043900,MSFT,274.97,292.31,269.48,-0.004,-0.0342,259.72,283.46,235.98,0.0284
2022-05-25,253.9968,255.98991,248.78181,249.75902,28547900,MSFT,274.51,292.21,268.87,0.0112,-0.0234,258.75,281.71,235.79,0.0261
2022-05-26,257.26706,258.43777,252.94218,253.75491,25002100,MSFT,273.97,292.12,268.42,0.0129,-0.0108,257.63,278.39,236.87,0.0257
2022-05-27,264.36874,264.4655,258.87317,259.7633,26910800,MSFT,273.56,292.05,268.26,0.0276,0.0165,257.46,277.91,237.01,0.025
2022-05-31,263.04324,265.8491,260.1987,263.68182,37827700,MSFT,273.02,291.96,268.05,-0.005,0.0114,256.88,275.9,237.86,0.0243
2022-06-01,263.57538,268.67426,261.27264,266.2651,25292200,MSFT,272.51,291.87,267.88,0.002,0.0135,256.46,274.41,238.51,0.0242
2022-06-02,265.66528,265.73303,253.10672,255.8642,44008200,MSFT,271.96,291.79,267.79,0.0079,0.0215,255.74,270.64,240.84,0.0233
2022-06-03,261.2533,264.57196,259.6956,261.53387,28059000,MSFT,271.4,291.7,267.53,-0.0166,0.0045,255.42,269.49,241.35,0.0215
2022-06-06,260.0245,265.2782,258.5442,263.22705,22400300,MSFT,270.73,291.57,267.24,-0.0047,-0.0002,255.16,268.65,241.67,0.0214
2022-06-07,263.6528,264.26236,257.3058,257.98306,22860700,MSFT,270.14,291.42,267.1,0.014,0.0138,255.58,269.59,241.57,0.0198
2022-06-08,261.63068,264.1366,260.85663,262.88846,17372300,MSFT,269.37,291.27,266.88,-0.0077,0.006,255.65,269.78,241.52,0.0195
2022-06-09,256.19308,263.85593,256.03827,259.086,26439700,MSFT,268.41,291.09,266.46,-0.0208,-0.0149,255.88,269.88,241.88,0.0186
2022-06-10,244.77621,252.11977,244.33115,252.11977,31422800,MSFT,267.24,290.87,265.61,-0.0446,-0.0589,255.8,270.06,241.54,0.0207
2022-06-13,234.39459,240.93512,233.6883,237.15207,46135800,MSFT,265.98,290.6,264.39,-0.0424,-0.0988,254.92,272.05,237.79,0.022
2022-06-14,236.55217,237.76158,233.66891,235.94261,28651500,MSFT,264.74,290.34,263.3,0.0092,-0.0905,254.12,273.11,235.13,0.0222
2022-06-15,243.58614,247.01122,238.41951,240.24815,33111700,MSFT,263.53,290.1,262.52,0.0297,-0.0635,253.42,272.9,233.94,0.0228
2022-06-16,237.01659,239.38704,235.1299,237.99379,33169200,MSFT,262.27,289.83,261.52,-0.027,-0.0888,252.98,273.55,232.41,0.0213
2022-06-17,239.60957,242.36705,236.1071,236.75536,43084800,MSFT,261.28,289.58,260.66,0.0109,-0.0788,252.72,273.86,231.58,0.0215
2022-06-21,245.50188,246.47908,241.4092,242.13486,29928300,MSFT,260.37,289.36,260.07,0.0246,-0.0562,252.77,273.82,231.72,0.0222
2022-06-22,244.91167,248.82051,242.24127,243.71191,25939900,MSFT,259.53,289.14,259.48,-0.0024,-0.0584,252.41,273.75,231.07,0.0209
2022-06-23,250.45566,250.94911,245.39548,247.27249,25861400,MSFT,259.04,288.95,259.12,0.0226,-0.0372,252.37,273.72,231.02,0.0216
2022-06-24,259.0087,259.2796,253.22284,253.3099,33923200,MSFT,258.77,288.8,259.12,0.0341,-0.0043,252.62,274.17,231.07,0.0228
2022-06-27,256.2898,259.58905,254.73206,259.50198,24615100,MSFT,258.34,288.65,259.01,-0.0105,-0.0148,252.58,274.09,231.07,0.0228
2022-06-28,248.15291,258.24426,247.9981,255.40941,27295500,MSFT,257.9,288.47,258.58,-0.0317,-0.046,251.76,272.61,230.91,0.0228
2022-06-29,251.81021,253.46469,247.4563,249.22688,20069800,MSFT,257.53,288.3,258.32,0.0147,-0.032,251.2,271.36,231.04,0.0232
2022-06-30,248.4915,251.10385,244.6891,248.70436,31730900,MSFT,256.99,288.1,257.93,-0.0132,-0.0448,250.45,269.77,231.13,0.0233
2022-07-01,251.15224,251.33607,246.34361,248.06583,22837700,MSFT,256.48,287.89,257.66,0.0107,-0.0345,249.72,267.68,231.76,0.0234
2022-07-05,254.31612,254.4419,246.46942,247.84332,22941000,MSFT,256.15,287.7,257.53,0.0126,-0.0224,249.38,266.66,232.1,0.0233
2022-07-06,257.56693,259.28912,253.88063,255.1868,23824400,MSFT,256.01,287.54,257.53,0.0128,-0.0099,249.25,266.24,232.26,0.0235
2022-07-07,259.68585,260.32443,256.4156,256.51236,20859900,MSFT,255.78,287.43,257.62,0.0082,-0.0017,249.06,265.43,232.69,0.0234
2022-07-08,258.9699,259.39563,254.74179,256.19308,19658800,MSFT,255.74,287.3,257.67,-0.0028,-0.0045,248.92,264.89,232.95,0.0233
2022-07-11,255.92221,257.87662,253.66785,257.02518,19455200,MSFT,255.4,287.15,257.6,-0.0118,-0.0163,248.91,264.86,232.96,0.023
2022-07-12,245.43414,257.3058,243.85706,257.24774,35868500,MSFT,254.71,286.93,257.13,-0.041,-0.0566,248.94,264.85,233.03,0.0226
2022-07-13,244.51498,245.31804,240.05466,242.06712,29497400,MSFT,254.25,286.72,256.63,-0.0037,-0.0601,249.45,264.0,234.9,0.0203
2022-07-14,245.83084,246.85643,237.95512,242.4348,25102800,MSFT,253.67,286.53,256.21,0.0054,-0.055,249.91,263.27,236.55,0.0203
2022-07-15,248.38513,251.91663,246.49844,247.4176,29774100,MSFT,253.2,286.41,255.9,0.0104,-0.0452,250.15,263.21,237.09,0.0193
2022-07-18,245.9953,252.37134,245.07614,251.31673,20975000,MSFT,252.52,286.28,255.51,-0.0096,-0.0544,250.6,262.3,238.9,0.0184
2022-07-19,251.1039,251.28773,245.44382,249.2172,25012600,MSFT,252.19,286.18,255.34,0.0208,-0.0347,251.17,261.66,240.68,0.0187
2022-07-20,253.7549,256.27048,250.504,251.46185,22788300,MSFT,251.96,286.06,255.28,0.0106,-0.0245,251.59,261.79,241.39,0.0181
2022-07-21,256.24146,256.28986,248.68503,251.35542,22404700,MSFT,251.98,285.98,255.32,0.0098,-0.0149,252.15,262.04,242.26,0.0182
2022-07-22,251.90692,256.71558,250.65883,256.62848,21881300,MSFT,251.81,285.85,255.18,-0.0169,-0.0316,252.23,262.09,242.37,0.018
2022-07-25,250.42662,253.00995,248.47221,252.52618,21056000,MSFT,251.79,285.69,255.0,-0.0059,-0.0373,251.8,261.15,242.45,0.0162
2022-07-26,243.7216,251.44254,241.46727,251.42316,39348000,MSFT,251.73,285.49,254.55,-0.0268,-0.0631,251.17,260.93,241.41,0.0171
2022-07-27,260.0149,261.28235,250.446,252.681,45994000,MSFT,251.89,285.37,254.77,0.0669,-0.0004,251.76,262.17,241.35,0.0218
2022-07-28,267.43585,268.81943,259.1731,260.99207,33459300,MSFT,252.19,285.3,255.26,0.0285,0.0281,252.54,265.09,239.99,0.0224
2022-07-29,271.62524,272.84436,267.6487,268.68396,32152800,MSFT,252.47,285.25,255.91,0.0157,0.0442,253.7,268.7,238.7,0.0222
2022-08-01,268.9839,272.1477,266.88434,268.80005,21539600,MSFT,252.94,285.17,256.42,-0.0097,0.0341,254.59,271.01,238.17,0.0224
2022-08-02,265.89746,268.8678,263.53668,267.03915,22754200,MSFT,253.36,285.04,256.79,-0.0115,0.0222,255.17,272.35,237.99,0.0225
2022-08-03,273.29916,274.29572,267.6294,267.77457,23518900,MSFT,253.94,284.94,257.44,0.0278,0.0506,255.96,274.94,236.98,0.0231
2022-08-04,274.4408,274.5859,271.0738,272.65085,18098700,MSFT,254.38,284.84,258.1,0.0042,0.055,256.7,277.37,236.03,0.0231
2022-08-05,273.72482,274.4408,269.63214,270.08688,16774600,MSFT,254.83,284.73,258.72,-0.0026,0.0523,257.43,279.45,235.41,0.0231
2022-08-08,271.2189,276.6371,270.25137,274.8278,18739200,MSFT,255.18,284.6,259.21,-0.0092,0.0426,258.2,281.04,235.36,0.023
2022-08-09,273.13464,273.8893,268.59692,270.56104,23405200,MSFT,255.49,284.48,259.75,0.0071,0.05,259.58,282.52,236.64,0.0205
2022-08-10,279.7719,280.4008,277.624,278.81406,24687800,MSFT,255.8,284.39,260.54,0.0243,0.0755,261.35,284.83,237.87,0.0208
2022-08-11,277.70135,281.7553,277.20795,281.407,20065900,MSFT,256.09,284.3,261.21,-0.0074,0.0676,262.94,286.31,239.57,0.021
2022-08-12,282.4326,282.4326,277.62393,279.11395,22619700,MSFT,256.47,284.22,262.04,0.017,0.0857,264.64,288.5,240.78,0.0212
2022-08-15,283.942,284.62894,280.69107,281.5522,18085700,MSFT,256.84,284.08,262.9,0.0053,0.0915,266.54,290.2,242.88,0.0208
2022-08-16,283.20663,284.49347,280.991,282.51,18102900,MSFT,257.28,283.94,263.7,-0.0026,0.0886,268.14,291.74,244.54,0.0207
2022-08-17,282.46008,284.42834,280.66635,280.92813,18253400,MSFT,257.73,283.76,264.43,-0.0026,0.0858,269.58,292.99,246.17,0.0208
2022-08-18,281.34503,283.0321,280.28815,281.3644,17186200,MSFT,258.08,283.58,265.1,-0.0039,0.0816,270.83,293.92,247.74,0.0208
2022-08-19,277.4472,280.45294,276.87515,280.11356,20570000,MSFT,258.4,283.37,265.58,-0.0139,0.0665,272.11,293.56,250.66,0.0207
2022-08-22,269.30273,273.86948,268.78885,273.50104,25061100,MSFT,258.66,283.11,265.73,-0.0294,0.0352,273.06,292.0,254.12,0.022
2022-08-23,268.03262,270.379,267.02423,268.03262,17527400,MSFT,259.12,282.83,265.82,-0.0047,0.0303,274.27,287.57,260.97,0.0209
2022-08-24,267.40237,268.79858,266.74304,267.03394,18137000,MSFT,259.78,282.55,265.88,-0.0024,0.0278,274.64,286.61,262.67,0.015
2022-08-25,270.3693,270.53412,266.17096,268.8955,16583400,MSFT,260.46,282.28,266.06,0.0111,0.0393,274.79,286.46,263.12,0.0138
2022-08-26,259.93658,271.81403,259.82996,270.59235,27549300,MSFT,260.79,281.97,265.82,-0.0386,-0.0009,274.2,287.58,260.82,0.0158
2022-08-29,257.16354,259.26752,255.82552,257.76468,20338500,MSFT,261.19,281.66,265.48,-0.0107,-0.0115,273.61,288.87,258.35,0.0159
2022-08-30,254.97224,258.92813,252.7325,258.55972,22767100,MSFT,261.5,281.34,265.07,-0.0085,-0.0199,273.07,290.17,255.97,0.0158
2022-08-31,253.51785,258.9863,253.3821,257.31863,24791800,MSFT,261.66,280.99,264.61,-0.0057,-0.0255,272.08,291.28,252.88,0.0141
2022-09-01,252.4804,252.9555,247.64217,250.99693,23263400,MSFT,261.81,280.63,264.14,-0.0041,-0.0295,270.98,292.03,249.93,0.014
2022-09-02,248.27243,256.68845,246.73079,253.74092,22855400,MSFT,261.76,280.24,263.51,-0.0167,-0.0457,269.71,293.02,246.4,0.0143
2022-09-06,245.54785,249.98854,244.2777,248.40814,21328200,MSFT,261.5,279.84,262.81,-0.011,-0.0562,268.42,294.09,242.75,0.0143
2022-09-07,250.24068,250.95816,245.5188,246.95378,24126700,MSFT,261.37,279.45,262.32,0.0191,-0.0382,267.28,294.08,240.48,0.0151
2022-09-08,250.6576,252.5095,247.04103,249.67833,20319900,MSFT,261.42,279.05,261.86,0.0017,-0.0366,265.82,292.92,238.72,0.0136
2022-09-09,256.41687,257.16348,252.3737,252.57732,22084700,MSFT,261.52,278.69,261.65,0.023,-0.0144,264.76,291.57,237.95,0.015
2022-09-12,258.54037,259.31607,257.0957,257.69684,18747700,MSFT,261.72,278.36,261.52,0.0083,-0.0062,263.56,289.15,237.97,0.0145
2022-09-13,244.3262,252.48042,243.93835,250.96786,33353300,MSFT,261.58,277.95,260.85,-0.055,-0.0609,261.58,286.66,236.5,0.0182
2022-09-14,244.54916,246.49803,242.26094,245.81932,23913000,MSFT,261.39,277.59,260.21,0.0009,-0.06,259.65,283.65,235.65,0.0182
2022-09-15,237.91725,243.75415,236.59862,242.17374,31530900,MSFT,260.99,277.15,259.34,-0.0271,-0.0855,257.42,280.76,234.08,0.0187
2022-09-16,237.29669,237.83966,234.6982,236.83128,39791800,MSFT,260.54,276.75,258.47,-0.0026,-0.0879,255.22,277.34,233.1,0.0188
2022-09-19,237.08339,237.68452,233.52501,235.09573,26826900,MSFT,260.11,276.34,257.63,-0.0009,-0.0887,253.2,274.11,232.29,0.0188
2022-09-20,235.07635,236.10411,232.35182,234.70792,26660300,MSFT,259.69,275.93,256.75,-0.0085,-0.0965,251.49,272.46,230.52,0.0181
2022-09-21,231.68279,240.1279,231.63431,236.84099,28625600,MSFT,259.41,275.54,255.77,-0.0144,-0.1095,249.67,270.9,228.44,0.0181
2022-09-22,233.65102,236.44344,230.34474,230.6356,31061200,MSFT,259.2,275.13,254.9,0.0085,-0.1019,247.98,268.63,227.33,0.0185
2022-09-23,230.6841,233.79648,228.04681,232.25482,34176000,MSFT,258.89,274.67,253.95,-0.0127,-0.1133,246.0,265.17,226.83,0.018
2022-09-26,230.22838,234.10672,229.6951,229.84055,27694200,MSFT,258.53,274.21,253.02,-0.002,-0.1151,244.52,263.75,225.29,0.0165
2022-09-27,229.22002,234.44609,227.3681,232.68143,27018700,MSFT,258.2,273.75,252.09,-0.0044,-0.119,243.12,262.54,223.7,0.0165
2022-09-28,233.73834,234.96002,227.59116,229.6079,29029700,MSFT,257.85,273.27,251.37,0.0197,-0.1016,242.06,261.07,223.05,0.0174
2022-09-29,230.27689,232.65237,227.28087,231.62462,27484200,MSFT,257.38,272.79,250.54,-0.0148,-0.1149,240.89,259.79,221.99,0.0176
2022-09-30,225.8168,233.22444,225.65198,231.04288,35694800,MSFT,256.77,272.34,249.57,-0.0194,-0.1321,239.56,258.77,220.35,0.0179
2022-10-03,233.41835,234.26189,227.52325,228.25046,28880400,MSFT,256.4,271.89,248.94,0.0337,-0.1028,238.82,257.76,219.88,0.0197
2022-10-04,241.31079,242.74577,237.52939,237.63605,34888400,MSFT,256.22,271.53,248.64,0.0338,-0.0725,238.61,257.33,219.89,0.0212
2022-10-05,241.62105,242.95908,236.67616,238.50868,20347100,MSFT,256.18,271.18,248.36,0.0013,-0.0713,238.18,256.15,220.21,0.0207
2022-10-06,239.28435,242.72638,238.59595,240.38968,20239900,MSFT,255.76,270.84,248.01,-0.0097,-0.0803,237.61,254.62,220.6,0.0207
2022-10-07,227.11606,233.98074,226.0786,233.5735,37769600,MSFT,254.96,270.4,247.19,-0.0509,-0.1271,236.14,251.27,221.01,0.0225
2022-10-10,222.27779,227.42628,219.83443,225.96222,29743600,MSFT,253.97,269.9,246.21,-0.0213,-0.1457,234.33,246.57,222.09,0.0225
2022-10-11,218.55458,222.09357,217.29411,220.69736,30474000,MSFT,252.96,269.38,245.13,-0.0168,-0.1601,233.04,246.24,219.84,0.0197
2022-10-12,218.88425,220.93007,217.1487,218.54489,21903900,MSFT,252.02,268.83,244.1,0.0015,-0.1588,231.76,245.23,218.29,0.0197
2022-10-13,227.11606,228.9195,212.46559,213.1637,42551800,MSFT,251.1,268.32,243.43,0.0376,-0.1272,231.22,244.52,217.92,0.0212
2022-10-14,221.60878,230.0248,221.39546,228.3765,30198600,MSFT,250.04,267.78,242.57,-0.0242,-0.1483,230.43,244.07,216.79,0.0218
2022-10-17,230.30597,231.69249,227.98866,228.64798,28142300,MSFT,249.17,267.3,242.09,0.0392,-0.1149,230.09,243.36,216.82,0.0238
2022-10-18,231.24646,236.5113,228.21165,235.8423,26329600,MSFT,248.37,266.84,241.67,0.0041,-0.1113,229.9,242.98,216.82,0.0237
2022-10-19,229.28792,232.32272,227.16452,229.83089,19985700,MSFT,247.49,266.37,241.18,-0.0085,-0.1188,229.78,242.83,216.73,0.0236
2022-10-20,228.96793,233.971,227.72685,228.59949,21811000,MSFT,246.48,265.93,240.7,-0.0014,-0.1201,229.55,242.48,216.62,0.0235
2022-10-21,234.75635,235.60959,227.3681,227.60081,26299700,MSFT,245.62,265.58,240.47,0.0253,-0.0978,229.75,242.88,216.62,0.024
2022-10-24,239.73036,240.30241,233.96132,236.3465,24911200,MSFT,244.77,265.27,240.44,0.0212,-0.0787,230.23,244.1,216.36,0.0244
2022-10-25,243.03662,243.40506,238.35352,239.74002,34775500,MSFT,243.95,264.97,240.54,0.0138,-0.066,230.92,245.91,215.93,0.0245
2022-10-26,224.28485,231.05257,223.06316,224.1394,82543200,MSFT,242.77,264.58,239.91,-0.0772,-0.1381,230.45,245.66,215.24,0.03
2022-10-27,219.85382,226.58275,218.91331,224.01334,40424600,MSFT,241.52,264.16,239.12,-0.0198,-0.1552,229.92,245.85,213.99,0.0301
2022-10-28,228.69644,229.40425,219.17511,219.35933,40647700,MSFT,240.46,263.77,238.71,0.0402,-0.1212,230.07,245.9,214.24,0.0312
2022-10-31,225.0702,227.77534,224.12,226.65062,28357300,MSFT,239.42,263.43,238.18,-0.0159,-0.1352,229.65,245.54,213.76,0.0305
2022-11-01,221.23062,228.5704,220.41617,227.46507,30592300,MSFT,238.46,263.04,237.51,-0.0171,-0.1499,228.65,243.97,213.33,0.0295
2022-11-02,213.40607,224.26544,213.34789,222.4814,38407000,MSFT,237.36,262.65,236.57,-0.0354,-0.18,227.24,242.72,211.76,0.0303
2022-11-03,207.73401,213.70667,207.47221,213.3964,36633900,MSFT,236.17,262.23,235.44,-0.0266,-0.2019,225.66,242.36,208.96,0.0306
2022-11-04,214.65683,214.85074,206.93892,210.93362,36789100,MSFT,235.06,261.85,234.62,0.0333,-0.1753,225.04,242.42,207.66,0.03
2022-11-07,220.93976,221.46335,214.55019,215.2386,33498000,MSFT,234.28,261.53,234.08,0.0293,-0.1511,224.97,242.41,207.53,0.0305
2022-11-08,221.90935,224.6048,218.9715,221.74452,28192500,MSFT,233.57,261.21,233.61,0.0044,-0.1474,225.14,242.38,207.9,0.0302
2022-11-09,217.68195,221.67665,217.50743,220.45497,27852900,MSFT,232.82,260.91,232.98,-0.0191,-0.1637,225.08,242.42,207.74,0.0305
2022-11-10,235.59018,235.92953,227.85287,228.26979,46268000,MSFT,232.47,260.65,233.08,0.0823,-0.0948,225.5,243.46,207.54,0.0348
2022-11-11,239.5946,240.44785,234.57214,235.59991,34620200,MSFT,232.21,260.41,233.34,0.017,-0.0794,226.4,245.31,207.49,0.0343
2022-11-14,234.20372,236.49194,231.93489,234.63034,31123300,MSFT,231.93,260.1,233.37,-0.0225,-0.1002,226.59,245.75,207.43,0.0338
2022-11-15,234.61093,239.48795,232.72993,238.1887,31390100,MSFT,231.71,259.77,233.42,0.0017,-0.0986,226.76,246.15,207.37,0.0338
2022-11-16,235.03874,237.05145,233.765,236.0694,24093300,MSFT,231.4,259.46,233.49,0.0018,-0.097,227.05,246.76,207.34,0.0337
2022-11-17,234.99011,236.51666,231.05223,231.19807,23123500,MSFT,231.09,259.12,233.54,-0.0002,-0.0972,227.35,247.37,207.33,0.0337
2022-11-18,234.54285,236.99309,232.41347,236.76945,27613500,MSFT,230.65,258.85,233.58,-0.0019,-0.0989,227.34,247.34,207.34,0.0333
2022-11-21,235.34988,237.89735,234.51369,234.74704,26394700,MSFT,230.19,258.55,233.65,0.0034,-0.0958,227.12,246.64,207.6,0.0329
2022-11-22,238.24736,238.5196,234.04695,236.84721,19665700,MSFT,230.07,258.29,233.83,0.0123,-0.0847,226.88,245.68,208.08,0.0329
2022-11-23,240.72682,241.40744,237.50845,238.3252,19508500,MSFT,229.99,258.03,234.1,0.0104,-0.0752,227.7,247.44,207.96,0.0275
2022-11-25,240.63934,241.81584,239.90038,240.46432,9200800,MSFT,230.05,257.73,234.36,-0.0004,-0.0756,228.74,248.92,208.56,0.027
2022-11-28,235.06793,239.82257,234.1345,239.26836,24778200,MSFT,230.0,257.45,234.39,-0.0232,-0.097,229.06,249.44,208.68,0.0263
2022-11-29,233.6775,236.0694,231.6162,234.71788,17956300,MSFT,229.93,257.2,234.36,-0.0059,-0.1023,229.49,249.88,209.1,0.0261
2022-11-30,248.07756,248.2623,233.22052,233.91087,47594200,MSFT,230.19,257.02,234.9,0.0616,-0.047,230.83,252.43,209.23,0.0288
2022-12-01,247.64001,249.03043,243.97437,246.84271,26041500,MSFT,230.51,256.81,235.4,-0.0018,-0.0488,232.55,253.76,211.34,0.0272
2022-12-02,247.96085,248.97205,242.77838,242.90479,21528500,MSFT,230.8,256.6,235.89,0.0013,-0.0475,234.56,253.35,215.77,0.026
2022-12-05,243.27429,246.7941,241.19353,245.0342,23435300,MSFT,231.05,256.42,236.18,-0.0189,-0.0655,235.99,252.64,219.34,0.0261
2022-12-06,238.3349,244.88834,237.032,243.87714,22463700,MSFT,231.21,256.22,236.26,-0.0203,-0.0845,236.86,251.94,221.78,0.0262
2022-12-07,237.60565,239.34612,235.50545,238.05293,20481500,MSFT,231.38,256.02,236.32,-0.0031,-0.0873,237.64,250.98,224.3,0.0262
2022-12-08,240.55182,241.85474,236.33195,238.06268,22611800,MSFT,231.52,255.87,236.48,0.0124,-0.076,238.79,248.29,229.29,0.0257
2022-12-09,238.6266,241.4366,237.40149,237.92653,20609700,MSFT,231.68,255.64,236.57,-0.008,-0.0834,238.94,248.32,229.56,0.0184
2022-12-12,245.52036,245.54953,240.32817,240.60042,30665100,MSFT,232.08,255.43,236.92,0.0289,-0.0569,239.23,249.06,229.4,0.0191
2022-12-13,249.80826,256.6145,246.06482,254.44621,42196900,MSFT,232.4,255.24,237.42,0.0175,-0.0404,240.01,250.61,229.41,0.0186
2022-12-14,250.09998,255.32132,247.27052,250.01247,35410900,MSFT,232.58,255.06,237.92,0.0012,-0.0393,240.79,251.97,229.61,0.0186
2022-12-15,242.11722,247.16356,240.49345,246.69685,35560400,MSFT,232.59,254.83,238.09,-0.0319,-0.0699,241.14,252.0,230.28,0.0202
2022-12-16,237.91684,242.92429,236.7695,241.67,86102000,MSFT,232.56,254.59,238.08,-0.0173,-0.086,241.29,251.88,230.7,0.0206
2022-12-19,233.79414,238.4224,232.10231,238.08208,29696400,MSFT,232.7,254.36,237.91,-0.0173,-0.1018,241.25,251.94,230.56,0.021
2022-12-20,235.10683,236.1861,231.82039,232.77325,25150800,MSFT,232.95,254.19,237.8,0.0056,-0.0968,241.24,251.96,230.52,0.021
2022-12-21,237.664,238.82106,233.4636,234.99986,23690600,MSFT,233.34,254.04,237.8,0.0109,-0.0869,241.21,251.97,230.45,0.021
2022-12-22,231.59673,235.29153,227.3963,234.58174,28651700,MSFT,233.59,253.81,237.55,-0.0255,-0.1102,240.75,252.34,229.16,0.0216
2022-12-23,232.12178,232.2579,227.46437,229.57431,21207000,MSFT,233.69,253.59,237.34,0.0023,-0.1082,240.33,252.54,228.12,0.0216
2022-12-27,230.40079,232.31624,229.30206,232.09262,16688600,MSFT,233.87,253.39,237.07,-0.0074,-0.1148,240.09,252.89,227.29,0.0211
2022-12-28,228.03801,233.08435,227.68797,230.33269,17457100,MSFT,233.82,253.2,236.71,-0.0103,-0.1239,239.81,253.43,226.19,0.0212
2022-12-29,234.33868,235.2235,229.12704,229.12704,19770700,MSFT,233.88,252.98,236.62,0.0276,-0.0997,239.13,252.37,225.89,0.0168
2022-12-30,233.18161,233.31773,230.10909,231.61618,21938500,MSFT,233.96,252.73,236.49,-0.0049,-0.1041,238.4,251.26,225.54,0.0168
2023-01-03,232.94826,238.94746,230.8286,236.35138,25740000,MSFT,234.04,252.47,236.35,-0.001,-0.105,237.65,249.9,225.4,0.0168
2023-01-04,222.75836,226.424,219.70528,225.85033,50623400,MSFT,233.8,252.13,235.81,-0.0437,-0.1441,236.63,250.26,223.0,0.0188
2023-01-05,216.15631,221.25127,215.62154,220.91095,39585600,MSFT,233.33,251.77,235.04,-0.0296,-0.1695,235.52,251.89,219.15,0.0193
2023-01-06,218.70375,219.51077,213.27823,216.82718,43613600,MSFT,232.84,251.4,234.4,0.0118,-0.1597,234.57,252.54,216.6,0.0197
2023-01-09,220.83318,224.83914,220.14284,220.18172,27369800,MSFT,232.77,251.05,233.87,0.0097,-0.1515,233.59,252.33,214.85,0.0196
2023-01-10,222.51529,224.90718,221.03735,221.45544,27033900,MSFT,232.83,250.7,233.42,0.0076,-0.1451,232.78,251.98,213.58,0.0197
2023-01-11,229.24373,229.41873,224.71272,224.88773,28669300,MSFT,232.84,250.38,233.26,0.0302,-0.1192,231.97,250.26,213.68,0.0198
2023-01-12,231.9079,233.25941,227.09492,228.74786,27269500,MSFT,232.97,250.04,233.21,0.0116,-0.109,231.07,247.32,214.82,0.0195
2023-01-13,232.60794,232.74406,228.41725,230.43967,21333300,MSFT,233.2,249.68,233.18,0.003,-0.1064,230.2,243.81,216.59,0.0196
2023-01-17,233.69695,234.24144,230.52718,231.38283,29831300,MSFT,233.61,249.33,233.2,0.0047,-0.1022,229.78,242.31,217.25,0.0184
2023-01-18,229.28261,235.67075,229.00064,234.88318,30028700,MSFT,234.04,248.99,233.05,-0.0189,-0.1191,229.34,241.27,217.41,0.0185
2023-01-19,225.51003,229.00066,224.29463,227.30882,28623000,MSFT,234.26,248.63,232.75,-0.0165,-0.1337,228.93,240.79,217.07,0.0185
2023-01-20,233.57056,234.07617,228.0186,228.35892,35389800,MSFT,234.51,248.27,232.79,0.0357,-0.1027,228.85,240.56,217.14,0.0202
2023-01-23,235.8652,238.38351,233.0163,234.42618,31934000,MSFT,234.79,247.95,232.91,0.0098,-0.0939,228.76,240.21,217.31,0.0202
2023-01-24,235.34015,237.19728,233.78445,235.78743,40234400,MSFT,235.14,247.68,233.0,-0.0022,-0.0959,228.95,240.71,217.19,0.0193
2023-01-25,233.94974,236.56528,224.50851,227.98941,66526600,MSFT,235.11,247.4,233.04,-0.0059,-0.1013,229.04,240.93,217.15,0.0194
2023-01-26,241.13521,241.43663,235.30128,236.90561,33454500,MSFT,235.14,247.17,233.36,0.0307,-0.0737,229.58,242.64,216.52,0.0204
2023-01-27,241.29074,242.9145,239.99756,242.09776,26498900,MSFT,235.28,247.0,233.67,0.0006,-0.0731,230.24,244.28,216.2,0.0202
2023-01-30,235.99164,238.80164,235.49574,237.7418,25867400,MSFT,235.31,246.82,233.76,-0.022,-0.0935,230.32,244.48,216.16,0.0201
2023-01-31,240.95044,241.08656,236.22496,236.71112,26541100,MSFT,235.43,246.64,234.04,0.021,-0.0745,230.71,245.61,215.81,0.0205
2023-02-01,245.75371,248.11644,238.67523,241.1352,31259900,MSFT,235.64,246.52,234.5,0.0199,-0.0561,231.35,247.68,215.02,0.0209
2023-02-02,257.27576,257.36325,250.1292,251.65575,39940400,MSFT,236.1,246.45,235.39,0.0469,-0.0118,233.08,252.58,213.58,0.0201
2023-02-03,251.19872,256.88678,249.98332,252.35577,29077300,MSFT,236.41,246.33,236.01,-0.0236,-0.0351,234.83,254.22,215.44,0.0195
2023-02-06,249.6624,251.15004,247.7275,250.31387,22518000,MSFT,236.64,246.19,236.55,-0.0061,-0.041,236.38,255.29,217.47,0.0197
2023-02-07,260.1537,261.33017,252.88072,253.31828,50841400,MSFT,237.03,246.14,237.47,0.042,-0.0007,238.35,258.58,218.12,0.0212
2023-02-08,259.3467,269.09906,258.8411,265.6376,54686000,MSFT,237.4,246.11,238.33,-0.0031,-0.0038,240.19,261.05,219.33,0.0214
2023-02-09,256.32285,266.3961,255.52554,266.22104,42375100,MSFT,237.83,246.04,239.04,-0.0117,-0.0155,241.54,262.92,220.16,0.0212
2023-02-10,255.81718,256.7798,253.44472,254.29063,25818500,MSFT,238.27,246.01,239.7,-0.002,-0.0174,242.74,264.52,220.96,0.0212
2023-02-13,263.80966,266.99887,259.75507,260.23154,44630900,MSFT,238.59,245.97,240.64,0.0312,0.0132,244.3,267.45,221.15,0.022
2023-02-14,264.63617,267.35864,261.82614,265.1223,37047900,MSFT,238.93,245.89,241.58,0.0031,0.0164,245.84,270.12,221.56,0.022
2023-02-15,262.52097,263.8954,259.46024,261.5462,28922400,MSFT,239.22,245.86,242.4,-0.008,0.0082,247.51,271.57,223.45,0.0214
2023-02-16,255.53195,260.00607,255.28827,257.35474,29603600,MSFT,239.46,245.77,242.92,-0.0266,-0.0186,249.01,270.94,227.08,0.0221
2023-02-17,251.5452,253.52394,249.5372,252.84164,30000100,MSFT,239.73,245.67,243.26,-0.0156,-0.0339,249.9,270.6,229.2,0.0215
2023-02-21,246.29126,249.04007,245.23853,248.05556,28397400,MSFT,239.9,245.5,243.38,-0.0209,-0.0541,250.43,270.15,230.71,0.0222
2023-02-22,245.16054,247.9191,244.02008,247.6754,22491100,MSFT,239.99,245.39,243.45,-0.0046,-0.0584,250.92,269.51,232.33,0.0222
2023-02-23,248.33826,250.35599,244.15656,249.1083,29219100,MSFT,240.19,245.3,243.64,0.013,-0.0462,251.64,268.5,234.78,0.0222
2023-02-24,242.92838,244.66344,241.83665,243.6497,24990900,MSFT,240.13,245.24,243.61,-0.0218,-0.067,251.73,268.37,235.09,0.0219
2023-02-27,243.84462,246.43747,243.09406,246.08656,21190000,MSFT,240.02,245.16,243.62,0.0038,-0.0634,251.85,268.19,235.51,0.0219
2023-02-28,243.12332,245.14107,242.45074,242.78217,22491000,MSFT,239.88,245.12,243.6,-0.003,-0.0663,252.21,267.36,237.06,0.0213
2023-03-01,240.05287,244.59521,239.58498,244.4295,27565300,MSFT,239.83,245.08,243.46,-0.0126,-0.078,252.17,267.47,236.87,0.021
2023-03-02,244.77065,245.05331,239.4095,240.32576,24808200,MSFT,239.97,245.05,243.51,0.0197,-0.0599,252.12,267.51,236.73,0.021
2023-03-03,248.84511,249.16678,245.04356,245.82338,30760100,MSFT,240.27,245.03,243.72,0.0166,-0.0442,251.7,266.96,236.44,0.0184
2023-03-06,250.38524,253.55319,249.5177,249.95634,24109800,MSFT,240.58,244.99,243.98,0.0062,-0.0383,251.65,266.92,236.38,0.0177
2023-03-07,247.73389,251.18452,246.99307,249.8296,21473200,MSFT,240.78,245.0,244.13,-0.0106,-0.0485,251.56,266.9,236.22,0.0178
2023-03-08,247.29524,248.11403,244.4782,247.62665,17340200,MSFT,241.09,245.02,244.25,-0.0018,-0.0502,250.92,265.82,236.02,0.0147
2023-03-09,245.95009,253.00731,245.22876,249.36172,26653400,MSFT,241.37,245.02,244.32,-0.0054,-0.0554,250.25,264.75,235.75,0.0148
2023-03-10,242.31427,246.40823,241.34927,244.74141,28333900,MSFT,241.61,244.97,244.24,-0.0148,-0.0693,249.54,264.16,234.92,0.0149
2023-03-13,247.5097,251.39899,239.52646,241.1543,33339700,MSFT,242.0,244.96,244.37,0.0214,-0.0494,249.13,263.47,234.79,0.0158
2023-03-14,254.20627,254.4792,249.40073,250.26825,33620300,MSFT,242.4,244.96,244.76,0.0271,-0.0237,248.65,261.48,235.82,0.0154
2023-03-15,258.73886,259.75262,252.66612,253.4167,46028000,MSFT,242.91,244.96,245.3,0.0178,-0.0063,248.35,259.84,236.86,0.016
2023-03-16,269.22723,269.57812,256.6334,258.51465,54768800,MSFT,243.63,244.99,246.24,0.0405,0.034,248.69,262.14,235.24,0.0184
2023-03-17,272.3757,276.17725,269.34424,271.23526,69527400,MSFT,244.62,245.03,247.27,0.0117,0.0461,249.53,266.45,232.61,0.0173
2023-03-20,265.35754,270.475,263.03763,269.98764,43466600,MSFT,245.61,245.04,247.98,-0.0258,0.0191,250.22,268.55,231.89,0.018
2023-03-21,266.86832,268.05753,262.71585,267.94055,34558700,MSFT,246.57,245.05,248.72,0.0057,0.0249,251.25,270.91,231.59,0.0171
2023-03-22,265.416,273.9451,265.30875,266.49796,34873300,MSFT,247.46,245.07,249.37,-0.0054,0.0193,252.26,272.68,231.84,0.0171
2023-03-23,270.6504,273.96454,268.2525,270.9233,36610900,MSFT,248.43,245.12,250.21,0.0197,0.0394,253.38,275.28,231.48,0.0174
2023-03-24,273.48694,273.5454,268.33047,270.241,28172000,MSFT,249.31,245.17,251.12,0.0105,0.0503,254.91,277.97,231.85,0.0163
2023-03-27,269.40274,274.3545,268.56442,273.41873,26840200,MSFT,250.06,245.21,251.84,-0.0149,0.0347,256.19,279.5,232.88,0.0169
2023-03-28,268.28168,269.1687,265.18195,268.82755,21878600,MSFT,250.77,245.27,252.48,-0.0042,0.0303,257.44,280.5,234.38,0.017
2023-03-29,273.42844,274.04254,271.38144,271.91754,25087000,MSFT,251.57,245.42,253.3,0.0192,0.0501,259.11,281.69,236.53,0.0167
2023-03-30,276.87906,277.27872,274.37396,277.05453,25053400,MSFT,252.52,245.63,254.23,0.0126,0.0634,260.72,283.57,237.87,0.0165
2023-03-31,281.02176,281.9673,275.85556,276.56714,32766000,MSFT,253.63,245.85,255.28,0.015,0.0793,262.33,286.17,238.49,0.0164
2023-04-03,279.97882,280.99255,276.78162,279.2867,24883300,MSFT,254.56,246.03,256.25,-0.0037,0.0753,263.81,288.2,239.42,0.0166
2023-04-04,279.93005,283.11752,278.4582,279.97882,25824300,MSFT,255.44,246.25,257.18,-0.0002,0.0751,265.42,289.59,241.25,0.0162
2023-04-05,277.16177,279.90082,275.77765,278.63367,22064800,MSFT,256.28,246.43,257.96,-0.0099,0.0645,266.91,290.04,243.78,0.0165
2023-04-06,284.2385,284.70636,274.9101,276.0603,29770300,MSFT,257.28,246.63,258.99,0.0255,0.0916,268.82,290.96,246.68,0.0168
2023-04-10,282.08426,282.28894,277.5224,281.90878,23103000,MSFT,258.1,246.81,259.9,-0.0076,0.0833,270.81,289.85,251.77,0.0164
2023-04-11,275.68982,278.7603,274.52988,278.5361,27276600,MSFT,258.79,246.94,260.51,-0.0227,0.0587,272.22,287.87,256.57,0.0174
2023-04-12,276.33322,279.76437,274.84186,277.60043,27403400,MSFT,259.6,247.03,261.14,0.0023,0.0611,273.33,286.56,260.1,0.0167
2023-04-13,282.5229,282.58136,276.0213,276.43066,24222700,MSFT,260.43,247.16,261.97,0.0224,0.0849,274.52,286.44,262.6,0.0169
2023-04-14,278.91635,281.19727,276.5282,279.75464,20987900,MSFT,261.09,247.31,262.64,-0.0128,0.071,275.0,286.8,263.2,0.015
2023-04-17,281.50912,284.23846,278.9358,282.6106,23836200,MSFT,261.58,247.46,263.38,0.0093,0.081,275.46,287.53,263.39,0.015
2023-04-18,281.09,284.39444,279.76434,284.20923,20161800,MSFT,262.17,247.62,264.07,-0.0015,0.0794,276.24,287.57,264.91,0.0135
2023-04-19,281.16803,281.75287,277.35672,278.7701,17150300,MSFT,262.8,247.77,264.74,0.0003,0.0797,276.96,287.58,266.34,0.0135
2023-04-20,278.8871,281.73337,277.8831,278.0488,23244400,MSFT,263.18,247.9,265.3,-0.0081,0.0709,277.63,286.78,268.48,0.0136
2023-04-21,278.54593,279.04303,275.9141,277.81485,21676400,MSFT,263.56,248.0,265.82,-0.0012,0.0697,278.03,286.57,269.49,0.013
2023-04-24,274.65665,277.75638,271.68365,274.96857,26611000,MSFT,263.93,248.08,266.16,-0.014,0.0547,278.09,286.51,269.67,0.0133
2023-04-25,268.46695,274.49094,268.41818,272.4537,45772200,MSFT,264.18,248.12,266.25,-0.0225,0.031,278.04,286.67,269.41,0.0138
2023-04-26,287.91324,292.00723,285.3399,289.2097,64599200,MSFT,264.66,248.28,267.1,0.0724,0.1056,279.02,287.44,270.6,0.0212
2023-04-27,297.13452,297.4952,287.7964,288.4982,46462600,MSFT,265.31,248.54,268.28,0.032,0.141,280.21,291.5,268.92,0.0219
2023-04-28,299.50317,301.131,295.6529,296.33524,36469600,MSFT,266.05,248.82,269.51,0.008,0.1501,281.34,295.42,267.26,0.0219
2023-05-01,297.84607,300.80933,297.4464,299.2205,21294100,MSFT,266.9,249.08,270.62,-0.0055,0.1438,282.18,298.07,266.29,0.0218
2023-05-02,297.69986,301.37466,296.23773,299.99054,26404400,MSFT,267.82,249.32,271.68,-0.0005,0.1432,283.06,300.35,265.77,0.0218
2023-05-03,296.71536,300.81906,296.41318,298.87933,22360800,MSFT,268.83,249.58,272.66,-0.0033,0.1394,283.9,302.15,265.65,0.0218
2023-05-04,297.69986,299.99054,295.7406,298.50888,22519900,MSFT,269.88,249.81,273.64,0.0033,0.1432,284.93,303.88,265.98,0.0216
2023-05-05,302.8075,304.09418,296.58856,298.00195,28197100,MSFT,270.97,250.06,274.79,0.0172,0.1629,285.86,306.42,265.3,0.0212
2023-05-08,300.85803,302.36893,298.36267,302.3007,21318600,MSFT,272.13,250.28,275.81,-0.0064,0.1554,286.8,308.33,265.27,0.0212
2023-05-09,299.24966,302.21292,298.5771,300.22443,21340800,MSFT,273.24,250.52,276.73,-0.0053,0.1493,287.98,309.53,266.43,0.0204
2023-05-10,304.42566,305.09824,299.9028,300.82883,30078000,MSFT,274.46,250.78,277.81,0.0173,0.1692,289.38,311.39,267.37,0.0206
2023-05-11,302.2812,303.2657,298.5284,302.27145,31680200,MSFT,275.71,251.08,278.77,-0.007,0.161,290.37,312.85,267.89,0.0203
2023-05-12,301.16998,302.80756,298.85983,302.71008,19774700,MSFT,276.84,251.28,279.65,-0.0037,0.1567,291.48,313.78,269.18,0.0201
2023-05-15,301.64758,302.07648,299.8248,301.2967,16336500,MSFT,277.89,251.45,280.51,0.0016,0.1585,292.49,314.71,270.27,0.02
2023-05-16,303.87003,305.79028,302.00824,302.00824,26730300,MSFT,278.96,251.62,281.43,0.0074,0.1671,293.63,315.72,271.54,0.02
2023-05-17,306.7421,307.16214,303.55743,305.07162,24315000,MSFT,280.14,251.8,282.42,0.0095,0.1782,294.91,316.93,272.89,0.02
2023-05-18,311.15762,311.66562,306.4686,307.25986,27276000,MSFT,281.42,252.03,283.55,0.0144,0.1952,296.52,318.32,274.72,0.0199
2023-05-19,310.98175,311.38226,309.05728,309.41873,27546700,MSFT,282.72,252.22,284.63,-0.0006,0.1945,298.14,319.12,277.16,0.0199
2023-05-22,313.7561,315.1335,310.6594,311.23575,24115700,MSFT,284.15,252.42,285.77,0.0089,0.2051,300.1,319.06,281.14,0.0193
2023-05-23,307.9729,315.26047,307.96313,312.63263,30797200,MSFT,285.36,252.59,286.64,-0.0184,0.1829,302.07,314.13,290.01,0.019
2023-05-24,306.59552,309.18427,305.38416,307.45517,23384900,MSFT,286.41,252.76,287.42,-0.0045,0.1776,303.01,313.2,292.82,0.0114
2023-05-25,318.38657,319.3439,312.6034,315.7685,43301700,MSFT,287.6,252.99,288.64,0.0385,0.2229,304.07,315.97,292.17,0.0123
2023-05-26,325.1954,325.6936,316.39365,316.5304,36630600,MSFT,288.72,253.22,290.07,0.0214,0.2491,305.35,320.33,290.37,0.0129
2023-05-30,323.5542,327.9795,322.88016,327.4813,29503100,MSFT,289.74,253.45,291.38,-0.005,0.2429,306.64,323.23,290.05,0.0129
2023-05-31,320.79944,328.17493,319.76392,324.60928,45950600,MSFT,290.85,253.64,292.54,-0.0085,0.2323,307.79,324.97,290.61,0.0131
2023-06-01,324.8926,325.82065,317.2143,318.39633,26773900,MSFT,292.01,253.84,293.81,0.0128,0.2481,309.2,327.16,291.24,0.0132
2023-06-02,327.64734,329.6988,324.86322,326.52393,25873800,MSFT,293.26,254.07,295.13,0.0085,0.2587,310.7,329.59,291.81,0.0132
2023-06-05,328.17496,330.7344,326.92453,327.4716,21307100,MSFT,294.41,254.29,296.43,0.0016,0.2607,311.97,332.0,291.94,0.0129
2023-06-06,325.9672,327.61813,324.49213,327.57904,20396200,MSFT,295.46,254.52,297.59,-0.0067,0.2522,313.22,333.46,292.98,0.0129
2023-06-07,315.90524,326.75842,315.0456,323.98407,40717100,MSFT,296.39,254.71,298.3,-0.0309,0.2135,314.06,333.22,294.9,0.015
2023-06-08,317.74182,319.08994,315.87598,316.45233,23277700,MSFT,297.38,254.95,299.07,0.0058,0.2206,314.72,333.39,296.05,0.0146
2023-06-09,319.23642,322.36243,316.91144,317.478,22529000,MSFT,298.29,255.21,299.86,0.0047,0.2263,315.57,333.39,297.75,0.0145
2023-06-12,324.1795,324.42374,317.64413,320.98508,24260300,MSFT,299.24,255.49,300.81,0.0155,0.2453,316.72,333.57,299.87,0.0146
2023-06-13,326.56314,329.19098,322.7533,326.73898,22951300,MSFT,300.15,255.77,301.82,0.0074,0.2545,317.97,333.78,302.16,0.0147
2023-06-14,329.54263,331.20334,325.11734,326.61197,26003800,MSFT,301.14,256.12,302.91,0.0091,0.266,319.25,334.39,304.11,0.0147
2023-06-15,340.0539,341.75366,329.40585,329.67938,38899100,MSFT,302.34,256.54,304.37,0.0319,0.3063,320.92,337.53,304.31,0.0159
2023-06-16,334.41724,343.34598,334.04605,343.19946,46552000,MSFT,303.49,256.93,305.54,-0.0166,0.2847,322.08,339.06,305.1,0.0165
2023-06-20,330.23615,334.173,328.09677,331.46704,26375400,MSFT,304.41,257.32,306.51,-0.0125,0.2686,323.04,339.55,306.53,0.0169
2023-06-21,325.84995,329.92358,324.3944,328.595,25117800,MSFT,305.28,257.68,307.27,-0.0133,0.2517,323.65,339.61,307.69,0.0172
2023-06-22,331.8578,332.2583,325.63504,326.397,23556800,MSFT,306.41,258.1,308.23,0.0184,0.2748,324.84,339.37,310.31,0.0168
2023-06-23,327.27618,330.14822,325.7425,326.63144,23146900,MSFT,307.43,258.51,308.98,-0.0138,0.2572,325.87,337.61,314.13,0.0172
2023-06-26,321.0046,328.341,320.89713,326.00626,21520600,MSFT,308.2,258.86,309.45,-0.0192,0.233,326.0,337.44,314.56,0.0158
2023-06-27,326.83664,328.3801,321.68845,324.18927,24354100,MSFT,309.15,259.24,310.13,0.0182,0.2555,326.09,337.53,314.65,0.0156
2023-06-28,328.08704,330.16782,326.09418,326.92453,20259500,MSFT,310.08,259.6,310.84,0.0038,0.2602,326.31,337.72,314.9,0.0156
2023-06-29,327.30554,328.34103,324.9317,326.97342,16997000,MSFT,311.01,259.95,311.48,-0.0024,0.2572,326.64,337.75,315.53,0.0154
2023-06-30,332.66858,334.80795,329.4058,329.94305,26832800,MSFT,312.04,260.39,312.32,0.0164,0.2778,327.03,338.43,315.63,0.0156
2023-07-03,330.17755,333.0203,328.7904,331.34982,12508700,MSFT,313.07,260.82,313.02,-0.0075,0.2683,327.15,338.63,315.67,0.0156
2023-07-05,330.33383,333.75293,326.9929,327.34457,18172400,MSFT,314.1,261.28,313.69,0.0005,0.2689,327.26,338.82,315.7,0.0156
2023-07-06,333.38168,335.06192,327.74506,329.50345,28161200,MSFT,315.28,261.76,314.47,0.0092,0.2806,327.63,339.49,315.77,0.0156
2023-07-07,329.4254,333.8898,329.2105,331.47687,21214800,MSFT,316.49,262.22,315.05,-0.0119,0.2653,328.31,338.82,317.8,0.0141
2023-07-10,324.1599,327.48135,320.0179,326.8659,32791400,MSFT,317.22,262.67,315.41,-0.016,0.2451,328.63,338.12,319.14,0.0146
2023-07-11,324.78516,325.16614,319.4416,323.40775,26698200,MSFT,317.77,263.13,315.78,0.0019,0.2474,328.91,337.53,320.29,0.0146
2023-07-12,329.40585,333.753,327.91122,328.8197,29995300,MSFT,318.37,263.61,316.31,0.0142,0.2652,329.17,337.5,320.84,0.0145
2023-07-13,334.7396,335.79462,331.18372,331.71124,20567200,MSFT,319.11,264.13,317.04,0.0162,0.2856,329.58,338.17,320.99,0.0149
2023-07-14,337.25995,343.3069,336.35144,339.55563,28352700,MSFT,319.9,264.67,317.83,0.0075,0.2953,329.96,339.21,320.71,0.0148
2023-07-17,337.73865,338.9695,334.29025,337.6898,20363900,MSFT,320.72,265.21,318.61,0.0014,0.2971,329.85,338.61,321.09,0.013
2023-07-18,351.18063,358.30212,334.261,337.83636,64738600,MSFT,321.79,265.8,319.89,0.0398,0.3487,330.69,343.55,317.83,0.0152
2023-07-19,346.87253,354.08194,344.29358,353.38837,39732900,MSFT,322.67,266.38,320.94,-0.0123,0.3321,331.52,346.27,316.77,0.0152
2023-07-20,338.8523,349.69574,337.38696,345.39743,33778400,MSFT,323.43,266.94,321.65,-0.0231,0.3014,332.17,347.01,317.33,0.0158
2023-07-21,335.8239,342.20297,331.97498,341.07956,69405400,MSFT,324.16,267.46,322.2,-0.0089,0.2898,332.37,347.3,317.44,0.0155
2023-07-24,337.13293,338.90112,334.39767,337.85583,26678100,MSFT,324.82,267.93,322.79,0.0039,0.2948,332.86,347.73,317.99,0.0152
2023-07-25,342.86728,343.75626,337.09387,339.0867,41637700,MSFT,325.63,268.44,323.58,0.017,0.3168,333.95,348.36,319.54,0.0147
2023-07-26,329.96262,336.70316,325.41034,333.5478,58383700,MSFT,326.2,268.89,323.83,-0.0376,0.2673,334.11,348.26,319.96,0.0169
2023-07-27,323.07562,333.44037,321.4442,332.61005,39635300,MSFT,326.63,269.37,323.8,-0.0209,0.2408,333.86,348.62,319.1,0.0175
2023-07-28,330.54877,332.15088,325.469,325.95743,28484900,MSFT,327.17,269.92,324.06,0.0231,0.2695,334.02,348.55,319.49,0.0183
2023-07-31,328.1554,329.89426,325.65454,329.1323,25446000,MSFT,327.59,270.46,324.22,-0.0072,0.2604,333.79,348.55,319.03,0.018
2023-08-01,328.5657,330.71487,325.98676,327.4423,18311900,MSFT,327.94,271.01,324.39,0.0013,0.262,333.71,348.57,318.85,0.0179
2023-08-02,319.93002,325.91833,318.81635,325.91833,27761300,MSFT,328.12,271.48,324.22,-0.0263,0.2288,333.19,349.23,317.15,0.0188
2023-08-03,319.10944,322.255,318.41586,318.4647,18253700,MSFT,328.23,271.96,324.02,-0.0026,0.2256,332.48,349.71,315.25,0.0187
2023-08-04,320.20352,327.3934,319.676,324.20877,23741500,MSFT,328.47,272.41,323.87,0.0034,0.2298,332.02,350.07,313.97,0.0186
2023-08-07,322.47968,323.45657,319.94955,320.7799,17741500,MSFT,328.79,272.87,323.81,0.0071,0.2385,331.93,350.15,313.71,0.0183
2023-08-08,318.51346,321.15106,315.53397,319.40244,22327600,MSFT,328.79,273.31,323.61,-0.0123,0.2233,331.62,350.56,312.68,0.0185
2023-08-09,314.78183,319.549,313.6291,318.92383,22373300,MSFT,328.59,273.74,323.26,-0.0117,0.209,330.89,351.26,310.52,0.0183
2023-08-10,315.4656,320.67242,313.75604,318.4842,20113700,MSFT,328.42,274.15,322.95,0.0022,0.2116,329.93,351.33,308.53,0.0178
2023-08-11,313.5901,314.95773,311.83167,312.85742,24355500,MSFT,328.28,274.52,322.59,-0.0059,0.2045,328.74,351.03,306.45,0.0177
2023-08-14,316.54996,316.5695,312.68146,313.9612,18836100,MSFT,328.11,274.88,322.35,0.0094,0.2158,327.68,350.19,305.17,0.0179
2023-08-15,314.42035,317.5757,313.48254,315.53403,16966300,MSFT,327.85,275.34,322.04,-0.0067,0.2076,325.85,346.17,305.53,0.0148
2023-08-16,313.65677,317.5922,313.0694,314.04834,20698900,MSFT,327.56,275.8,321.71,-0.0024,0.2047,324.18,342.61,305.75,0.0147
2023-08-17,310.21097,315.09595,309.55505,313.79395,21257200,MSFT,327.24,276.21,321.26,-0.011,0.1915,322.75,340.83,304.67,0.0141
2023-08-18,309.8194,311.6794,304.99313,307.87125,24755000,MSFT,327.12,276.64,320.81,-0.0013,0.1899,321.45,339.31,303.59,0.0141
2023-08-21,315.10568,315.97693,310.36755,311.2388,24040000,MSFT,327.07,277.1,320.59,0.0171,0.2103,320.35,336.8,303.9,0.0148
2023-08-22,315.67343,319.21722,314.6945,318.64944,16084600,MSFT,327.0,277.62,320.39,0.0018,0.2125,318.99,331.66,306.32,0.0141
2023-08-23,320.11795,322.27167,316.65244,317.00488,21166400,MSFT,326.92,278.18,320.38,0.0141,0.2296,318.5,330.1,306.9,0.0122
2023-08-24,313.23584,325.97205,313.22604,325.84476,23281400,MSFT,326.65,278.67,320.1,-0.0215,0.2031,318.01,329.63,306.39,0.0122
2023-08-25,316.18253,318.51242,312.09048,314.70428,21684100,MSFT,326.38,279.15,319.95,0.0094,0.2144,317.29,327.31,307.27,0.0111
2023-08-28,316.8874,319.2858,314.94904,318.80612,14808500,MSFT,325.92,279.62,319.83,0.0022,0.2171,316.72,325.33,308.11,0.0111
2023-08-29,321.49823,322.05624,315.10565,315.10565,19284600,MSFT,325.66,280.14,319.89,0.0146,0.2349,316.37,323.37,309.37,0.0117
2023-08-30,321.87024,322.86877,319.5795,321.75278,15222100,MSFT,325.49,280.57,319.97,0.0012,0.2364,316.47,323.72,309.22,0.0101
2023-08-31,320.8619,323.94562,319.90253,322.2716,26411000,MSFT,325.39,280.98,320.01,-0.0031,0.2325,316.56,323.99,309.13,0.0101
2023-09-01,321.74298,325.0029,319.90256,324.3372,14942000,MSFT,325.19,281.42,320.08,0.0027,0.2359,316.63,324.25,309.01,0.0101
2023-09-05,326.53003,327.80267,321.74295,322.0758,18553900,MSFT,325.18,281.88,320.33,0.0149,0.2543,316.84,325.28,308.4,0.0105
2023-09-06,325.8742,327.42093,323.23102,326.36368,17535800,MSFT,325.27,282.33,320.55,-0.002,0.2518,317.2,326.54,307.86,0.01
2023-09-07,322.96667,326.06995,322.1052,324.31763,18381000,MSFT,325.2,282.77,320.64,-0.0089,0.2406,317.61,327.22,308.0,0.0099
2023-09-08,327.2349,329.08514,322.52612,323.14288,19530100,MSFT,325.18,283.23,320.9,0.0132,0.257,318.2,328.66,307.74,0.0102
2023-09-11,330.82764,331.29755,328.37045,330.14236,16583300,MSFT,325.25,283.71,321.29,0.011,0.2708,319.06,330.69,307.43,0.0102
2023-09-12,324.78748,329.70184,324.5036,328.75226,17565500,MSFT,325.09,284.14,321.43,-0.0183,0.2476,319.48,331.32,307.64,0.0111
2023-09-13,328.98724,329.76062,324.20016,324.33722,16544400,MSFT,325.07,284.59,321.72,0.0129,0.2637,320.2,332.51,307.89,0.0112
2023-09-14,331.57166,333.68616,329.48648,332.01218,20267000,MSFT,325.09,285.04,322.11,0.0079,0.2736,321.1,334.0,308.2,0.0113
2023-09-15,323.27014,330.299,322.71213,329.82913,37679800,MSFT,324.89,285.48,322.15,-0.025,0.2418,321.75,333.61,309.89,0.0125
2023-09-18,322.13452,323.44632,319.49133,320.90103,16834200,MSFT,324.74,285.92,322.15,-0.0035,0.2375,322.37,332.82,311.92,0.0126
2023-09-19,321.73312,322.45758,317.68027,319.30533,16505900,MSFT,324.7,286.29,322.14,-0.0012,0.236,322.7,332.58,312.82,0.0121
2023-09-20,314.01907,322.65344,313.76456,322.57516,21436500,MSFT,324.48,286.62,321.82,-0.024,0.2063,322.62,332.77,312.47,0.0133
2023-09-21,312.80515,318.50266,308.37048,312.54083,35560400,MSFT,324.15,286.95,321.47,-0.0039,0.2016,322.25,333.27,311.23,0.0129
2023-09-22,310.33817,314.68472,309.49625,314.55746,21447900,MSFT,323.66,287.28,321.03,-0.0079,0.1921,322.11,333.69,310.53,0.0121
2023-09-25,310.85703,310.98428,308.37048,309.927,17836000,MSFT,323.13,287.65,320.63,0.0017,0.1941,321.84,334.21,309.47,0.0119
2023-09-26,305.57068,309.23196,303.49527,308.49774,26297600,MSFT,322.49,287.99,320.04,-0.017,0.1738,321.27,335.49,307.05,0.0124
2023-09-27,306.20697,307.68518,303.1722,305.72726,19410100,MSFT,321.59,288.31,319.5,0.0021,0.1763,320.51,336.25,304.77,0.0118
2023-09-28,307.03912,308.8404,302.93732,304.4449,19683600,MSFT,320.79,288.66,319.01,0.0027,0.1795,319.77,336.6,302.94,0.0119
2023-09-29,309.10468,312.7464,308.3509,311.0626,24147300,MSFT,320.2,288.97,318.62,0.0067,0.1874,319.18,336.66,301.7,0.012
2023-10-02,315.02728,315.11542,308.5466,309.62347,20570000,MSFT,319.78,289.3,318.48,0.0192,0.2102,318.84,336.37,301.31,0.0129
2023-10-03,306.79437,314.626,304.66022,314.07776,21033500,MSFT,319.18,289.58,318.02,-0.0261,0.1786,317.86,335.78,299.94,0.0135
2023-10-04,312.24713,313.3044,307.39154,307.4209,20720100,MSFT,318.56,289.93,317.79,0.0178,0.1996,317.18,334.85,299.51,0.0143
2023-10-05,312.63867,313.24564,308.27255,312.37436,16965600,MSFT,318.22,290.31,317.59,0.0013,0.2011,316.66,334.22,299.1,0.0142
2023-10-06,320.3724,322.26178,309.64307,309.8878,25673600,MSFT,318.16,290.74,317.7,0.0247,0.2308,316.32,333.27,299.37,0.015
2023-10-09,322.87857,323.34845,316.3783,317.91525,19891200,MSFT,318.01,291.18,317.9,0.0078,0.2404,315.92,331.78,300.06,0.0149
2023-10-10,321.47867,324.13162,320.77383,323.99457,20557100,MSFT,317.88,291.6,318.04,-0.0043,0.2351,315.75,331.28,300.22,0.0144
2023-10-11,325.42386,325.81543,322.2129,324.2393,20063200,MSFT,317.81,292.07,318.33,0.0123,0.2503,315.58,330.54,300.62,0.0143
2023-10-12,324.19034,326.60837,321.8017,323.61276,19313100,MSFT,317.9,292.53,318.56,-0.0038,0.2455,315.21,328.82,301.6,0.0142
2023-10-13,320.83255,326.80414,319.49136,325.38467,21072400,MSFT,317.93,292.98,318.65,-0.0104,0.2326,315.08,328.42,301.74,0.0133
2023-10-16,325.63922,329.06555,323.64215,324.08267,22158000,MSFT,318.04,293.47,318.93,0.015,0.251,315.26,329.08,301.44,0.0137
2023-10-17,325.07144,326.442,320.51932,322.6534,18338500,MSFT,318.09,293.92,319.17,-0.0017,0.2489,315.43,329.65,301.21,0.0137
2023-10-18,323.16245,328.52713,321.39053,325.49237,23153600,MSFT,318.19,294.37,319.32,-0.0059,0.2416,315.88,330.49,301.27,0.0125
2023-10-19,324.34702,329.79,323.94565,325.15955,25052100,MSFT,318.38,294.83,319.52,0.0037,0.2461,316.46,331.47,301.45,0.0125
2023-10-20,319.79486,324.93436,318.60052,324.73856,25027700,MSFT,318.46,295.31,319.53,-0.014,0.2287,316.93,331.72,302.14,0.0128
2023-10-23,322.3891,325.72733,317.56287,318.62012,24374700,MSFT,318.64,295.84,319.64,0.0081,0.2387,317.51,332.2,302.82,0.0129
2023-10-24,323.57364,324.85608,320.70532,324.32742,31153600,MSFT,318.78,296.37,319.8,0.0037,0.2432,318.41,332.2,304.62,0.0121
2023-10-25,333.50024,338.91385,330.5144,337.75867,55053800,MSFT,319.16,296.93,320.34,0.0307,0.2814,319.78,333.88,305.68,0.0136
2023-10-26,320.9892,334.44,320.05917,333.37296,37828500,MSFT,319.31,297.42,320.36,-0.0375,0.2333,320.47,333.24,307.7,0.0165
2023-10-27,322.8688,329.6334,321.48846,323.47574,29856500,MSFT,319.56,297.89,320.46,0.0059,0.2406,321.16,332.78,309.54,0.0165
2023-10-30,330.21094,332.3059,324.84625,326.39304,22828100,MSFT,319.97,298.38,320.84,0.0227,0.2688,321.92,333.83,310.01,0.0167
2023-10-31,330.99405,331.86533,327.64606,331.7185,20265300,MSFT,320.29,298.88,321.24,0.0024,0.2718,323.13,333.37,312.89,0.0153
2023-11-01,338.78656,340.10815,332.50168,332.63873,28158800,MSFT,320.75,299.4,321.93,0.0235,0.3017,324.46,335.6,313.32,0.0156
2023-11-02,340.98923,341.48846,337.51392,339.93195,24348100,MSFT,321.17,299.96,322.68,0.0065,0.3102,325.87,337.86,313.88,0.0156
2023-11-03,345.37488,346.93143,340.02,342.2716,23637700,MSFT,321.81,300.56,323.57,0.0129,0.3271,327.12,341.64,312.6,0.015
2023-11-06,349.02646,350.0152,345.9134,346.0113,23828300,MSFT,322.47,301.14,324.56,0.0106,0.3412,328.43,345.78,311.08,0.015
2023-11-07,352.94226,354.83163,350.1033,351.83603,25833900,MSFT,323.19,301.72,325.68,0.0112,0.3562,330.01,350.18,309.84,0.015
2023-11-08,355.55603,356.2119,352.9618,354.068,26767800,MSFT,323.87,302.32,326.85,0.0074,0.3662,331.51,354.54,308.48,0.0149
2023-11-09,353.09882,357.11252,352.77576,354.67493,24847300,MSFT,324.49,302.92,327.88,-0.0069,0.3568,332.96,357.62,308.3,0.015
2023-11-10,361.8899,362.31082,353.4709,353.88202,28042100,MSFT,325.31,303.52,329.21,0.0249,0.3906,335.01,362.14,307.88,0.0152
2023-11-13,358.96277,360.71512,358.1992,360.47037,19986500,MSFT,326.06,304.11,330.38,-0.0081,0.3793,336.68,365.43,307.93,0.0154
2023-11-14,362.4772,364.12186,359.61868,363.20166,27683900,MSFT,326.78,304.74,331.64,0.0098,0.3928,338.55,368.94,308.16,0.0154
2023-11-15,362.62436,366.0184,360.11313,364.20367,26860100,MSFT,327.51,305.35,332.85,0.0004,0.3934,340.52,371.81,309.23,0.0152
2023-11-16,369.0005,369.17706,363.12463,363.88977,27182300,MSFT,328.43,305.97,334.27,0.0176,0.4179,342.75,375.52,309.98,0.0154
2023-11-17,362.80096,367.2348,360.00528,366.4893,40157000,MSFT,329.14,306.5,335.39,-0.0168,0.3941,344.9,376.97,312.83,0.0156
2023-11-20,370.24634,371.64908,363.92908,364.1449,52465100,MSFT,329.93,307.09,336.76,0.0205,0.4227,347.3,379.43,315.17,0.0159
2023-11-21,365.95956,369.04953,364.04672,368.51,28423100,MSFT,330.76,307.67,337.9,-0.0116,0.4062,349.41,380.53,318.29,0.0164
2023-11-22,370.64847,372.55148,367.82336,370.7956,23345300,MSFT,331.59,308.23,339.19,0.0128,0.4242,351.27,382.82,319.72,0.0155
2023-11-24,370.23645,370.76617,367.9901,370.13834,10176600,MSFT,332.36,308.78,340.4,-0.0011,0.4226,353.73,382.93,324.53,0.0119
2023-11-27,371.39395,373.38528,369.0299,369.59885,22179200,MSFT,333.32,309.35,341.62,0.0031,0.427,356.16,382.49,329.83,0.012
2023-11-28,375.4061,375.70038,370.9526,371.139,20453100,MSFT,334.39,309.95,342.94,0.0108,0.4424,358.42,383.07,333.77,0.0114
2023-11-29,371.6294,376.9755,370.24628,376.44583,28963400,MSFT,335.39,310.49,344.07,-0.0101,0.4278,360.45,382.1,338.8,0.012
2023-11-30,371.68826,372.84576,368.3138,371.27625,30554400,MSFT,336.54,311.03,345.15,0.0002,0.4281,362.1,381.72,342.48,0.0113
2023-12-01,367.3722,370.9526,364.23315,369.5793,33040500,MSFT,337.63,311.55,346.02,-0.0116,0.4116,363.42,380.44,346.4,0.0119
2023-12-04,362.1045,362.47723,355.9834,362.06525,32063300,MSFT,338.67,312.08,346.65,-0.0143,0.3914,364.25,379.04,349.46,0.0123
2023-12-05,365.4201,365.96942,358.6516,359.46582,23065000,MSFT,339.76,312.65,347.39,0.0092,0.4042,365.07,378.01,352.13,0.0123
2023-12-06,361.77094,367.0484,361.01562,366.42062,21182100,MSFT,340.88,313.23,347.95,-0.01,0.3901,365.51,377.25,353.77,0.0124
2023-12-07,363.88,364.37048,359.33826,361.21185,23118900,MSFT,342.04,313.82,348.58,0.0058,0.3982,365.93,376.74,355.12,0.0123
2023-12-08,367.09744,367.32303,361.2118,362.1633,20154400,MSFT,343.24,314.42,349.3,0.0088,0.4105,366.63,375.59,357.67,0.0123
2023-12-11,364.22327,364.51758,359.1224,361.45703,27708800,MSFT,344.34,315.02,349.89,-0.0078,0.3995,366.75,375.51,357.99,0.0112
2023-12-12,367.2446,367.28384,363.3993,363.7819,24838300,MSFT,345.38,315.64,350.57,0.0083,0.4111,367.16,375.12,359.2,0.0112
2023-12-13,367.23477,370.44247,363.70337,368.85333,30955500,MSFT,346.59,316.26,351.22,-0.0,0.4111,367.4,375.05,359.75,0.011
2023-12-14,358.95566,366.63644,357.18997,366.195,43277500,MSFT,347.53,316.86,351.53,-0.0225,0.3794,367.22,375.5,358.94,0.0122
2023-12-15,363.66418,365.30234,359.29898,359.85812,78502300,MSFT,348.55,317.45,352.0,0.0131,0.3974,366.95,375.33,358.57,0.0118
2023-12-18,365.54755,365.89087,361.6532,362.40857,21802900,MSFT,349.45,318.04,352.53,0.0052,0.4047,367.09,375.27,358.91,0.0113
2023-12-19,366.146,366.146,362.79117,364.4097,20603700,MSFT,350.32,318.61,353.07,0.0016,0.4069,366.88,374.93,358.83,0.0102
2023-12-20,363.55624,368.86313,363.46796,367.85278,26316700,MSFT,351.16,319.19,353.48,-0.0071,0.397,366.76,374.94,358.58,0.01
2023-12-21,366.42062,367.27405,362.98734,365.4593,17708000,MSFT,351.98,319.79,353.99,0.0079,0.408,366.55,374.53,358.57,0.0098
2023-12-22,367.44083,368.0294,365.60648,366.55798,17107500,MSFT,352.84,320.4,354.51,0.0028,0.4119,366.41,374.21,358.61,0.0098
2023-12-26,367.5193,369.75583,366.38138,367.8528,12673100,MSFT,353.78,321.02,355.02,0.0002,0.4122,366.22,373.68,358.76,0.0098
2023-12-27,366.94055,367.91168,365.70456,366.56778,14905400,MSFT,354.6,321.62,355.49,-0.0016,0.41,365.79,371.9,359.68,0.0094
2023-12-28,368.1275,369.285,367.02884,368.2158,14327000,MSFT,355.46,322.19,355.99,0.0032,0.4145,365.62,371.2,360.04,0.0092
2023-12-29,368.873,369.97165,366.3618,368.83374,18730800,MSFT,356.38,322.74,356.49,0.002,0.4173,365.48,370.53,360.43,0.0092
2024-01-02,363.80148,368.73563,359.77963,366.7345,25258600,MSFT,357.17,323.21,356.78,-0.0137,0.3979,365.3,370.32,360.28,0.0093
2024-01-03,363.53662,366.14594,361.48645,361.97693,23083500,MSFT,358.04,323.67,357.04,-0.0007,0.3969,365.37,370.24,360.5,0.0088
2024-01-04,360.92734,365.98898,360.17203,363.60532,20901500,MSFT,358.81,324.15,357.2,-0.0072,0.3868,365.15,370.41,359.89,0.0086
2024-01-05,360.74097,364.9688,359.5148,361.9377,21004600,MSFT,359.56,324.62,357.34,-0.0005,0.3862,365.09,370.51,359.67,0.0084
2024-01-08,367.5487,368.04898,361.97696,362.2614,23134000,MSFT,360.24,325.13,357.74,0.0189,0.4124,365.28,370.77,359.79,0.0093
2024-01-09,368.62775,368.8239,364.11542,364.9198,20830000,MSFT,361.19,325.62,358.16,0.0029,0.4164,365.35,370.99,359.71,0.0091
2024-01-10,375.47464,376.848,369.14758,369.19662,25514200,MSFT,362.24,326.13,358.84,0.0186,0.4428,365.92,373.11,358.73,0.0098
2024-01-11,377.29926,383.23395,373.13025,378.64313,27850800,MSFT,363.18,326.67,359.57,0.0049,0.4499,366.42,375.23,357.61,0.0097
2024-01-12,381.0661,381.2721,377.3189,378.14288,21661200,MSFT,364.19,327.23,360.41,0.01,0.4644,367.11,378.09,356.13,0.0099
2024-01-16,382.83176,386.5201,380.23227,386.15717,27202300,MSFT,365.07,327.78,361.29,0.0046,0.4711,368.3,380.65,355.95,0.008
2024-01-17,382.04697,382.67474,377.47577,380.5854,22234100,MSFT,365.89,328.3,362.1,-0.002,0.4682,369.22,382.8,355.64,0.0078
2024-01-18,386.36316,386.48087,382.68463,384.25415,23392100,MSFT,366.71,328.83,363.05,0.0113,0.4847,370.26,385.71,354.81,0.008
2024-01-19,391.07166,391.07166,386.00018,388.2171,29331100,MSFT,367.55,329.38,364.15,0.0122,0.5029,371.51,389.39,353.63,0.0082
2024-01-22,388.95282,392.98447,386.08847,392.3959,27016900,MSFT,368.27,329.93,365.12,-0.0054,0.4947,372.78,391.85,353.71,0.0081
2024-01-23,391.29727,391.76813,386.422,388.2073,20525900,MSFT,368.98,330.5,366.15,0.006,0.5037,374.02,394.53,353.51,0.0081
2024-01-24,394.8875,397.89902,392.81775,393.88696,24867000,MSFT,369.82,331.05,367.28,0.0092,0.5175,375.4,397.66,353.14,0.0082
2024-01-25,397.1535,399.25272,394.8581,396.61398,21021200,MSFT,370.52,331.63,368.45,0.0057,0.5262,376.88,400.81,352.95,0.0082
2024-01-26,396.23138,398.4287,394.75998,396.663,17803300,MSFT,371.27,332.23,369.54,-0.0023,0.5227,378.34,403.28,353.4,0.0082
2024-01-29,401.91104,402.1661,396.62375,398.3208,24510200,MSFT,372.06,332.86,370.81,0.0143,0.5445,380.03,406.58,353.48,0.0085
2024-01-30,400.80258,405.17758,398.70337,404.40265,33477600,MSFT,372.82,333.45,371.98,-0.0028,0.5401,381.63,409.17,354.09,0.0087
2024-01-31,390.00247,407.4044,389.63953,399.2037,47871100,MSFT,373.24,334.01,372.69,-0.0269,0.4987,382.94,409.38,356.5,0.0104
2024-02-01,396.0843,400.22385,394.14203,394.17145,30657700,MSFT,373.91,334.58,373.61,0.0156,0.5221,384.57,409.97,359.17,0.0107
2024-02-02,403.38248,404.78522,395.86847,396.1137,28256700,MSFT,374.57,335.19,374.78,0.0184,0.5501,386.69,410.84,362.54,0.0108
2024-02-05,397.91864,403.32364,396.29028,402.08765,25352300,MSFT,375.21,335.77,375.68,-0.0135,0.5292,388.55,409.84,367.26,0.0115
2024-02-06,397.76163,400.19437,395.2308,398.1442,18382600,MSFT,375.75,336.37,376.55,-0.0004,0.5286,390.06,409.27,370.85,0.0111
2024-02-07,406.1585,406.40375,399.63525,399.6745,22340500,MSFT,376.47,337.01,377.71,0.0211,0.5608,391.93,409.59,374.27,0.0117
2024-02-08,406.21738,407.63974,404.6675,406.1585,21225300,MSFT,377.17,337.66,378.83,0.0001,0.561,393.47,410.44,376.5,0.0113
2024-02-09,412.5346,412.79947,407.17868,407.33563,22032800,MSFT,377.91,338.38,380.15,0.0156,0.5853,395.23,412.44,378.02,0.0116
2024-02-12,407.34546,412.721,406.84518,412.54443,21202900,MSFT,378.62,338.98,381.22,-0.0126,0.5653,396.55,413.21,379.89,0.0121
2024-02-13,398.57587,402.2544,395.70172,397.22217,27824900,MSFT,379.16,339.49,381.9,-0.0215,0.5317,397.33,412.7,381.96,0.0134
2024-02-14,402.4282,402.77216,397.59305,401.03268,20401200,MSFT,379.86,340.0,382.7,0.0097,0.5465,398.35,412.07,384.63,0.0134
2024-02-15,399.5488,402.0745,397.31796,401.10156,21825500,MSFT,380.61,340.51,383.36,-0.0072,0.5354,399.01,411.51,386.51,0.0134
2024-02-16,397.09192,401.249,396.4826,400.92465,22296500,MSFT,381.25,341.01,383.9,-0.0061,0.526,399.31,411.29,387.33,0.0133
2024-02-20,395.84384,397.5145,391.14627,396.28607,24307900,MSFT,381.93,341.5,384.37,-0.0031,0.5213,399.66,410.75,388.57,0.0133
2024-02-21,395.24426,395.3524,390.3698,393.26895,18518900,MSFT,382.55,341.99,384.8,-0.0015,0.519,399.86,410.45,389.27,0.0132
2024-02-22,404.55106,405.7107,401.52417,403.11624,27009900,MSFT,383.3,342.5,385.57,0.0235,0.5547,400.34,410.86,389.82,0.0141
2024-02-23,403.26355,408.68835,401.91718,408.50165,16295900,MSFT,384.08,343.01,386.27,-0.0032,0.5497,400.64,411.12,390.16,0.0141
2024-02-26,400.51187,405.0522,400.33496,404.36426,16193500,MSFT,384.75,343.52,386.82,-0.0068,0.5392,400.86,411.13,390.59,0.0142
2024-02-27,400.45297,401.27847,396.88556,400.95416,14835800,MSFT,385.41,344.0,387.36,-0.0001,0.5391,400.79,411.05,390.53,0.0138
2024-02-28,400.68878,402.24152,398.33017,401.14084,13183100,MSFT,386.25,344.49,387.88,0.0006,0.54,400.78,411.04,390.52,0.0138
2024-02-29,406.50665,407.057,398.9198,401.59286,31947300,MSFT,387.11,345.02,388.61,0.0145,0.5623,401.61,410.82,392.4,0.0126
2024-03-01,408.33463,408.69824,403.7943,404.17755,17823400,MSFT,387.96,345.55,389.38,0.0045,0.5693,402.22,411.52,392.92,0.0122
2024-03-04,407.76462,410.1527,405.20944,406.31012,17596000,MSFT,388.79,346.07,390.11,-0.0014,0.5671,402.44,412.05,392.83,0.0115
2024-03-05,395.70618,407.10614,393.73087,406.82114,26919200,MSFT,389.44,346.52,390.33,-0.0296,0.5208,402.33,412.21,392.45,0.013
2024-03-06,395.15585,398.1729,391.51968,396.0207,22344100,MSFT,390.01,346.94,390.51,-0.0014,0.5186,402.2,412.4,392.0,0.013
2024-03-07,402.0843,402.71323,395.30325,399.11636,18718500,MSFT,390.7,347.39,390.97,0.0175,0.5452,401.99,412.02,391.96,0.0127
2024-03-08,399.21463,403.34222,397.3572,400.92462,18002200,MSFT,391.34,347.82,391.29,-0.0071,0.5342,401.64,411.53,391.75,0.0128
2024-03-11,397.54398,398.68396,394.3402,396.7971,16120800,MSFT,391.95,348.27,391.54,-0.0042,0.5278,400.89,409.5,392.28,0.0122
2024-03-12,408.11844,408.40344,399.77487,400.59055,22457000,MSFT,392.75,348.77,392.19,0.0266,0.5684,400.93,409.66,392.2,0.0135
2024-03-13,407.94156,410.96844,404.35452,410.88983,17115900,MSFT,393.53,349.22,392.81,-0.0004,0.5678,401.4,410.59,392.21,0.0125
2024-03-14,417.887,420.44217,410.78168,412.99286,34157300,MSFT,394.61,349.69,393.79,0.0244,0.6061,402.17,413.96,390.38,0.0134
2024-03-15,409.23874,415.31216,405.67133,412.05923,45079900,MSFT,395.53,350.11,394.39,-0.0207,0.5728,402.66,414.79,390.53,0.0142
2024-03-18,410.12326,413.47446,406.6443,407.1062,20106000,MSFT,396.51,350.56,395.01,0.0022,0.5763,403.31,415.58,391.04,0.0141
2024-03-19,414.1427,414.39822,408.38373,410.62442,19837900,MSFT,397.58,351.01,395.76,0.0098,0.5917,404.22,416.87,391.57,0.0142
2024-03-20,417.8968,418.61417,413.40558,414.72247,17860100,MSFT,398.59,351.46,396.63,0.0091,0.6062,405.36,418.66,392.06,0.0142
2024-03-21,421.96545,423.39047,419.79358,422.4175,21296200,MSFT,399.65,351.93,397.62,0.0097,0.6218,406.23,421.45,391.01,0.0135
2024-03-22,421.34628,422.44696,418.72235,422.28976,17648500,MSFT,400.57,352.4,398.55,-0.0015,0.6193,407.13,423.7,390.56,0.0135
2024-03-25,415.56766,420.0392,414.3392,417.90662,18060500,MSFT,401.34,352.9,399.22,-0.0137,0.5972,407.88,424.55,391.21,0.0138
2024-03-26,414.37854,418.6437,414.08374,418.27023,16725600,MSFT,402.0,353.39,399.82,-0.0029,0.5925,408.58,425.11,392.05,0.0138
2024-03-27,414.16235,417.13028,411.78412,417.12045,16705000,MSFT,402.63,353.86,400.38,-0.0005,0.5917,409.25,425.52,392.98,0.0138
2024-03-28,413.46457,414.59473,411.89215,413.7004,21871200,MSFT,403.26,354.31,400.89,-0.0017,0.589,409.6,425.92,393.28,0.0135
2024-04-01,417.24823,420.511,414.93875,416.63892,16316000,MSFT,403.87,354.76,401.53,0.0092,0.6036,410.05,426.71,393.39,0.0136
2024-04-02,414.17215,415.09595,410.63422,412.86508,17912000,MSFT,404.34,355.18,402.03,-0.0074,0.5918,410.37,427.09,393.65,0.0137
2024-04-03,413.19925,415.9608,411.8627,412.49167,16502300,MSFT,404.82,355.55,402.47,-0.0023,0.5881,411.24,426.49,395.99,0.0118
2024-04-04,410.67358,421.27753,410.36893,417.66095,19370900,MSFT,405.21,355.93,402.79,-0.0061,0.5784,412.02,425.28,398.76,0.0119
2024-04-05,418.18182,419.1548,411.10602,412.76688,16554800,MSFT,405.67,356.37,403.39,0.0183,0.6073,412.82,425.48,400.16,0.0119
2024-04-08,417.26785,419.91147,416.0001,417.83786,14272400,MSFT,406.08,356.83,403.94,-0.0022,0.6038,413.73,424.77,402.69,0.0118
2024-04-09,418.9287,420.36353,414.34906,419.08597,12496900,MSFT,406.53,357.26,404.52,0.004,0.6102,414.8,423.03,406.57,0.0117
2024-04-10,415.96082,416.71753,412.46222,414.90927,16216600,MSFT,406.81,357.71,404.97,-0.0071,0.5988,415.19,422.8,407.58,0.0104
2024-04-11,420.55026,421.96542,415.07632,418.47665,17966400,MSFT,407.21,358.2,405.58,0.011,0.6164,415.82,422.98,408.66,0.0107
2024-04-12,414.62424,417.8477,412.53098,416.73715,19253800,MSFT,407.7,358.64,405.94,-0.0141,0.5936,415.65,422.76,408.54,0.0098
2024-04-15,406.50665,419.45935,406.30026,419.24313,20273500,MSFT,407.91,359.03,405.96,-0.0196,0.5623,415.52,423.23,407.81,0.0097
2024-04-16,407.43045,411.18457,406.59512,407.42065,16765600,MSFT,407.99,359.44,406.02,0.0023,0.5659,415.38,423.57,407.19,0.0097
2024-04-17,404.73773,411.65634,403.25375,410.05444,15855500,MSFT,408.12,359.8,405.97,-0.0066,0.5556,414.91,424.38,405.44,0.0094
2024-04-18,397.29822,404.78683,396.98376,403.54855,21029900,MSFT,408.12,360.13,405.63,-0.0184,0.527,413.88,426.07,401.69,0.0099
2024-04-19,392.23712,398.48746,390.9104,397.06244,30565800,MSFT,407.84,360.44,405.1,-0.0127,0.5076,412.4,427.37,397.43,0.0097
2024-04-22,394.04535,395.90277,388.9252,393.1805,20286900,MSFT,407.59,360.74,404.67,0.0046,0.5145,411.03,427.47,394.59,0.0099
2024-04-23,400.54135,401.1605,396.10913,397.26877,15734500,MSFT,407.35,361.1,404.51,0.0165,0.5395,410.28,427.22,393.34,0.0105
2024-04-24,402.00565,405.35684,399.76495,402.497,15065300,MSFT,407.25,361.49,404.41,0.0037,0.5452,409.66,426.87,392.45,0.0105
2024-04-25,392.15848,392.99384,381.33835,387.23486,40586500,MSFT,407.12,361.83,403.93,-0.0245,0.5073,408.56,427.3,389.82,0.0117
2024-04-26,399.31296,405.87775,398.7626,405.06207,29694700,MSFT,407.06,362.18,403.75,0.0182,0.5348,407.85,426.88,388.82,0.0126
2024-04-29,395.31314,399.31296,392.3059,398.2614,19582100,MSFT,406.97,362.48,403.42,-0.01,0.5194,406.76,426.04,387.48,0.0125
2024-04-30,382.61588,395.22464,382.45865,394.56616,28781400,MSFT,406.68,362.7,402.6,-0.0321,0.4706,405.18,426.91,383.45,0.0141
2024-05-01,388.12915,394.79224,383.57898,385.83932,23562500,MSFT,406.53,362.96,402.03,0.0144,0.4918,403.93,426.59,381.27,0.0147
2024-05-02,390.9792,393.03314,387.8442,390.8023,17709400,MSFT,406.44,363.16,401.6,0.0073,0.5027,402.94,426.07,379.81,0.0148
2024-05-03,399.64706,400.1286,394.9298,395.3426,17446700,MSFT,406.34,363.42,401.52,0.0222,0.5361,402.01,424.02,380.0,0.0151
2024-05-06,406.4084,406.79166,399.36203,401.71082,16996600,MSFT,406.41,363.76,401.72,0.0169,0.562,401.47,422.41,380.53,0.0157
2024-05-07,402.28082,407.51892,402.03513,407.5091,20018200,MSFT,406.44,364.09,401.74,-0.0102,0.5461,400.64,419.92,381.36,0.0158
2024-05-08,403.4602,405.12106,399.69623,401.13107,11792300,MSFT,406.5,364.42,401.8,0.0029,0.5506,400.01,417.96,382.06,0.0158
2024-05-09,405.20944,405.60254,402.04498,403.48962,14689700,MSFT,406.59,364.73,401.94,0.0043,0.5573,399.25,414.63,383.87,0.0156
2024-05-10,407.58768,408.21664,404.69836,405.81873,13402300,MSFT,406.61,365.12,402.16,0.0059,0.5664,398.9,413.08,384.72,0.0154
2024-05-13,406.5853,411.13547,403.73532,410.80133,15440200,MSFT,406.58,365.54,402.33,-0.0025,0.5625,398.9,413.08,384.72,0.0147
2024-05-14,409.37637,410.2903,404.45276,404.91467,15109300,MSFT,406.61,365.93,402.61,0.0069,0.5733,399.0,413.45,384.55,0.0148
2024-05-15,416.53387,417.2526,410.81378,411.43402,22239500,MSFT,407.03,366.37,403.16,0.0175,0.6008,399.59,415.88,383.3,0.0152
2024-05-16,414.47617,418.83765,413.84607,415.27362,17530100,MSFT,407.42,366.8,403.6,-0.0049,0.593,400.45,417.99,382.91,0.0145
2024-05-17,413.70822,416.3763,411.56195,416.0022,15352200,MSFT,407.65,367.27,404.0,-0.0019,0.59,401.52,419.57,383.47,0.0142
2024-05-20,418.75885,420.16672,413.4916,413.70822,16272100,MSFT,408.04,367.77,404.57,0.0122,0.6094,402.75,421.99,383.51,0.0143
2024-05-21,422.40158,426.27075,418.2764,420.22577,21453300,MSFT,408.54,368.28,405.27,0.0087,0.6234,403.85,424.95,382.75,0.014
2024-05-22,423.85876,425.71954,420.52124,423.43542,18073700,MSFT,408.85,368.79,406.0,0.0034,0.6289,404.94,427.83,382.05,0.014
2024-05-23,420.39316,426.89105,418.83762,426.27078,17211700,MSFT,409.1,369.3,406.57,-0.0082,0.6155,406.35,429.4,383.3,0.0128
2024-05-24,423.5043,424.39038,417.84326,420.58026,11855300,MSFT,409.21,369.84,407.23,0.0074,0.6275,407.56,431.58,383.54,0.0124
2024-05-28,423.66183,424.15408,419.9994,422.9825,15718000,MSFT,409.5,370.38,407.88,0.0004,0.6281,408.98,433.3,384.66,0.012
2024-05-29,422.52966,424.27228,419.1035,419.1035,15517100,MSFT,409.75,370.93,408.45,-0.0027,0.6237,410.97,432.58,389.36,0.0088
2024-05-30,408.25397,417.73495,407.8306,417.73495,28394500,MSFT,409.63,371.39,408.44,-0.0338,0.5689,411.98,430.8,393.16,0.0121
2024-05-31,408.70688,410.30182,398.2512,410.30182,47995300,MSFT,409.45,371.86,408.45,0.0011,0.5706,412.87,429.01,396.73,0.012
2024-06-03,407.1217,409.9867,402.5929,409.10062,17484700,MSFT,409.15,372.33,408.4,-0.0039,0.5645,413.24,428.4,398.08,0.0111
2024-06-04,409.6323,409.99655,403.34116,406.0486,14348900,MSFT,408.92,372.82,408.45,0.0062,0.5742,413.4,428.32,398.48,0.0105
2024-06-05,417.4495,417.5184,409.85876,411.3454,16988000,MSFT,408.95,373.36,408.8,0.0191,0.6042,414.16,428.22,400.1,0.011
2024-06-06,417.95154,418.7293,414.0725,417.44946,14861300,MSFT,409.02,373.87,409.16,0.0012,0.6061,414.89,428.1,401.68,0.011
2024-06-07,417.29193,419.68433,416.45508,419.6056,13621700,MSFT,409.09,374.38,409.48,-0.0016,0.6036,415.49,427.92,403.06,0.011
2024-06-10,421.24976,421.4565,417.33136,418.1288,13982900,MSFT,409.24,374.89,409.94,0.0095,0.6188,416.17,428.26,404.08,0.0111
2024-06-11,425.98532,426.12317,418.6703,418.89673,14551100,MSFT,409.42,375.45,410.57,0.0112,0.6369,417.14,429.11,405.17,0.0113
2024-06-12,434.23566,436.53946,426.5465,428.58447,22366200,MSFT,409.82,376.04,411.5,0.0194,0.6687,418.39,432.01,404.77,0.0119
2024-06-13,434.74762,436.52963,432.5718,434.02893,15960600,MSFT,410.25,376.63,412.41,0.0012,0.6707,419.3,434.72,403.88,0.0114
2024-06-14,435.72232,436.2835,429.96283,431.4987,13582000,MSFT,410.75,377.2,413.32,0.0022,0.6744,420.36,437.24,403.48,0.0112
2024-06-17,441.43253,443.96277,433.9009,435.74197,20790000,MSFT,411.22,377.8,414.43,0.0131,0.6963,421.74,440.74,402.74,0.0114
2024-06-18,439.43393,443.17514,438.00638,442.75177,17112500,MSFT,411.66,378.39,415.41,-0.0045,0.6887,422.78,443.29,402.27,0.0114
2024-06-20,438.8039,439.62103,434.4424,439.3946,19877400,MSFT,412.06,378.98,416.32,-0.0014,0.6863,423.6,445.32,401.88,0.0113
2024-06-21,442.82074,443.60834,439.60135,440.4579,34187100,MSFT,412.59,379.56,417.36,0.0092,0.7018,424.55,447.91,401.19,0.0114
2024-06-24,440.74338,445.74475,439.50287,442.8404,15913700,MSFT,413.0,380.13,418.28,-0.0047,0.6938,425.56,449.91,401.21,0.0113
2024-06-25,443.97263,444.43536,439.8376,441.3144,16413400,MSFT,413.58,380.74,419.29,0.0073,0.7062,426.59,452.26,400.92,0.0113
2024-06-26,445.1639,446.58163,441.25534,442.0528,16507000,MSFT,414.36,381.33,420.3,0.0027,0.7108,427.66,454.58,400.74,0.0112
2024-06-27,445.84323,449.11188,444.77994,445.1836,14806300,MSFT,415.13,381.9,421.3,0.0015,0.7134,428.83,456.82,400.84,0.0112
2024-06-28,440.03452,448.33408,439.50287,446.0598,28362300,MSFT,415.83,382.48,422.04,-0.013,0.6911,430.42,457.06,403.78,0.0082
2024-07-01,449.66324,450.29333,438.76453,441.7181,17662800,MSFT,416.88,383.08,423.12,0.0219,0.7281,432.46,458.36,406.56,0.0091
2024-07-02,452.1737,452.4789,446.09915,446.1878,13979800,MSFT,418.08,383.69,424.26,0.0056,0.7378,434.72,459.14,410.3,0.0088
2024-07-03,453.6407,453.8868,450.7954,451.10062,9932800,MSFT,419.27,384.34,425.41,0.0032,0.7434,436.92,459.7,414.14,0.0089
2024-07-05,460.3256,461.10336,451.8685,452.4986,16000300,MSFT,420.47,385.03,426.78,0.0147,0.769,439.06,462.19,415.93,0.0085
2024-07-08,459.02603,460.46347,457.27356,459.33124,12962300,MSFT,421.61,385.72,428.05,-0.0028,0.764,441.12,463.64,418.6,0.0087
2024-07-09,452.42975,460.09918,450.91357,459.77432,17207200,MSFT,422.81,386.41,429.0,-0.0144,0.7386,442.87,462.91,422.83,0.0096
2024-07-10,459.0359,459.24265,451.76022,454.0837,18196100,MSFT,424.01,387.14,430.18,0.0146,0.764,444.76,463.29,426.23,0.0098
2024-07-11,447.6646,457.58862,444.56332,455.8165,23111200,MSFT,425.05,387.83,430.87,-0.0248,0.7203,445.85,462.16,429.54,0.0116
2024-07-12,446.5324,449.29892,443.67728,447.30035,16324300,MSFT,426.33,388.5,431.48,-0.0025,0.716,446.46,461.82,431.1,0.011
2024-07-15,446.93604,450.185,444.4452,446.28625,14429400,MSFT,427.51,389.21,432.09,0.0009,0.7175,447.07,461.41,432.73,0.011
2024-07-16,442.56476,447.2708,439.74902,447.19205,17175700,MSFT,428.54,389.89,432.5,-0.0098,0.7007,447.41,460.91,433.91,0.0112
2024-07-17,436.6576,437.96704,432.38474,435.742,21778000,MSFT,429.28,390.54,432.66,-0.0133,0.6781,447.17,461.27,433.07,0.0113
2024-07-18,433.55627,437.77005,427.67865,437.46484,20794800,MSFT,429.82,391.16,432.7,-0.0071,0.6662,446.88,461.88,431.88,0.0113
2024-07-19,430.34674,434.31442,425.31583,426.3988,20940400,MSFT,430.38,391.74,432.6,-0.0074,0.6538,446.46,462.83,430.09,0.0114
2024-07-22,436.08658,437.7209,432.11893,434.95438,15808800,MSFT,431.04,392.39,432.74,0.0133,0.6758,446.12,463.07,429.17,0.0117
2024-07-23,437.96707,441.4523,436.24414,437.03177,13107100,MSFT,431.69,393.02,432.95,0.0043,0.683,445.98,463.16,428.8,0.0117
2024-07-24,422.2638,434.64917,420.97406,433.6351,26805800,MSFT,431.99,393.56,432.53,-0.0359,0.6226,444.9,465.09,424.71,0.014
2024-07-25,411.92624,423.14984,411.05002,422.1653,29943800,MSFT,432.09,394.02,431.72,-0.0245,0.5829,443.23,468.23,418.23,0.0148
2024-07-26,418.68994,422.28348,410.81372,411.72937,23583800,MSFT,432.28,394.5,431.21,0.0164,0.6088,441.88,469.13,414.63,0.0154
2024-07-29,420.1274,425.46353,418.1288,424.90234,15125800,MSFT,432.35,394.99,430.77,0.0034,0.6143,440.88,469.82,411.94,0.0153
2024-07-30,416.37634,422.41147,410.90234,421.10205,32687600,MSFT,432.39,395.45,430.21,-0.0089,0.5999,439.22,469.81,408.63,0.0142
2024-07-31,411.87708,415.254,405.83206,413.9938,42891400,MSFT,432.35,395.89,429.49,-0.0108,0.5826,437.2,469.46,404.94,0.0141
2024-08-01,410.65622,420.84607,406.69843,414.2793,30296400,MSFT,432.19,396.34,428.75,-0.003,0.5779,435.05,468.41,401.69,0.014
2024-08-02,402.16956,408.57883,398.08377,406.10767,29437900,MSFT,431.78,396.72,427.71,-0.0207,0.5452,432.14,466.35,397.93,0.0137
2024-08-05,389.036,394.8349,379.61407,383.14856,40709200,MSFT,431.09,397.04,426.19,-0.0327,0.4947,428.65,465.5,391.8,0.0148
2024-08-06,393.427,399.39328,392.3342,393.81097,24946500,MSFT,430.55,397.39,424.91,0.0113,0.5116,425.69,463.94,387.44,0.0153
2024-08-07,392.2653,403.73502,391.32016,402.31732,20650900,MSFT,429.92,397.73,423.63,-0.003,0.5071,422.36,460.01,384.71,0.0145
2024-08-08,396.45932,399.58026,393.75186,396.2132,20203000,MSFT,429.38,398.11,422.56,0.0107,0.5232,419.8,457.17,382.43,0.0145
2024-08-09,399.7378,401.7364,396.03598,397.7786,19276700,MSFT,428.92,398.5,421.67,0.0083,0.5358,417.46,453.62,381.3,0.0148
2024-08-12,400.51556,402.4354,397.98532,400.7617,16762900,MSFT,428.77,398.88,420.84,0.0019,0.5387,415.14,449.23,381.05,0.0149
2024-08-13,407.6042,408.52963,403.23288,403.25256,19414300,MSFT,428.75,399.25,420.32,0.0177,0.566,413.39,445.06,381.72,0.0157
2024-08-14,410.4101,411.2568,406.06836,408.38196,18267000,MSFT,428.81,399.7,419.93,0.0069,0.5768,412.07,441.79,382.35,0.0157
2024-08-15,415.2627,415.34158,411.93887,414.04953,20752100,MSFT,428.93,400.16,419.75,0.0118,0.5954,411.16,439.18,383.14,0.016
2024-08-16,412.73776,415.56845,411.58377,414.8386,22775600,MSFT,428.83,400.58,419.47,-0.0061,0.5857,410.28,436.83,383.73,0.016
2024-08-19,415.75583,415.9728,410.75528,413.22104,15234000,MSFT,428.79,401.0,419.33,0.0073,0.5972,409.26,433.06,385.46,0.0157
2024-08-20,418.98105,420.02652,415.86435,415.92352,16387600,MSFT,428.82,401.4,419.31,0.0078,0.6097,408.31,428.54,388.08,0.0158
2024-08-21,418.33014,420.55917,415.94327,418.27094,16067300,MSFT,428.76,401.79,419.27,-0.0016,0.6071,408.12,427.85,388.39,0.0137
2024-08-22,409.85776,420.94382,408.93063,418.5471,19361900,MSFT,428.44,402.11,418.9,-0.0203,0.5745,408.01,427.67,388.35,0.0133
2024-08-23,411.0808,413.51697,406.4452,411.26822,18493800,MSFT,427.98,402.42,418.6,0.003,0.5792,407.63,426.71,388.55,0.0128
2024-08-26,407.82596,411.56406,405.7054,410.6665,13152800,MSFT,427.44,402.69,418.18,-0.0079,0.5667,407.02,425.17,388.87,0.0128
2024-08-27,408.1712,408.68408,404.63037,407.20462,13492900,MSFT,426.89,402.96,417.78,0.0008,0.568,406.61,424.24,388.98,0.0127
2024-08-28,404.97556,409.31528,401.73062,409.19693,14882700,MSFT,426.16,403.22,417.28,-0.0078,0.5558,406.26,423.72,388.8,0.0126
2024-08-29,407.46103,416.2687,404.97556,409.2561,17045200,MSFT,425.52,403.45,416.9,0.0061,0.5652,406.1,423.45,388.75,0.0127
2024-08-30,411.42596,411.77115,406.4846,409.90704,24308300,MSFT,424.97,403.71,416.68,0.0097,0.5804,406.57,423.97,389.17,0.0119
2024-09-03,403.83145,414.12845,401.45447,412.18542,20313600,MSFT,424.19,403.91,416.18,-0.0185,0.5512,407.31,422.72,391.9,0.0101
2024-09-04,403.29886,405.6068,398.8309,400.34982,15135800,MSFT,423.44,404.12,415.67,-0.0013,0.5492,407.8,421.92,393.68,0.0098
2024-09-05,402.79584,407.4413,400.56677,402.03638,14195500,MSFT,422.62,404.29,415.17,-0.0012,0.5473,408.33,420.68,395.98,0.0098
2024-09-06,396.1975,405.0249,395.3098,403.45667,19609500,MSFT,421.64,404.45,414.42,-0.0164,0.5219,408.31,420.72,395.9,0.0103
2024-09-09,400.16245,403.0523,396.64133,401.66162,15295100,MSFT,420.73,404.6,413.86,0.01,0.5372,408.33,420.67,395.99,0.0104
2024-09-10,408.5263,410.6271,402.11536,402.6085,19594300,MSFT,420.1,404.82,413.66,0.0209,0.5693,408.73,420.51,396.95,0.0114
2024-09-11,417.24518,418.18216,403.96954,409.80844,19266900,MSFT,419.45,405.05,413.8,0.0213,0.6027,409.22,421.58,396.86,0.0117
2024-09-12,421.1509,421.51584,414.0002,417.51144,17395700,MSFT,418.83,405.3,414.08,0.0094,0.6178,409.75,423.22,396.28,0.0118
2024-09-13,424.69174,425.91473,419.63202,419.99695,15874600,MSFT,418.25,405.57,414.5,0.0084,0.6314,410.23,425.1,395.36,0.0116
2024-09-16,425.43146,427.59146,422.3542,424.7016,13834700,MSFT,417.55,405.82,414.93,0.0017,0.6341,410.86,427.19,394.53,0.0115
2024-09-17,429.1893,435.79755,426.34875,434.19974,18874200,MSFT,416.95,406.11,415.49,0.0088,0.6485,411.53,429.71,393.35,0.0115
2024-09-18,424.90875,430.05725,424.51425,429.04135,18898000,MSFT,416.4,406.37,415.86,-0.01,0.632,411.83,430.7,392.96,0.0117
2024-09-19,432.6808,435.4523,430.91528,435.186,21706600,MSFT,415.88,406.7,416.52,0.0183,0.6619,412.55,433.44,391.66,0.0123
2024-09-20,429.30762,433.22324,428.272,431.23093,55167100,MSFT,415.51,407.04,417.02,-0.0078,0.6489,413.52,435.66,391.38,0.0115
2024-09-23,427.57178,430.48135,424.4945,428.3312,15128900,MSFT,415.13,407.35,417.43,-0.004,0.6423,414.34,437.31,391.37,0.0115
2024-09-24,423.2912,427.41394,420.26324,427.06873,17015800,MSFT,414.66,407.65,417.66,-0.01,0.6259,415.12,438.21,392.03,0.0116
2024-09-25,426.1909,427.18707,422.6994,423.9421,13396400,MSFT,414.33,407.97,418.0,0.0069,0.6371,416.02,439.37,392.67,0.0117
2024-09-26,425.4019,429.33722,423.25177,429.1301,14492000,MSFT,414.1,408.26,418.29,-0.0019,0.634,417.04,440.14,393.94,0.0115
2024-09-27,422.15692,425.93448,421.61447,425.60898,14896100,MSFT,413.88,408.55,418.44,-0.0076,0.6216,417.77,440.52,395.02,0.0117
2024-09-30,424.4057,424.52408,419.54324,422.34433,16807300,MSFT,413.76,408.83,418.67,0.0053,0.6302,418.42,441.15,395.69,0.0116
2024-10-01,414.92737,422.61066,413.07312,422.5811,19092900,MSFT,413.33,409.07,418.53,-0.0223,0.5938,418.98,440.73,397.23,0.0119
2024-10-02,411.41617,417.02823,411.00192,416.7915,16582300,MSFT,412.8,409.33,418.25,-0.0085,0.5803,419.38,440.18,398.58,0.0121
2024-10-03,410.8342,413.80295,408.61502,411.90927,13686400,MSFT,412.58,409.57,417.96,-0.0014,0.5781,419.78,439.52,400.04,0.0121
2024-10-04,410.36078,414.00024,409.2857,412.5109,19169700,MSFT,412.54,409.79,417.66,-0.0012,0.5762,420.49,437.49,403.49,0.0114
2024-10-07,403.9301,411.3964,403.3975,410.3016,20919800,MSFT,412.25,409.98,417.12,-0.0157,0.5514,420.68,436.79,404.57,0.0119
2024-10-08,409.02927,409.96628,402.5789,405.27145,19229300,MSFT,412.03,410.21,416.8,0.0126,0.571,420.71,436.74,404.68,0.0113
2024-10-09,411.74155,414.62155,408.62482,410.16345,14974300,MSFT,411.93,410.44,416.6,0.0066,0.5814,420.43,436.9,403.96,0.0103
2024-10-10,410.14374,411.63306,407.49057,409.5421,13848400,MSFT,411.9,410.65,416.35,-0.0039,0.5752,419.88,436.97,402.79,0.01
2024-10-11,410.61722,411.4161,407.58926,410.4397,14144900,MSFT,411.9,410.87,416.13,0.0012,0.5771,419.18,436.59,401.77,0.0098
2024-10-14,413.3986,418.23148,411.80075,412.04733,16653100,MSFT,412.12,411.1,416.02,0.0068,0.5878,418.58,435.91,401.25,0.0099
2024-10-15,413.00406,416.69284,409.57175,416.39694,18900200,MSFT,412.6,411.32,415.9,-0.001,0.5862,417.77,434.52,401.02,0.0096
2024-10-16,410.41992,410.65662,404.8572,409.48294,15508900,MSFT,412.94,411.53,415.69,-0.0063,0.5762,417.04,433.74,400.34,0.0095
2024-10-17,411.01175,416.7126,409.89722,416.57446,14820000,MSFT,413.32,411.77,415.5,0.0014,0.5784,415.96,431.13,400.79,0.0083
2024-10-18,412.432,413.90158,410.55804,411.426,17145300,MSFT,413.64,412.01,415.38,0.0035,0.584,415.11,428.97,401.25,0.0083
2024-10-21,413.04352,413.22104,408.08243,410.41995,14206100,MSFT,413.9,412.27,415.29,0.0015,0.5863,414.39,426.97,401.81,0.0083
2024-10-22,421.65393,424.68185,412.31366,412.75748,25482200,MSFT,414.33,412.58,415.54,0.0208,0.6193,414.31,426.66,401.96,0.0095
2024-10-23,418.7838,425.17502,416.74216,424.95804,19654400,MSFT,414.55,412.83,415.67,-0.0068,0.6083,413.94,425.19,402.69,0.0094
2024-10-24,418.91205,420.14493,416.61395,419.5038,13581600,MSFT,414.72,413.08,415.79,0.0003,0.6088,413.61,423.79,403.43,0.0094
2024-10-25,422.28516,426.59528,420.7268,420.9142,16899100,MSFT,414.86,413.32,416.05,0.0081,0.6218,413.62,423.82,403.42,0.0095
2024-10-28,420.74655,426.0233,420.4605,425.7471,14882400,MSFT,415.02,413.54,416.23,-0.0036,0.616,413.43,422.92,403.94,0.0094
2024-10-29,426.03314,427.23642,419.96735,422.13724,17644100,MSFT,415.23,413.76,416.62,0.0126,0.6364,413.99,425.03,402.95,0.0083
2024-10-30,426.60516,432.49338,426.18106,431.4479,29749100,MSFT,415.38,413.98,417.01,0.0013,0.6385,414.75,427.06,402.44,0.008
2024-10-31,400.78378,410.4594,400.73444,409.67035,53971000,MSFT,415.03,414.07,416.37,-0.0605,0.5394,414.25,427.97,400.53,0.0161
2024-11-01,404.74872,409.80844,401.91803,403.40735,24230400,MSFT,414.92,414.16,415.92,0.0099,0.5546,413.97,428.24,399.7,0.0163
2024-11-04,402.86487,404.79803,400.01447,404.18652,19672300,MSFT,414.76,414.22,415.41,-0.0047,0.5473,413.91,428.35,399.47,0.0159
2024-11-05,405.82376,409.21664,402.49005,402.7761,17626000,MSFT,414.72,414.31,415.03,0.0073,0.5586,413.75,428.48,399.02,0.0158
2024-11-06,414.42435,414.69067,404.89667,406.77066,26681800,MSFT,414.85,414.42,415.01,0.0212,0.5916,413.89,428.6,399.18,0.0164
2024-11-07,419.60242,421.003,414.12845,415.50928,19901800,MSFT,415.14,414.55,415.19,0.0125,0.6115,414.36,429.17,399.55,0.0166
2024-11-08,416.75204,420.6578,416.00244,419.49396,16891400,MSFT,415.32,414.64,415.25,-0.0068,0.6006,414.67,429.4,399.94,0.0167
2024-11-11,412.2841,418.99094,410.3016,416.7323,24503300,MSFT,415.34,414.73,415.13,-0.0107,0.5834,414.61,429.37,399.85,0.0168
2024-11-12,417.2353,418.62598,411.48517,412.52078,19401200,MSFT,415.61,414.8,415.21,0.012,0.6024,414.82,429.61,400.03,0.017
2024-11-13,419.37558,423.44897,412.48132,415.86435,21502200,MSFT,415.93,414.89,415.38,0.0051,0.6106,415.27,430.04,400.5,0.017
2024-11-14,421.04242,422.30487,414.2468,419.17828,30246900,MSFT,416.3,415.05,415.6,0.004,0.6171,415.77,430.61,400.93,0.017
2024-11-15,409.3153,417.00845,407.97394,414.0693,28247600,MSFT,416.56,415.12,415.35,-0.0279,0.5719,415.62,430.67,400.57,0.0182
2024-11-18,410.0649,412.66873,406.45505,409.18707,24727000,MSFT,416.76,415.15,415.15,0.0018,0.5748,415.47,430.69,400.25,0.0182
2024-11-19,412.0671,412.21506,405.91257,407.4512,18133500,MSFT,416.83,415.22,415.02,0.0049,0.5825,414.99,429.99,399.99,0.0176
2024-11-20,409.79855,411.5739,404.9558,411.15967,19191700,MSFT,416.68,415.28,414.82,-0.0055,0.5738,414.54,429.6,399.48,0.0175
2024-11-21,408.02957,414.85855,405.47983,414.58185,20780200,MSFT,416.42,415.29,414.55,-0.0043,0.567,413.99,429.17,398.81,0.0176
2024-11-22,412.11115,412.50644,406.24078,406.54715,24814600,MSFT,416.16,415.32,414.46,0.01,0.5827,413.49,428.17,398.81,0.0176
2024-11-25,413.88016,416.14328,409.98636,413.47498,27691100,MSFT,415.93,415.33,414.44,0.0043,0.5895,413.14,427.42,398.86,0.0176
2024-11-26,422.97232,424.01004,413.93948,414.6708,23458900,MSFT,415.81,415.4,414.77,0.022,0.6245,412.99,426.75,399.23,0.0181
2024-11-27,418.0309,422.22122,417.0723,420.12607,18332400,MSFT,415.67,415.5,414.9,-0.0117,0.6055,412.56,425.0,400.12,0.0183
2024-11-29,418.49545,419.8988,412.9018,415.16498,16271900,MSFT,415.39,415.58,415.04,0.0011,0.6072,413.45,424.84,402.06,0.0117
2024-12-02,425.92725,427.92355,416.3706,416.62756,20207200,MSFT,415.32,415.71,415.47,0.0178,0.6358,414.5,426.41,402.59,0.0121
2024-12-03,426.1447,427.3998,422.72525,424.80063,18302000,MSFT,415.29,415.86,415.88,0.0005,0.6366,415.67,427.34,404.0,0.012
2024-12-04,432.29175,434.51538,427.5579,427.95322,26009400,MSFT,415.47,416.04,416.53,0.0144,0.6602,416.99,429.9,404.08,0.0123
2024-12-05,437.43082,439.4469,431.05646,432.78595,21697800,MSFT,415.7,416.25,417.35,0.0119,0.68,418.14,433.87,402.41,0.0117
2024-12-06,438.36963,440.86996,436.59073,437.1145,18821000,MSFT,415.96,416.42,418.17,0.0021,0.6835,419.08,437.23,400.93,0.0115
2024-12-09,440.79095,443.07388,435.3357,437.41107,19144400,MSFT,416.33,416.61,419.06,0.0055,0.6928,420.28,440.81,399.75,0.0113
2024-12-10,438.13242,444.3487,436.42273,439.18002,18469500,MSFT,416.6,416.8,419.81,-0.006,0.6826,421.58,443.22,399.94,0.0111
2024-12-11,443.7261,445.0702,438.84402,438.84402,19200200,MSFT,417.18,417.01,420.75,0.0128,0.7041,422.9,446.57,399.23,0.0111
2024-12-12,444.2894,450.812,443.84467,443.84467,20834800,MSFT,417.84,417.23,421.67,0.0013,0.7064,424.15,449.59,398.71,0.0111
2024-12-13,442.02625,446.13748,440.35605,443.18256,20177800,MSFT,418.46,417.41,422.47,-0.0051,0.6977,425.19,451.8,398.58,0.0112
2024-12-16,446.2956,446.87866,440.05957,442.02625,23598800,MSFT,419.18,417.6,423.4,0.0097,0.7141,427.04,454.14,399.94,0.0088
2024-12-17,449.132,449.95227,444.29935,445.72244,22733500,MSFT,420.08,417.81,424.41,0.0064,0.7251,429.0,456.57,401.43,0.0087
2024-12-18,432.26212,447.3432,431.89642,446.0288,24444500,MSFT,420.55,417.99,424.72,-0.0376,0.6602,430.01,456.42,403.6,0.0129
2024-12-19,431.9063,437.9842,431.20465,436.4425,22963700,MSFT,420.95,418.17,425.0,-0.0008,0.6589,431.11,455.75,406.47,0.0128
2024-12-20,431.48138,438.53766,423.60483,428.0323,64263700,MSFT,421.38,418.32,425.25,-0.001,0.6572,432.28,454.4,410.16,0.0127
2024-12-23,430.1472,432.51904,427.75555,431.61972,19152500,MSFT,421.77,418.47,425.45,-0.0031,0.6521,433.19,453.22,413.16,0.0126
2024-12-24,434.17938,434.44623,429.09967,429.55426,7164500,MSFT,422.18,418.66,425.79,0.0094,0.6676,434.2,452.05,416.35,0.0127
2024-12-26,432.97366,435.7705,431.51105,433.93228,8194200,MSFT,422.58,418.78,426.07,-0.0028,0.663,434.7,451.77,417.63,0.0119
2024-12-27,425.48254,430.11755,421.35156,429.50482,18117700,MSFT,422.88,418.87,426.05,-0.0173,0.6342,435.07,450.89,419.25,0.0123
2024-12-30,419.84933,422.53745,416.9537,421.0649,13158700,MSFT,423.06,418.88,425.8,-0.0132,0.6126,435.14,450.67,419.61,0.0127
2024-12-31,416.55838,421.72708,415.72824,421.10446,13246500,MSFT,423.14,418.92,425.44,-0.0078,0.6,434.67,451.85,417.49,0.0121
2025-01-02,413.6726,421.07483,409.98636,420.54114,16896500,MSFT,423.16,418.93,424.98,-0.0069,0.589,434.05,453.31,414.79,0.0122
2025-01-03,418.3867,419.05872,414.62137,416.14328,16662900,MSFT,423.09,418.95,424.72,0.0114,0.6071,433.35,453.84,412.86,0.012
2025-01-06,422.83392,429.22806,420.4917,422.98215,20573600,MSFT,423.17,418.98,424.65,0.0106,0.6242,432.62,453.54,411.7,0.0119
2025-01-07,417.4182,425.60114,415.8666,423.9705,18139100,MSFT,423.14,418.96,424.36,-0.0128,0.6034,431.58,453.36,409.8,0.0121
2025-01-08,419.58252,421.96426,416.59793,418.49542,15054600,MSFT,423.09,418.95,424.18,0.0052,0.6117,430.52,452.48,408.56,0.0121
2025-01-10,414.03833,419.73077,410.1544,419.65173,20201100,MSFT,422.95,418.94,423.78,-0.0132,0.5904,429.31,452.14,406.48,0.0123
2025-01-13,412.2989,413.59354,407.45633,410.37173,17604800,MSFT,422.68,418.93,423.33,-0.0042,0.5837,427.74,450.72,404.76,0.0118
2025-01-14,410.79678,414.81903,405.90482,412.91168,16935900,MSFT,422.36,418.91,422.84,-0.0036,0.578,426.07,448.85,403.29,0.0117
2025-01-15,421.312,423.13043,413.36627,414.2162,19637800,MSFT,422.77,418.95,422.78,0.0256,0.6184,425.03,446.6,403.46,0.0134
2025-01-16,419.60226,424.4547,419.41452,423.67398,15300000,MSFT,423.07,418.96,422.65,-0.0041,0.6118,423.7,442.91,404.49,0.0131
2025-01-17,424.00012,429.38623,423.1502,429.0008,26197500,MSFT,423.49,419.01,422.71,0.0105,0.6287,422.44,437.48,407.4,0.0133
2025-01-21,423.47635,425.8482,420.61035,425.15643,26085700,MSFT,423.85,419.06,422.74,-0.0012,0.6268,422.0,436.33,407.67,0.0105
2025-01-22,440.9688,442.02625,430.8884,432.43008,27803800,MSFT,424.38,419.22,423.45,0.0413,0.694,422.45,438.56,406.34,0.0141
2025-01-23,441.4728,441.51236,436.3239,436.81802,18389300,MSFT,424.81,419.33,424.16,0.0011,0.6958,422.95,440.77,405.13,0.0141
2025-01-24,438.8539,441.41354,436.2251,439.941,15549500,MSFT,425.26,419.44,424.73,-0.0059,0.6858,423.39,442.34,404.44,0.0142
2025-01-27,429.4653,430.0978,418.53497,419.039,35647800,MSFT,425.6,419.49,424.92,-0.0214,0.6497,423.15,441.64,404.66,0.0149
2025-01-28,441.9571,443.12326,426.32257,429.50482,23491700,MSFT,426.09,419.62,425.59,0.0291,0.6978,423.6,443.48,403.72,0.0163
2025-01-29,437.14417,441.64084,435.2368,441.45306,23581400,MSFT,426.45,419.71,426.04,-0.0109,0.6792,424.18,444.96,403.4,0.0159
2025-01-30,410.12473,417.90247,408.3162,413.8604,54586300,MSFT,426.23,419.68,425.42,-0.0618,0.5755,423.7,445.34,402.06,0.0211
2025-01-31,410.1939,415.7579,410.0457,414.06796,34161900,MSFT,426.25,419.7,424.82,0.0002,0.5758,423.38,445.64,401.12,0.0211
2025-02-03,406.10245,410.5398,403.86893,406.77448,25679100,MSFT,426.17,419.69,424.09,-0.01,0.56,423.0,446.19,399.81,0.0211
2025-02-04,407.53543,409.0673,404.93625,407.85168,20532100,MSFT,426.08,419.71,423.44,0.0035,0.5655,422.46,446.6,398.32,0.021
2025-02-05,408.44464,408.9783,405.5885,407.51566,16316700,MSFT,426.05,419.76,422.85,0.0022,0.5689,421.74,446.68,396.8,0.0208
2025-02-06,410.945,413.29712,409.14633,409.14633,16309800,MSFT,426.11,419.86,422.38,0.0061,0.5785,421.42,446.76,396.08,0.0207
2025-02-07,404.94614,413.7418,403.3155,411.59726,22886800,MSFT,425.97,419.91,421.7,-0.0146,0.5555,420.68,447.06,394.3,0.0209
2025-02-10,407.38718,410.58917,406.10242,408.8597,20817900,MSFT,425.84,419.95,421.14,0.006,0.5648,420.35,447.25,393.45,0.0208
2025-02-11,406.61633,407.65402,404.5014,404.83743,18140600,MSFT,425.51,419.97,420.57,-0.0019,0.5618,420.07,447.44,392.7,0.0208
2025-02-12,404.24445,405.9344,399.62918,402.43588,19121700,MSFT,425.23,420.03,419.93,-0.0058,0.5528,419.74,447.73,391.75,0.0208
2025-02-13,405.72687,406.18146,401.59586,402.22836,23891700,MSFT,424.98,420.06,419.37,0.0037,0.5585,418.96,447.62,390.3,0.0199
2025-02-14,403.6416,404.116,401.12152,403.00912,22758500,MSFT,424.53,420.1,418.75,-0.0051,0.5506,418.16,447.63,388.69,0.0199
2025-02-18,404.83743,405.78616,401.73422,403.21664,21423100,MSFT,424.11,420.21,418.21,0.003,0.5552,417.2,447.11,387.29,0.0197
2025-02-19,409.90726,410.6188,402.87073,403.09805,24114200,MSFT,423.66,420.32,417.88,0.0125,0.5746,416.53,446.46,386.6,0.02
2025-02-20,412.07596,415.22498,408.52094,411.24414,23508700,MSFT,423.15,420.43,417.65,0.0053,0.583,415.08,442.74,387.42,0.0174
2025-02-21,404.2331,413.97723,403.91623,413.27414,27524800,MSFT,422.47,420.45,417.13,-0.019,0.5529,413.22,438.3,388.14,0.0177
2025-02-24,400.06412,405.3818,395.42972,404.53018,26443700,MSFT,421.65,420.42,416.46,-0.0103,0.5369,411.28,433.89,388.67,0.0177
2025-02-25,394.02356,398.00443,392.83527,397.19238,29387400,MSFT,420.77,420.38,415.58,-0.0151,0.5137,409.51,431.67,387.35,0.0175
2025-02-26,395.83575,399.66806,390.40912,394.1325,19619000,MSFT,419.82,420.34,414.81,0.0046,0.5207,407.2,424.12,390.28,0.0158
2025-02-27,388.7059,401.7872,388.34943,397.36075,21127400,MSFT,418.7,420.26,413.78,-0.018,0.4933,404.78,416.81,392.75,0.016
2025-02-28,393.12238,393.75616,382.8039,388.83456,32845700,MSFT,417.73,420.19,412.97,0.0114,0.5103,403.93,416.75,391.11,0.0096
2025-03-03,384.7052,394.93457,382.39792,394.93457,23007700,MSFT,416.49,420.08,411.86,-0.0214,0.478,402.66,417.73,387.59,0.0105
2025-03-04,384.82404,388.75537,377.28818,379.6648,29342900,MSFT,415.21,419.95,410.8,0.0003,0.4784,401.59,418.52,384.66,0.0104
2025-03-05,397.11313,397.7568,385.0221,385.54694,23433100,MSFT,414.5,419.86,410.27,0.0319,0.5256,401.07,417.87,384.27,0.0129
2025-03-06,393.0234,398.23215,388.8544,390.4388,23304600,MSFT,413.73,419.75,409.59,-0.0103,0.5099,400.3,417.09,383.51,0.0131
2025-03-07,389.47827,390.95374,381.78397,388.49792,22034100,MSFT,412.89,419.63,408.8,-0.009,0.4963,399.23,415.9,382.56,0.013
2025-03-10,376.4564,382.6356,373.54504,382.08105,32840100,MSFT,411.81,419.42,407.53,-0.0334,0.4463,397.8,417.08,378.52,0.0145
2025-03-11,376.74362,382.23953,373.2381,375.30774,30380200,MSFT,410.66,419.19,406.33,0.0008,0.4475,396.27,417.14,375.4,0.0144
2025-03-12,379.53607,381.46707,375.25818,379.2192,24253600,MSFT,409.6,418.97,405.27,0.0074,0.4582,394.91,416.46,373.36,0.0146
2025-03-13,375.07993,381.56613,373.7728,379.4272,20473000,MSFT,408.59,418.74,404.09,-0.0117,0.4411,393.46,416.26,370.66,0.0147
2025-03-14,384.77454,386.42828,375.8127,376.08008,19952800,MSFT,407.89,418.55,403.33,0.0258,0.4783,392.41,414.76,370.06,0.0161
2025-03-17,384.91324,388.88416,381.81372,382.9327,22474300,MSFT,407.25,418.35,402.61,0.0004,0.4789,391.47,413.4,369.54,0.0161
2025-03-18,379.78366,383.59616,377.38727,383.2991,19486900,MSFT,406.58,418.14,401.72,-0.0133,0.4592,390.22,411.8,368.64,0.0162
2025-03-19,384.0418,385.88367,380.259,381.7741,19185500,MSFT,405.89,418.02,401.02,0.0112,0.4756,388.93,408.55,369.31,0.0161
2025-03-20,383.07132,387.9731,379.546,381.98203,18470500,MSFT,405.09,417.89,400.32,-0.0025,0.4719,387.48,403.93,371.03,0.016
2025-03-21,387.44824,387.92355,379.07065,379.48657,39675900,MSFT,404.49,417.79,399.81,0.0114,0.4887,386.64,401.08,372.2,0.0159
2025-03-24,389.25052,391.5479,386.0124,391.5479,21004500,MSFT,403.89,417.69,399.4,0.0047,0.4957,386.1,399.17,373.03,0.0158
2025-03-25,391.31027,392.49857,388.81482,390.08237,15775000,MSFT,403.43,417.56,399.08,0.0053,0.5036,385.96,398.73,373.19,0.0156
2025-03-26,386.17084,391.4588,384.7845,391.15182,16108400,MSFT,402.91,417.4,398.58,-0.0131,0.4839,385.48,397.38,373.58,0.0158
2025-03-27,386.77484,388.41867,383.62582,386.32925,13766800,MSFT,402.43,417.25,398.11,0.0016,0.4863,385.38,397.2,373.56,0.0153
2025-03-28,375.10962,385.339,373.25784,384.29922,21632000,MSFT,401.51,417.02,397.21,-0.0302,0.4414,384.48,396.56,372.4,0.0164
2025-03-31,371.73288,373.3965,363.66226,368.91064,35184700,MSFT,400.55,416.75,396.21,-0.009,0.4284,383.83,397.19,370.47,0.0159
2025-04-01,378.46664,379.1202,369.59393,371.0001,19689500,MSFT,399.64,416.47,395.52,0.0181,0.4543,383.51,397.07,369.95,0.0165
2025-04-02,378.41714,381.32846,372.9509,374.28775,16092600,MSFT,398.74,416.19,394.85,-0.0001,0.4541,382.58,394.69,370.47,0.0146
2025-04-03,369.47504,373.8025,365.75168,371.1387,30198000,MSFT,397.31,415.85,393.85,-0.0236,0.4198,381.4,393.81,368.99,0.0153
2025-04-04,356.33432,370.9406,355.97784,360.58252,49209900,MSFT,395.6,415.43,392.38,-0.0356,0.3693,379.74,395.9,363.58,0.0169
2025-04-07,354.37366,367.38565,341.431,347.46167,50425000,MSFT,393.91,415.0,390.89,-0.0055,0.3617,378.64,398.37,358.91,0.0154
2025-04-08,351.1058,370.00983,346.8378,364.67236,35868900,MSFT,392.35,414.56,389.33,-0.0092,0.3492,377.36,400.62,354.1,0.0155
2025-04-09,386.68573,389.39905,349.66,350.09573,50199700,MSFT,391.24,414.28,389.23,0.1013,0.4859,377.72,401.34,354.1,0.0281
2025-04-10,377.63483,380.15997,364.21683,378.3379,38024400,MSFT,390.05,413.97,388.77,-0.0234,0.4511,377.84,401.43,354.25,0.0285
2025-04-11,384.66565,386.25003,375.1988,376.93173,23839200,MSFT,389.54,413.67,388.61,0.0186,0.4781,377.84,401.42,354.26,0.0282
2025-04-14,384.03186,390.8052,380.46692,389.38916,19251200,MSFT,389.02,413.37,388.43,-0.0016,0.4757,377.79,401.32,354.26,0.0282
2025-04-15,381.9721,388.0721,380.4174,384.72504,17199900,MSFT,388.54,413.05,388.18,-0.0054,0.4678,377.9,401.49,354.31,0.028
2025-04-16,367.98965,377.89224,364.41483,376.96143,21967800,MSFT,387.75,412.69,387.39,-0.0366,0.414,377.1,400.9,353.3,0.0291
2025-04-17,364.197,370.67328,363.31567,370.10883,21120200,MSFT,386.86,412.26,386.48,-0.0103,0.3995,376.16,400.45,351.87,0.0292
2025-04-21,355.62134,360.92914,352.20496,359.2853,20807300,MSFT,385.75,411.78,385.27,-0.0235,0.3666,374.57,399.9,349.24,0.0294
2025-04-22,363.2464,364.18713,356.3542,359.8399,19485000,MSFT,384.92,411.32,384.4,0.0214,0.3958,373.27,398.09,348.45,0.0298
2025-04-23,370.7426,376.68417,369.38593,372.39633,20545500,MSFT,384.19,410.88,383.87,0.0206,0.4246,372.24,395.57,348.91,0.0303
2025-04-24,383.52682,384.66565,371.53482,372.03986,22232300,MSFT,383.72,410.5,383.85,0.0345,0.4737,372.11,395.13,349.09,0.0312
2025-04-25,388.03253,388.3395,380.85315,383.22977,18973200,MSFT,383.4,410.18,384.02,0.0117,0.491,372.17,395.37,348.97,0.0313
2025-04-28,387.3492,388.91382,382.87326,388.14142,16579400,MSFT,383.03,409.82,384.15,-0.0018,0.4883,372.78,396.93,348.63,0.0305
2025-04-29,390.2012,391.2509,386.57684,387.48788,14974000,MSFT,382.76,409.53,384.39,0.0074,0.4993,373.7,399.07,348.33,0.0304
2025-04-30,391.40933,392.7957,380.69473,386.49762,36461100,MSFT,382.5,409.26,384.66,0.0031,0.504,374.35,400.86,347.84,0.0302
2025-05-01,421.25565,432.73273,420.76053,426.91,58938100,MSFT,382.72,409.13,386.1,0.0763,0.6187,376.49,410.3,342.68,0.0344
2025-05-02,431.03943,435.1589,425.80096,427.5339,30757400,MSFT,383.1,409.07,387.86,0.0232,0.6563,379.57,421.04,338.1,0.0339
2025-05-05,431.92072,435.21826,427.90024,428.65283,20136100,MSFT,383.66,409.05,389.59,0.002,0.6596,383.35,429.42,337.28,0.0324
2025-05-06,429.0886,433.46555,426.96945,427.9894,15104200,MSFT,384.24,409.02,391.14,-0.0066,0.6486,387.09,435.33,338.85,0.0324
2025-05-07,429.12823,433.85175,426.91003,429.61346,23295300,MSFT,384.94,409.02,392.63,0.0001,0.6488,390.99,439.6,342.38,0.0322
2025-05-08,433.90125,439.34766,431.41568,433.66357,23491300,MSFT,385.7,409.01,394.24,0.0111,0.6671,393.35,445.54,341.16,0.0241
2025-05-09,434.4558,436.4462,431.63358,435.71344,15324200,MSFT,386.61,408.99,395.82,0.0013,0.6693,396.19,450.9,341.48,0.0231
2025-05-12,444.88318,444.9921,435.4955,441.59552,22821900,MSFT,387.65,409.1,397.74,0.024,0.7093,399.2,457.73,340.67,0.0233
2025-05-13,444.7644,446.2795,441.0212,443.41763,23618800,MSFT,388.85,409.27,399.59,-0.0003,0.7088,402.24,463.69,340.79,0.0232
2025-05-14,448.52734,449.478,443.7741,443.7741,19902800,MSFT,390.13,409.42,401.51,0.0085,0.7233,405.56,469.54,341.58,0.023
2025-05-15,449.53928,452.575,446.86066,447.19797,21992300,MSFT,391.17,409.56,403.39,0.0023,0.7273,409.64,473.94,345.34,0.0205
2025-05-16,450.6702,450.7595,445.17413,448.46777,23849800,MSFT,392.33,409.73,405.25,0.0025,0.7316,413.97,477.02,350.92,0.0201
2025-05-19,455.23383,455.94812,447.22775,447.30716,21336500,MSFT,393.64,409.95,407.21,0.0101,0.7491,418.95,478.21,359.69,0.0184
2025-05-20,454.53937,454.708,450.71988,451.9798,15441800,MSFT,395.2,410.17,409.06,-0.0015,0.7465,423.51,478.63,368.39,0.0185
2025-05-21,448.98373,454.15244,448.22974,450.9679,19216900,MSFT,396.65,410.4,410.63,-0.0122,0.7252,427.42,477.66,377.18,0.0191
2025-05-22,451.25555,456.60284,450.30316,451.34488,18025600,MSFT,398.08,410.72,412.22,0.0051,0.734,430.81,477.6,384.02,0.0182
2025-05-23,446.61264,450.09485,445.35272,446.41425,16883500,MSFT,399.51,410.98,413.57,-0.0103,0.7161,433.74,476.41,391.07,0.0186
2025-05-27,457.03937,457.2973,452.50558,452.86273,20974300,MSFT,400.96,411.31,415.27,0.0233,0.7561,437.22,475.05,399.39,0.0188
2025-05-28,453.73575,458.85486,453.30917,457.5652,17086300,MSFT,402.33,411.59,416.78,-0.0072,0.7435,440.4,471.71,409.09,0.0192
2025-05-29,455.0453,458.06122,451.702,457.89255,13974800,MSFT,403.84,411.87,418.28,0.0029,0.7485,443.58,465.44,421.72,0.0192
2025-05-30,456.71198,458.0215,451.9302,456.07706,34770500,MSFT,405.29,412.15,419.79,0.0037,0.755,445.35,465.25,425.45,0.0104
2025-06-02,458.30923,458.44812,453.2695,453.51752,16626500,MSFT,406.8,412.4,421.3,0.0035,0.7611,446.72,466.22,427.22,0.0093
2025-06-03,459.30127,460.462,457.20798,457.81314,15743800,MSFT,408.24,412.65,422.79,0.0022,0.765,448.09,467.06,429.12,0.0093
2025-06-04,460.19412,461.9997,459.35086,460.3231,14162700,MSFT,409.65,412.87,424.26,0.0019,0.7684,449.64,467.09,432.19,0.009
2025-06-05,463.974,465.92838,460.35294,461.27554,20131700,MSFT,411.11,413.13,425.82,0.0082,0.7829,451.38,467.07,435.69,0.0091
2025-06-06,466.65256,469.58908,465.06522,466.36484,15285600,MSFT,412.72,413.38,427.42,0.0058,0.7932,453.02,467.84,438.2,0.0089
2025-06-09,469.0038,469.6784,464.90652,465.978,16469900,MSFT,414.36,413.63,429.05,0.005,0.8022,454.75,468.47,441.03,0.0089
2025-06-10,467.18832,469.0534,463.25967,467.45618,15375900,MSFT,416.2,413.88,430.54,-0.0039,0.7951,455.86,469.83,441.89,0.0077
2025-06-11,468.87485,471.70227,465.93832,466.29544,16399200,MSFT,418.15,414.17,432.05,0.0036,0.8016,457.07,471.17,442.97,0.0077
2025-06-12,475.0753,476.61304,469.76767,471.2558,18950600,MSFT,420.08,414.49,433.73,0.0132,0.8254,458.4,474.03,442.77,0.0079
2025-06-13,471.1963,475.38284,469.01373,472.6348,16814500,MSFT,421.93,414.81,435.2,-0.0082,0.8104,459.48,475.52,443.44,0.0083
2025-06-16,475.34317,476.8809,471.23596,471.44427,15626100,MSFT,424.05,415.14,436.78,0.0088,0.8263,460.71,477.67,443.75,0.0084
2025-06-17,474.2519,474.94632,470.32324,471.6328,15414100,MSFT,426.41,415.49,438.25,-0.0023,0.8221,461.66,479.44,443.88,0.0083
2025-06-18,476.43445,477.18845,470.70026,474.21222,17526500,MSFT,428.85,415.84,439.74,0.0046,0.8305,462.76,481.37,444.15,0.0083
2025-06-20,473.61694,479.6289,473.09116,478.4087,37576200,MSFT,431.3,416.15,441.07,-0.0059,0.8197,463.99,482.01,445.97,0.0078
2025-06-23,482.1488,483.88495,468.76572,474.42053,24864000,MSFT,433.21,416.54,442.68,0.018,0.8525,465.54,484.25,446.83,0.0085
2025-06-24,486.2262,487.95242,482.9424,485.0754,22305600,MSFT,435.38,416.95,444.39,0.0085,0.8682,467.52,486.18,448.86,0.0079
2025-06-25,488.3691,490.64096,485.51196,488.14096,17495100,MSFT,437.46,417.38,446.12,0.0044,0.8764,469.08,489.23,448.93,0.0066
2025-06-26,493.5081,494.0934,488.90485,489.07352,21578900,MSFT,439.65,417.87,447.97,0.0105,0.8961,471.07,492.65,449.49,0.0063
2025-06-27,492.01004,495.3434,489.1231,493.60727,34539200,MSFT,441.85,418.33,449.7,-0.003,0.8905,472.92,495.04,450.8,0.0065
2025-06-30,493.46838,496.79184,491.40485,493.10132,28369000,MSFT,444.36,418.75,451.42,0.003,0.8961,474.76,497.32,452.2,0.0065
2025-07-01,488.15085,494.1033,487.08936,492.53583,19945400,MSFT,446.84,419.11,452.86,-0.0108,0.8756,476.25,498.16,454.34,0.0073
2025-07-02,487.1985,489.5894,484.82745,486.1072,16319600,MSFT,449.47,419.44,454.2,-0.002,0.8719,477.64,498.54,456.74,0.0073
2025-07-03,494.88705,496.16684,489.52985,489.8969,13984800,MSFT,452.1,419.79,455.8,0.0158,0.9015,479.38,499.94,458.82,0.0079
2025-07-07,493.7759,494.79776,491.30566,493.4386,13981600,MSFT,454.56,420.13,457.29,-0.0022,0.8973,480.87,501.04,460.7,0.0079
2025-07-08,492.68463,494.25214,490.19452,493.2997,11846600,MSFT,456.74,420.45,458.68,-0.0022,0.8931,482.17,501.83,462.51,0.008
2025-07-09,499.52005,502.76413,495.7799,496.33548,18659500,MSFT,458.97,420.82,460.28,0.0139,0.9194,483.7,503.79,463.61,0.0083
2025-07-10,497.50613,500.44266,493.8057,499.06366,16492100,MSFT,461.18,421.14,461.74,-0.004,0.9118,485.21,504.62,465.8,0.0083
2025-07-11,499.33157,501.028,493.8553,494.52,16459500,MSFT,463.36,421.49,463.21,0.0037,0.9188,486.74,505.52,467.96,0.0083
2025-07-14,499.0339,499.97638,497.0597,497.54578,12058800,MSFT,465.51,421.85,464.62,-0.0006,0.9177,487.93,506.64,469.22,0.008
2025-07-15,501.8118,504.27213,498.80582,499.03397,14927200,MSFT,467.12,422.24,466.08,0.0056,0.9284,489.46,507.4,471.52,0.0077
2025-07-16,501.61334,502.70462,497.91293,501.17682,15154400,MSFT,468.53,422.62,467.47,-0.0004,0.9276,490.78,508.2,473.36,0.0076
2025-07-17,507.64514,509.30188,501.6133,501.67282,17503100,MSFT,470.05,423.03,469.05,0.012,0.9508,492.45,509.6,475.3,0.0078
2025-07-18,506.0082,510.56186,503.40897,510.4031,21209700,MSFT,471.59,423.45,470.5,-0.0032,0.9445,493.93,510.35,477.51,0.0079
2025-07-21,506.01813,508.03207,501.54385,502.69467,14066800,MSFT,473.12,423.86,471.89,0.0,0.9445,495.55,509.79,481.31,0.0076
2025-07-22,501.2661,507.14914,501.2661,506.92096,13868600,MSFT,474.47,424.29,473.04,-0.0094,0.9263,496.5,509.46,483.54,0.0073
2025-07-23,501.86136,502.77408,496.73233,502.73438,16396600,MSFT,475.82,424.74,474.17,0.0012,0.9286,497.28,509.49,485.07,0.0072
2025-07-24,506.83163,509.59952,503.28,504.73834,16107000,MSFT,477.06,425.22,475.45,0.0099,0.9477,498.21,510.38,486.04,0.0074
2025-07-25,509.63925,514.1829,506.31577,508.40903,19125700,MSFT,478.36,425.72,476.79,0.0055,0.9584,499.01,511.98,486.04,0.0071
2025-07-28,508.4388,510.919,506.07767,510.00632,14308000,MSFT,479.55,426.24,478.03,-0.0024,0.9537,499.83,513.01,486.65,0.0071
2025-07-29,508.50827,513.51825,507.50626,511.44482,16469200,MSFT,480.73,426.74,479.23,0.0001,0.9539,500.59,513.96,487.22,0.0071
2025-07-30,509.17294,511.86148,505.40308,511.08765,26380400,MSFT,481.9,427.23,480.4,0.0013,0.9564,501.64,514.17,489.11,0.0065
2025-07-31,529.2724,551.04846,527.6851,550.8302,51617300,MSFT,483.38,427.82,482.32,0.0395,1.0337,503.74,519.71,487.77,0.0105
2025-08-01,519.9568,531.55414,516.73254,530.7605,28977600,MSFT,484.69,428.37,483.79,-0.0176,0.9979,504.99,521.94,488.04,0.0112
2025-08-04,531.3954,533.9847,523.9449,524.0838,25349000,MSFT,486.34,428.96,485.66,0.022,1.0418,506.88,526.7,487.06,0.0119
2025-08-05,523.568,533.0423,523.062,532.9233,19171600,MSFT,487.79,429.51,487.15,-0.0147,1.0118,508.42,528.39,488.45,0.0126
2025-08-06,520.7802,527.48663,519.87744,526.693,21355700,MSFT,489.27,430.06,488.47,-0.0053,1.0012,509.48,529.72,489.24,0.0125
2025-08-07,516.7127,523.9053,513.4487,522.6254,16079100,MSFT,490.46,430.59,489.57,-0.0078,0.9856,510.44,530.1,490.78,0.0126
2025-08-08,517.9032,520.50244,515.294,518.45874,15531000,MSFT,491.75,431.12,490.69,0.0023,0.9901,511.37,530.57,492.17,0.0126
2025-08-11,517.63544,523.4093,515.6016,518.1612,20194400,MSFT,493.0,431.64,491.74,-0.0005,0.9891,512.3,530.77,493.83,0.0126
2025-08-12,525.0461,526.7723,518.5579,519.5996,18667000,MSFT,494.37,432.16,493.05,0.0143,1.0176,513.46,532.08,494.84,0.0129
2025-08-13,516.45483,528.47876,515.2544,527.89343,19619200,MSFT,495.53,432.65,493.97,-0.0164,0.9845,514.21,532.0,496.42,0.0135
2025-08-14,518.33966,521.78217,516.01825,518.41907,20269100,MSFT,496.71,433.15,494.92,0.0036,0.9916,514.74,532.35,497.13,0.0133
2025-08-15,516.04803,521.931,514.96674,518.62744,25213300,MSFT,497.83,433.61,495.75,-0.0044,0.9829,515.24,532.36,498.12,0.0133
2025-08-18,513.0023,518.677,509.94678,517.4568,23760600,MSFT,498.81,434.08,496.43,-0.0059,0.9712,515.59,532.2,498.98,0.0134
2025-08-19,505.73044,511.0777,504.5201,510.919,21481000,MSFT,499.59,434.47,496.79,-0.0142,0.9432,515.81,531.71,499.91,0.0136
2025-08-20,501.71255,506.9507,500.4427,505.82965,27723000,MSFT,500.24,434.85,496.98,-0.0079,0.9278,515.81,531.74,499.88,0.0138
2025-08-21,501.06662,504.4353,499.55618,500.52008,18443300,MSFT,500.92,435.35,497.15,-0.0013,0.9253,515.52,532.32,498.72,0.0136
2025-08-22,504.03784,507.5158,499.24817,501.0766,24324200,MSFT,501.62,435.85,497.42,0.0059,0.9367,515.24,532.63,497.85,0.0136
2025-08-25,501.08652,504.9918,500.9474,503.4416,21638600,MSFT,502.14,436.34,497.56,-0.0059,0.9253,514.87,533.15,496.59,0.0136
2025-08-26,498.88046,501.80197,495.37268,501.18585,30835700,MSFT,502.7,436.8,497.61,-0.0044,0.9168,514.39,533.85,494.93,0.0137
2025-08-27,503.5509,504.09747,496.75397,498.84073,17277900,MSFT,503.26,437.25,497.84,0.0094,0.9348,514.11,534.04,494.18,0.0138
2025-08-28,506.43265,507.8735,502.3187,503.89868,18015600,MSFT,503.91,437.68,498.18,0.0057,0.9458,512.97,531.83,494.11,0.0103
2025-08-29,503.50122,506.3929,501.31506,505.45883,20961600,MSFT,504.45,438.12,498.39,-0.0058,0.9345,512.14,531.15,493.13,0.0097
2025-09-02,501.94107,502.81555,493.68338,497.32034,18128000,MSFT,505.01,438.57,498.53,-0.0031,0.9285,510.67,527.88,493.46,0.008
2025-09-03,502.16965,504.5943,499.15872,500.61948,16345100,MSFT,505.41,438.99,498.67,0.0005,0.9295,509.6,526.08,493.12,0.0075
2025-09-04,504.77316,504.95203,499.9835,501.12625,15509500,MSFT,505.79,439.42,498.91,0.0052,0.9395,508.8,524.53,493.07,0.0076
2025-09-05,491.88477,508.74796,489.2713,505.8662,31994800,MSFT,505.86,439.77,498.64,-0.0255,0.8901,507.56,524.53,490.59,0.0092
2025-09-08,495.06464,498.04575,491.91458,494.9752,16771000,MSFT,505.89,440.2,498.5,0.0065,0.9024,506.42,523.54,489.3,0.0094
2025-09-09,495.2733,499.0891,494.56775,498.27426,14410500,MSFT,505.95,440.63,498.37,0.0004,0.9031,505.3,522.25,488.35,0.0094
2025-09-10,497.221,500.06302,493.594,499.8146,21611800,MSFT,506.03,441.05,498.32,0.0039,0.9106,503.91,518.43,489.39,0.0087
2025-09-11,497.85696,500.0034,494.74664,499.08914,18881600,MSFT,506.22,441.49,498.31,0.0013,0.913,502.98,516.46,489.5,0.0081
2025-09-12,506.691,509.32434,500.6791,503.46146,23624900,MSFT,506.61,441.99,498.63,0.0177,0.9469,502.4,513.96,490.84,0.0092
2025-09-15,512.11664,512.22595,503.80927,505.588,17143800,MSFT,506.96,442.49,499.16,0.0107,0.9677,502.2,512.88,491.52,0.0095
2025-09-16,505.83643,513.97485,505.3992,513.6271,19711900,MSFT,507.2,442.95,499.42,-0.0123,0.9435,501.84,511.42,492.26,0.0098
2025-09-17,506.81024,508.07227,502.74597,507.40646,15816600,MSFT,507.48,443.36,499.71,0.0019,0.9472,501.9,511.58,492.22,0.0093
2025-09-18,505.25012,509.84103,504.4651,508.27097,18913700,MSFT,507.59,443.8,499.93,-0.0031,0.9412,502.07,511.87,492.27,0.0091
2025-09-19,514.67053,516.0319,507.09848,507.34692,52474100,MSFT,507.94,444.28,500.51,0.0186,0.9773,502.75,514.03,491.47,0.01
2025-09-22,511.2124,514.4817,509.3144,512.3452,20009300,MSFT,508.17,444.71,500.93,-0.0067,0.964,503.11,515.0,491.22,0.0101
2025-09-23,506.02524,511.35153,504.1173,510.56647,19799600,MSFT,508.31,445.11,501.13,-0.0101,0.9442,503.36,515.28,491.44,0.0103
2025-09-24,506.93942,509.25476,503.72977,507.168,13533700,MSFT,508.42,445.48,501.36,0.0018,0.9477,503.76,515.59,491.93,0.0102
2025-09-25,503.83908,506.80032,501.8616,505.10107,15786500,MSFT,508.46,445.81,501.45,-0.0061,0.9358,503.78,515.61,491.95,0.0101
2025-09-26,508.24118,510.7056,503.43164,506.85,16213100,MSFT,508.47,446.16,501.72,0.0087,0.9527,503.87,515.81,491.93,0.0102
2025-09-29,511.36136,513.59717,505.6774,508.28088,17617800,MSFT,508.58,446.51,502.1,0.0061,0.9646,504.26,516.66,491.86,0.0102
2025-09-30,514.69037,514.899,506.45255,510.00998,19728200,MSFT,508.75,446.9,502.59,0.0065,0.9773,504.9,518.08,491.72,0.0102
2025-10-01,516.4393,517.23425,508.46973,511.56015,22632300,MSFT,509.06,447.26,503.14,0.0034,0.9841,505.61,519.69,491.53,0.0102
2025-10-02,512.49426,518.3174,507.4661,514.3823,21222900,MSFT,509.27,447.6,503.5,-0.0076,0.969,506.0,520.4,491.6,0.0104
2025-10-03,514.09406,517.2143,511.75888,513.84564,15112300,MSFT,509.42,447.96,503.92,0.0031,0.9751,507.11,520.3,493.92,0.0083
2025-10-06,525.2435,527.68805,514.9388,515.3462,21388600,MSFT,509.73,448.36,504.75,0.0217,1.018,508.62,522.87,494.37,0.0094
2025-10-07,520.6823,526.4657,518.1583,524.9652,14615200,MSFT,509.97,448.71,505.38,-0.0087,1.0004,509.89,523.66,496.12,0.0097
2025-10-08,521.5469,523.63367,519.798,519.9868,13363400,MSFT,510.23,449.16,506.01,0.0017,1.0038,511.1,524.45,497.75,0.0097
2025-10-09,519.11237,521.0302,514.14386,519.05273,18343600,MSFT,510.43,449.6,506.53,-0.0047,0.9944,512.16,524.41,499.91,0.0098
2025-10-10,507.74432,520.2849,506.4227,516.3697,24133800,MSFT,510.0,449.98,506.57,-0.0219,0.9507,512.22,524.38,500.06,0.0105
2025-10-13,510.81488,513.16003,508.4598,513.16003,14284200,MSFT,509.82,450.38,506.74,0.006,0.9624,512.15,524.32,499.98,0.0103
2025-10-14,510.33792,512.0372,502.81555,507.01895,14684300,MSFT,509.4,450.76,506.88,-0.0009,0.9606,512.38,524.22,500.54,0.0099
2025-10-15,510.1988,513.9351,506.79037,511.71918,14694700,MSFT,509.13,451.15,507.01,-0.0003,0.9601,512.55,524.15,500.95,0.0099
2025-10-16,508.39026,513.5973,504.9322,509.3542,15559600,MSFT,508.88,451.56,507.07,-0.0035,0.9532,512.7,523.97,501.43,0.0099
2025-10-17,510.3479,512.2359,504.11734,505.83646,19867800,MSFT,508.75,452.02,507.19,0.0039,0.9608,512.49,523.76,501.22,0.009
2025-10-20,513.53766,515.43567,510.19882,511.3714,14665600,MSFT,508.67,452.5,507.44,0.0063,0.9732,512.6,523.87,501.33,0.009
2025-10-21,514.40216,515.4257,509.81125,514.24316,15586200,MSFT,508.6,453.0,507.72,0.0017,0.9765,513.02,523.87,502.17,0.0086
2025-10-22,517.264,521.92444,514.45184,517.8702,18962700,MSFT,508.45,453.5,508.09,0.0056,0.9876,513.54,524.15,502.93,0.0087
2025-10-23,517.28394,520.6526,515.3462,519.172,14023500,MSFT,508.46,453.97,508.45,0.0,0.9876,514.21,523.9,504.52,0.0085
2025-10-24,520.3147,522.04376,517.433,519.4999,15532400,MSFT,508.5,454.49,508.92,0.0059,0.9993,514.82,524.45,505.19,0.0084
2025-10-27,528.175,531.2157,525.6808,528.43335,18734700,MSFT,508.75,455.03,509.67,0.0151,1.0295,515.66,526.83,504.49,0.0089
2025-10-28,538.65857,550.2352,537.36676,546.53864,29986700,MSFT,509.26,455.65,510.81,0.0198,1.0697,516.85,532.01,501.69,0.0098
2025-10-29,538.1418,542.8321,533.3521,541.51044,36023000,MSFT,509.91,456.28,511.88,-0.001,1.0676,517.94,535.84,500.04,0.0098
2025-10-30,522.4512,531.60315,518.83405,527.1414,41023100,MSFT,510.32,456.84,512.29,-0.0292,1.0072,518.44,536.25,500.63,0.0119
2025-10-31,514.5512,525.9888,511.85825,525.5516,34006400,MSFT,510.59,457.31,512.38,-0.0151,0.9769,518.46,536.25,500.67,0.0124
2025-11-03,513.7761,521.6562,511.35147,516.5386,22374700,MSFT,510.79,457.78,512.44,-0.0015,0.974,517.89,535.5,500.28,0.0113
2025-11-04,511.09317,512.3055,504.64398,508.53934,20958700,MSFT,510.99,458.21,512.39,-0.0052,0.9637,517.41,535.22,499.6,0.0112
2025-11-05,503.96826,511.59,503.3919,510.0696,23024300,MSFT,511.09,458.61,512.06,-0.0139,0.9364,516.53,535.19,497.87,0.0116
2025-11-06,493.97156,502.51743,492.68967,502.4777,27406500,MSFT,510.9,458.88,511.35,-0.0198,0.8981,515.27,536.42,494.12,0.0123
2025-11-07,493.69333,496.2372,490.14578,493.8225,24019800,MSFT,510.64,459.14,510.65,-0.0006,0.8969,514.57,537.62,491.52,0.0114
2025-11-10,502.81555,503.66022,495.66086,496.89307,26101500,MSFT,510.63,459.46,510.35,0.0185,0.932,514.17,537.77,490.57,0.0121
2025-11-11,505.47867,506.39288,499.1885,501.62308,17980000,MSFT,510.7,459.84,510.16,0.0053,0.9423,513.93,537.79,490.07,0.0122
2025-11-12,507.92322,508.4499,495.97885,506.1544,26574900,MSFT,510.81,460.17,510.07,0.0048,0.9516,513.81,537.77,489.85,0.0122
2025-11-13,500.12262,510.26834,498.1352,507.09842,25273100,MSFT,510.72,460.48,509.68,-0.0154,0.9215,513.4,538.03,488.77,0.0127
2025-11-14,506.96924,508.3803,494.30942,495.09445,28505700,MSFT,511.02,460.97,509.57,0.0137,0.9479,513.23,537.99,488.47,0.0131
2025-11-17,504.29614,508.897,501.7324,505.25012,19092800,MSFT,511.21,461.44,509.36,-0.0053,0.9375,512.77,537.85,487.69,0.013
2025-11-18,490.6824,499.81458,483.71652,492.25244,33815100,MSFT,511.12,461.86,508.63,-0.027,0.8852,511.58,538.51,484.65,0.0142
2025-11-19,484.05435,492.07358,479.79135,487.0156,23245300,MSFT,510.85,462.25,507.67,-0.0135,0.8598,509.92,539.35,480.49,0.0143
2025-11-20,476.30884,491.3817,473.39185,490.5255,26802500,MSFT,510.42,462.58,506.44,-0.016,0.83,507.87,540.66,475.08,0.0146
2025-11-21,470.02682,476.7967,466.19388,476.37854,31769200,MSFT,509.69,462.88,505.01,-0.0132,0.8059,505.36,541.66,469.06,0.0145
2025-11-24,471.8985,474.78564,465.945,472.89407,34421000,MSFT,508.88,463.21,503.71,0.004,0.8131,502.54,540.09,464.99,0.0139
2025-11-25,474.8752,477.02563,462.8289,471.96817,28019800,MSFT,508.26,463.55,502.58,0.0063,0.8245,499.35,534.76,463.94,0.0129
2025-11-26,483.34753,486.14508,479.06662,484.15393,25709100,MSFT,507.8,463.94,501.83,0.0178,0.857,496.62,527.6,465.64,0.014
2025-11-28,489.82867,490.44592,484.49243,485.43823,14386700,MSFT,507.49,464.36,501.36,0.0134,0.8819,494.98,523.57,466.39,0.0134
2025-12-01,484.582,487.68817,482.50128,486.27448,23964000,MSFT,506.88,464.76,500.7,-0.0107,0.8617,493.49,520.88,466.1,0.0132
2025-12-02,487.82758,491.31207,484.1639,484.56213,19562700,MSFT,506.42,465.18,500.19,0.0067,0.8742,492.19,517.94,466.44,0.0134
2025-12-03,475.61197,482.09308,473.0932,474.20822,34615100,MSFT,505.81,465.53,499.23,-0.025,0.8273,490.41,515.56,465.26,0.0143
2025-12-04,478.7082,479.18607,474.37747,477.633,22318200,MSFT,505.24,465.88,498.43,0.0065,0.8392,489.15,513.97,464.33,0.0142
2025-12-05,481.01788,481.2568,476.75687,480.3807,22608700,MSFT,504.79,466.22,497.74,0.0048,0.848,488.5,513.47,463.53,0.0137
2025-12-08,488.84305,490.11737,482.2325,482.74026,21965900,MSFT,504.4,466.64,497.39,0.0163,0.8782,488.26,513.11,463.41,0.0142
2025-12-09,489.8386,489.93814,486.3342,486.93155,14696100,MSFT,503.97,467.09,497.1,0.002,0.8819,487.61,511.52,463.7,0.0135
2025-12-10,476.4383,482.10306,472.97372,481.88403,35756200,MSFT,503.2,467.51,496.29,-0.0274,0.8304,486.16,509.0,463.32,0.0146
2025-12-11,481.3265,483.87515,473.75024,474.51685,24669200,MSFT,502.5,467.93,495.7,0.0103,0.8492,484.83,505.31,464.35,0.0148
2025-12-12,476.40842,480.31107,474.22812,477.69272,21248100,MSFT,501.78,468.37,494.94,-0.0102,0.8304,483.64,503.12,464.16,0.0147
2025-12-15,472.71487,478.5887,470.42505,477.97147,23727700,MSFT,500.95,468.77,494.07,-0.0078,0.8161,481.93,498.59,465.27,0.0142
2025-12-16,474.27792,475.77127,468.79233,469.81778,20705600,MSFT,499.93,469.22,493.3,0.0033,0.8221,480.43,493.66,467.2,0.0143
2025-12-17,474.0091,477.8719,472.89407,474.7956,24527200,MSFT,499.0,469.66,492.54,-0.0006,0.821,479.6,492.2,467.0,0.0131
2025-12-18,481.83426,487.42935,475.77127,476.06992,28573500,MSFT,498.21,470.09,492.12,0.0165,0.851,479.49,491.96,467.02,0.0134
2025-12-19,483.76566,485.6871,480.35083,485.19925,70836100,MSFT,497.5,470.54,491.79,0.004,0.8584,479.86,492.38,467.34,0.0129
2025-12-22,482.7701,486.5632,480.55,483.96478,16963000,MSFT,497.0,471.01,491.44,-0.0021,0.8545,480.5,492.18,468.82,0.0125
2025-12-23,484.69153,485.66718,482.59088,482.82983,14683600,MSFT,496.48,471.55,491.17,0.004,0.8619,481.14,492.23,470.05,0.0125
2025-12-24,485.85632,486.99127,482.68045,483.5267,5855900,MSFT,495.99,472.09,490.97,0.0024,0.8664,481.68,492.55,470.81,0.0124
2025-12-26,485.5477,485.95587,483.80545,484.55212,8842200,MSFT,495.49,472.62,490.75,-0.0006,0.8653,481.79,492.77,470.81,0.0118
2025-12-29,484.94043,486.18488,482.03336,482.71033,10893400,MSFT,495.03,473.17,490.52,-0.0013,0.8629,481.55,491.98,471.12,0.0114
2025-12-30,485.31873,487.50894,483.3475,483.77557,13944500,MSFT,494.52,473.68,490.32,0.0008,0.8644,481.59,492.07,471.11,0.0111
2025-12-31,481.47586,485.97583,481.15726,485.67715,15601600,MSFT,493.88,474.16,489.97,-0.0079,0.8496,481.27,491.33,471.21,0.0112
2026-01-02,470.8432,482.51123,468.07553,482.24246,25571600,MSFT,493.01,474.61,489.22,-0.0221,0.8088,481.03,491.85,470.21,0.0108
2026-01-05,470.75363,473.95935,467.4185,471.95825,25250300,MSFT,492.08,475.05,488.5,-0.0002,0.8084,480.63,492.36,468.9,0.0107
2026-01-06,476.38852,476.6175,467.66736,471.69937,23037700,MSFT,491.26,475.51,488.02,0.012,0.8301,480.4,492.28,468.52,0.011
2026-01-07,481.3265,487.5289,475.831,477.63297,25564200,MSFT,490.48,475.98,487.76,0.0104,0.8491,480.03,491.24,468.82,0.0106
2026-01-08,475.99026,480.5201,473.75024,479.10638,18162600,MSFT,489.44,476.42,487.3,-0.0111,0.8286,479.33,489.67,468.99,0.0109
2026-01-09,477.1551,477.69272,470.1065,471.95822,18491000,MSFT,488.21,476.85,486.9,0.0024,0.833,479.37,489.67,469.07,0.009
2026-01-12,475.0644,478.85748,473.57104,474.55667,23519900,MSFT,486.95,477.29,486.44,-0.0044,0.8249,479.06,489.49,468.63,0.0087
2026-01-13,468.58328,473.67062,463.88422,472.57547,28545800,MSFT,485.87,477.7,485.74,-0.0136,0.8001,478.67,490.06,467.28,0.0089
2026-01-14,457.34332,466.12424,455.14313,464.3919,28184300,MSFT,484.73,478.11,484.62,-0.024,0.7569,477.9,492.58,463.22,0.0102
2026-01-15,454.63538,462.1917,453.87872,462.0623,23225800,MSFT,483.54,478.53,483.45,-0.0059,0.7465,476.91,494.87,458.95,0.0102
2026-01-16,457.82117,461.1364,454.45618,455.80017,34246700,MSFT,482.48,478.92,482.44,0.007,0.7588,476.11,495.98,456.24,0.0104
2026-01-20,452.50488,454.77478,447.28812,449.2195,26130000,MSFT,481.45,479.29,481.27,-0.0116,0.7384,474.64,496.91,452.37,0.0097
2026-01-21,442.14102,450.683,436.7351,450.5934,37980500,MSFT,480.41,479.66,479.73,-0.0229,0.6985,472.56,498.69,446.43,0.0105
2026-01-22,449.13986,450.8323,442.72842,445.63544,25349400,MSFT,479.52,480.12,478.53,0.0158,0.7254,470.88,498.53,443.23,0.0114
2026-01-23,463.8842,469.01135,448.53253,449.8666,38000200,MSFT,478.74,480.67,477.96,0.0328,0.782,469.84,496.86,442.82,0.014
2026-01-26,468.195,472.1474,459.95172,463.24704,29291200,MSFT,478.0,481.25,477.58,0.0093,0.7986,468.95,494.89,443.01,0.0142
2026-01-27,478.4493,480.72916,471.06223,471.59985,29213900,MSFT,477.41,481.71,477.61,0.0219,0.8379,468.6,493.77,443.43,0.0151
2026-01-28,479.4947,481.5953,475.88077,481.06766,36875400,MSFT,477.0,482.22,477.69,0.0022,0.842,468.33,492.87,443.79,0.0151
2026-01-29,431.57806,440.53815,419.15338,438.03928,128855300,MSFT,475.49,482.46,475.88,-0.0999,0.658,465.64,493.84,437.44,0.0269
2026-01-30,428.38232,437.65103,424.55936,437.22296,58566800,MSFT,473.97,482.68,474.01,-0.0074,0.6457,462.98,494.68,431.28,0.0269
2026-02-02,421.49298,428.8303,420.37796,428.33252,42219900,MSFT,472.59,482.88,471.96,-0.0161,0.6192,460.52,496.97,424.07,0.0267
2026-02-03,409.38687,420.1788,406.74863,420.139,61424100,MSFT,471.09,483.08,469.5,-0.0287,0.5727,457.45,500.08,414.82,0.0272
2026-02-04,412.35367,417.93878,407.4256,409.1778,45012400,MSFT,469.81,483.32,467.26,0.0072,0.5841,454.25,500.37,408.13,0.027
2026-02-05,391.92465,406.48978,390.58063,405.6336,66289200,MSFT,468.25,483.5,464.31,-0.0495,0.5056,449.78,501.8,397.76,0.0283
2026-02-06,399.36154,400.00867,391.17798,397.40027,53515300,MSFT,466.8,483.68,461.76,0.019,0.5343,445.94,501.03,390.85,0.029
2026-02-09,411.7663,413.0506,399.0927,403.05508,45480500,MSFT,465.54,483.89,459.8,0.0311,0.582,442.68,497.73,387.63,0.0303
2026-02-10,411.43774,421.8016,410.8703,417.75958,44857900,MSFT,464.1,484.03,457.9,-0.0008,0.5807,439.49,494.01,384.97,0.0303
2026-02-11,402.5772,414.61362,399.23212,414.33484,42491000,MSFT,462.36,484.1,455.73,-0.0215,0.5467,436.19,491.28,381.1,0.0305
2026-02-12,400.0584,404.3991,396.2454,403.2044,40802400,MSFT,460.67,484.17,453.55,-0.0063,0.537,433.33,489.73,376.93,0.0302
2026-02-13,399.54074,403.74203,396.28522,402.65686,34091600,MSFT,458.9,484.21,451.43,-0.0013,0.535,430.57,487.96,373.18,0.0302
2026-02-17,395.1005,398.74426,392.78082,397.45004,32078800,MSFT,457.29,484.23,449.22,-0.0111,0.5179,427.44,485.42,369.46,0.0301
2026-02-18,397.82837,400.77524,394.56293,396.3649,23223400,MSFT,455.67,484.11,447.21,0.0069,0.5284,424.7,482.86,366.54,0.0302
2026-02-19,397.59885,403.55594,395.81274,399.82404,28234000,MSFT,454.0,483.95,445.26,-0.0006,0.5275,422.48,481.23,363.73,0.03
2026-02-20,396.37152,399.25525,394.306,395.2539,34015200,MSFT,452.15,483.77,443.34,-0.0031,0.5228,419.84,478.29,361.39,0.0296
2026-02-23,383.63907,394.50552,382.27203,394.1463,43238300,MSFT,450.03,483.54,441.0,-0.0321,0.4739,415.83,472.54,359.12,0.0287
2026-02-24,388.1593,388.51852,380.88504,383.3098,33884700,MSFT,448.26,483.34,438.93,0.0118,0.4913,411.83,464.1,359.56,0.0287
2026-02-25,399.73422,400.60233,389.31677,389.68597,43625500,MSFT,446.63,483.17,437.39,0.0298,0.5357,407.89,449.89,365.89,0.0292
2026-02-26,400.8518,406.6093,397.87823,403.83533,34405900,MSFT,445.12,483.0,435.96,0.0028,0.54,403.96,429.05,378.87,0.0293
2026-02-27,391.8912,395.9624,389.0374,390.03525,51367200,MSFT,443.5,482.73,434.23,-0.0224,0.5055,401.97,423.95,379.99,0.0203
2026-03-02,397.68863,400.32294,389.78577,392.01093,35474900,MSFT,441.97,482.5,432.8,0.0148,0.5278,400.44,418.61,382.27,0.0207
2026-03-03,403.057,405.82104,391.82135,392.29034,38199200,MSFT,440.55,482.27,431.63,0.0135,0.5484,399.52,414.84,384.2,0.0208
2026-03-04,404.32428,410.14166,399.44482,400.40274,35808000,MSFT,439.0,482.04,430.56,0.0031,0.5532,399.26,414.05,384.47,0.0199
2026-03-05,409.79242,410.7204,403.526,403.54596,39001300,MSFT,437.52,481.84,429.75,0.0135,0.5742,399.14,413.49,384.79,0.02
2026-03-06,408.07614,412.1573,407.62714,408.31564,31123900,MSFT,436.03,481.6,428.9,-0.0042,0.5676,399.94,414.4,385.48,0.0164
2026-03-09,408.52518,409.32343,402.62796,404.0449,30131900,MSFT,434.51,481.37,428.1,0.0011,0.5693,400.4,415.35,385.45,0.0159
2026-03-10,404.8831,409.3135,402.05917,409.14386,31706400,MSFT,432.89,481.15,427.19,-0.0089,0.5553,400.06,414.21,385.91,0.0144
2026-03-11,404.00497,408.12607,400.72208,404.69348,25512100,MSFT,431.26,480.92,426.28,-0.0022,0.5519,399.69,412.94,386.44,0.0144
2026-03-12,400.9915,405.24228,400.84183,403.75552,27263900,MSFT,429.58,480.69,425.29,-0.0075,0.5403,399.61,412.81,386.41,0.0137
2026-03-13,394.69513,403.92514,393.39795,400.13336,26848000,MSFT,427.77,480.38,424.09,-0.0157,0.5161,399.34,412.71,385.97,0.014
2026-03-16,399.08563,399.76416,393.93677,397.2097,27733700,MSFT,426.12,480.1,423.11,0.0111,0.5329,399.31,412.68,385.94,0.0143
2026-03-17,398.54678,403.526,396.89038,399.4049,26228300,MSFT,424.67,479.82,422.14,-0.0014,0.5308,399.49,412.72,386.26,0.014
2026-03-18,390.94327,397.13983,390.15497,396.27173,25908500,MSFT,423.08,479.49,420.92,-0.0191,0.5015,399.14,412.9,385.38,0.0146
2026-03-19,388.17923,391.64172,386.22348,389.25693,25138800,MSFT,421.31,479.14,419.64,-0.0071,0.4909,398.67,413.28,384.06,0.0147
2026-03-20,381.0447,386.16364,379.2985,385.9541,50853200,MSFT,419.31,478.75,418.12,-0.0184,0.4634,397.91,414.5,381.32,0.0152
2026-03-23,382.17227,386.37317,380.8551,383.0703,29680100,MSFT,417.43,478.36,416.71,0.003,0.4678,397.83,414.69,380.97,0.0134
2026-03-24,371.93442,381.6434,371.04636,381.53363,42733600,MSFT,415.32,477.9,414.96,-0.0268,0.4285,397.02,417.1,376.94,0.0144
2026-03-25,370.23813,376.24512,368.83118,376.10544,31181200,MSFT,413.23,477.42,413.2,-0.0046,0.4219,395.55,418.86,372.24,0.0123
2026-03-26,365.17908,373.91016,364.40076,370.01862,36836600,MSFT,411.16,476.9,411.32,-0.0137,0.4024,393.76,420.56,366.96,0.0123
2026-03-27,355.99893,361.6667,355.7395,361.11786,37883400,MSFT,409.13,476.34,409.15,-0.0251,0.3672,391.97,423.66,360.28,0.0126
2026-03-30,358.1842,364.57037,355.51,361.11786,44797000,MSFT,407.2,475.79,407.15,0.0061,0.3756,389.99,424.93,355.05,0.012
2026-03-31,369.37,372.0941,362.28534,363.76212,45244400,MSFT,405.44,475.26,405.67,0.0312,0.4185,388.31,423.85,352.77,0.0139
2026-04-01,368.57172,373.18173,367.40427,372.6828,29417200,MSFT,403.76,474.75,404.22,-0.0022,0.4154,386.52,422.26,350.78,0.0138
2026-04-02,372.65286,372.8325,363.36298,366.41638,24099100,MSFT,402.37,474.23,402.98,0.0111,0.4311,384.66,419.15,350.17,0.0137
2026-04-06,372.07413,372.9223,368.70142,372.6828,16146600,MSFT,400.83,473.72,401.77,-0.0016,0.4288,382.86,415.93,349.79,0.0137
2026-04-07,371.4854,371.64508,365.7678,369.5396,21443300,MSFT,398.98,473.2,400.58,-0.0016,0.4265,381.01,412.12,349.9,0.0136
2026-04-08,373.521,384.16794,370.60733,384.148,33064800,MSFT,397.08,472.7,399.52,0.0055,0.4344,379.44,408.58,350.3,0.0138
2026-04-09,372.26373,372.6928,366.2567,371.69495,30435300,MSFT,394.96,472.15,398.45,-0.0034,0.4295,377.86,404.74,350.98,0.0138
2026-04-10,370.06848,374.8282,369.2303,372.17395,28111100,MSFT,392.77,471.57,397.34,-0.0059,0.4211,376.31,401.06,351.56,0.0138
2026-04-13,383.5393,383.70895,370.21814,372.80255,35745800,MSFT,391.81,471.04,396.79,0.0364,0.4728,375.75,399.23,352.27,0.0161
2026-04-14,392.2604,393.837,385.68466,387.08167,37504500,MSFT,391.09,470.54,396.62,0.0227,0.5062,375.41,397.62,353.2,0.0168
2026-04-15,410.33127,413.47446,395.8726,397.13983,45063400,MSFT,390.87,470.13,397.15,0.0461,0.5756,376.0,401.22,350.78,0.0198
2026-04-16,419.35175,419.91052,411.2493,418.95258,41642400,MSFT,391.06,469.76,398.03,0.022,0.6103,377.42,408.66,346.18,0.0197
2026-04-17,421.87628,430.64728,419.78082,423.9019,48568200,MSFT,391.26,469.43,398.96,0.006,0.62,379.11,415.93,342.29,0.0195
2026-04-20,417.16647,422.41507,415.40027,420.2398,27582200,MSFT,391.76,469.08,399.67,-0.0112,0.6018,380.91,421.48,340.34,0.0191
2026-04-21,423.24332,426.25677,416.29837,419.3318,32048500,MSFT,392.24,468.72,400.6,0.0146,0.6252,382.97,427.75,338.19,0.0193
2026-04-22,431.98438,432.7627,422.75436,425.26892,29378200,MSFT,392.64,468.41,401.83,0.0207,0.6589,385.97,435.44,336.5,0.018
2026-04-23,414.85147,422.7444,410.52084,418.98254,38308000,MSFT,392.71,468.02,402.34,-0.0397,0.593,388.2,438.7,337.7,0.0207
2026-04-24,423.7023,424.03162,414.90137,416.06885,27457400,MSFT,393.13,467.64,403.18,0.0213,0.6269,391.12,442.77,339.47,0.0205
2026-04-27,423.9019,426.18692,416.16864,421.46716,30867300,MSFT,393.61,467.27,403.99,0.0005,0.6277,394.52,445.37,343.67,0.0191
2026-04-28,428.3223,428.99088,420.9882,423.6524,30438100,MSFT,394.19,466.92,404.94,0.0104,0.6447,398.03,448.0,348.06,0.0191
2026-04-29,423.54263,425.89755,419.38165,423.66238,38288300,MSFT,394.75,466.54,405.67,-0.0112,0.6263,400.74,450.04,351.44,0.0188
2026-04-30,406.8987,413.52438,397.14984,409.92215,70909400,MSFT,394.94,466.07,405.72,-0.0393,0.5623,402.65,449.61,355.69,0.0214
2026-05-01,413.5443,416.20853,409.55295,411.90784,31372400,MSFT,395.25,465.63,406.03,0.0163,0.5878,404.7,449.67,359.73,0.0215
2026-05-04,412.72607,419.8706,409.91217,410.65057,28066500,MSFT,395.58,465.15,406.29,-0.002,0.5846,406.73,449.1,364.36,0.0216
2026-05-05,410.49094,415.87927,407.9165,414.42242,25700900,MSFT,396.12,464.67,406.46,-0.0054,0.5761,408.68,447.67,369.69,0.0216
2026-05-06,413.06534,417.51572,404.23447,407.11823,30285900,MSFT,396.62,464.21,406.72,0.0063,0.586,410.66,445.98,375.34,0.0216
2026-05-07,419.86063,427.05505,417.85498,419.20206,34942400,MSFT,397.02,463.8,407.23,0.0165,0.6122,413.04,443.56,382.52,0.0217
2026-05-08,414.22284,417.72525,413.10526,416.48795,33383800,MSFT,397.29,463.36,407.51,-0.0134,0.5906,415.24,438.1,392.38,0.022
2026-05-11,411.76816,411.7981,404.62363,406.9885,35657900,MSFT,397.68,462.89,407.67,-0.0059,0.5812,416.66,434.12,399.2,0.0209
2026-05-12,406.8887,414.60202,405.76117,413.58423,38594200,MSFT,397.87,462.38,407.64,-0.0119,0.5624,417.39,431.44,403.34,0.0207
2026-05-13,404.33426,405.4319,400.1633,402.3286,29667100,MSFT,397.89,461.86,407.51,-0.0063,0.5525,417.09,432.01,402.17,0.0179
2026-05-14,408.54514,410.94992,400.0136,403.60587,27077500,MSFT,397.98,461.36,407.55,0.0104,0.5687,416.55,431.9,401.2,0.0173
2026-05-15,421.00815,427.24463,412.0176,413.37466,50771200,MSFT,398.2,460.91,408.08,0.0305,0.6165,416.5,431.79,401.21,0.0187
2026-05-18,422.62466,424.20123,414.7118,415.7196,32564100,MSFT,398.49,460.38,408.65,0.0038,0.6227,416.78,432.31,401.25,0.0185
2026-05-19,416.51788,431.76486,415.58987,428.9709,33018700,MSFT,398.65,459.86,408.96,-0.0144,0.5993,416.44,431.67,401.21,0.0185
2026-05-20,420.15,421.18774,410.41107,413.2749,27864000,MSFT,398.96,459.31,409.4,0.0087,0.6132,415.85,429.36,402.34,0.0179
2026-05-21,419.09,426.34,415.71,424.75,31393500,MSFT,399.26,458.79,409.78,-0.0025,0.6092,416.06,429.64,402.48,0.0155
2026-05-22,418.57,424.4,416.33,419.54,22390300,MSFT,399.61,458.27,410.12,-0.0012,0.6072,415.8,428.96,402.64,0.0147
2026-05-26,416.03,419.77,413.02,416.43,30398000,MSFT,400.04,457.77,410.35,-0.0061,0.5974,415.41,428.01,402.81,0.0148
2026-05-27,412.67,415.94,409.58,411.01,28901500,MSFT,400.31,457.24,410.45,-0.0081,0.5845,414.63,425.7,403.56,0.0146
2026-05-28,426.99,429.49,412.67,412.98,47250500,MSFT,400.88,456.79,411.09,0.0347,0.6395,414.8,426.54,403.06,0.0165
2026-05-29,450.24,450.33,432.36,432.55,79654400,MSFT,402.06,456.42,412.63,0.0545,0.7288,416.97,436.19,397.75,0.0179
2026-06-01,460.52,466.32,458.27,464.84,53628900,MSFT,403.51,456.14,414.51,0.0228,0.7683,419.32,446.58,392.06,0.0182
2026-06-02,441.31,453.5,440.43,446.88,37036800,MSFT,404.72,455.75,415.56,-0.0417,0.6945,420.74,449.5,391.98,0.021
2026-06-03,427.34,440.39,424.25,438.45,39037000,MSFT,405.62,455.31,416.02,-0.0317,0.6408,421.59,450.07,393.11,0.0223
2026-06-04,428.05,436.15,426.41,435.81,26899500,MSFT,406.74,454.88,416.49,0.0017,0.6436,422.34,450.66,394.02,0.0223
2026-06-05,416.67,429.47,414.4,428.34,34782200,MSFT,407.67,454.44,416.5,-0.0266,0.5999,422.18,450.6,393.76,0.0229
2026-06-08,411.74,417.16,408.56,414.14,32086700,MSFT,408.6,453.99,416.31,-0.0118,0.581,422.05,450.64,393.46,0.0229
2026-06-09,403.41,411.98,398.48,409.03,35317300,MSFT,409.55,453.5,415.81,-0.0202,0.5491,421.63,451.08,392.18,0.0233
2026-06-10,397.36,405.04,397.16,398.55,32576000,MSFT,410.33,452.97,415.08,-0.015,0.5258,421.16,451.9,390.42,0.0234
2026-06-11,390.34,396.85,384.0,395.21,47224100,MSFT,410.75,452.41,414.11,-0.0177,0.4988,420.46,453.37,387.55,0.0237
2026-06-12,390.74,391.74,382.27,391.43,34865800,MSFT,411.2,451.87,413.2,0.001,0.5003,419.57,454.72,384.42,0.0235
2026-06-15,399.76,401.75,392.85,396.8,32266400,MSFT,411.74,451.35,412.67,0.0231,0.535,418.51,454.75,382.27,0.023
2026-06-16,393.83,396.84,390.69,395.79,31506800,MSFT,412.17,450.79,411.93,-0.0148,0.5122,417.07,454.87,379.27,0.0231
2026-06-17,378.91,390.37,377.32,390.25,41987800,MSFT,412.32,450.17,410.64,-0.0379,0.4549,415.19,456.67,373.71,0.0243
2026-06-18,379.4,381.37,373.28,377.82,59714200,MSFT,412.44,449.56,409.41,0.0013,0.4568,413.15,457.51,368.79,0.0241
2026-06-22,367.34,381.63,367.07,375.74,45171100,MSFT,412.34,448.88,407.76,-0.0318,0.4105,410.56,459.28,361.84,0.0249
2026-06-23,373.94,377.22,370.67,372.38,40647600,MSFT,412.42,448.23,406.43,0.018,0.4359,408.33,459.53,357.13,0.0254
2026-06-24,365.46,378.88,364.78,371.57,44509900,MSFT,412.06,447.59,404.83,-0.0227,0.4033,405.8,460.29,351.31,0.0257
2026-06-25,352.83,364.23,349.2,362.77,66179000,MSFT,411.27,446.88,402.79,-0.0346,0.3547,402.81,462.07,343.55,0.0265
2026-06-26,372.97,376.61,355.43,357.15,186201600,MSFT,410.52,446.27,401.62,0.0571,0.4321,400.11,459.66,340.56,0.0288
2026-06-29,368.57,380.5,359.9,377.5,51014000,MSFT,409.51,445.63,400.32,-0.0118,0.4152,396.02,452.2,339.84,0.025
2021-06-30,400.07812,400.75107,399.25565,399.2837,64827900,SPY,,,400.08,,,,,,
2021-07-01,402.2931,402.452,400.76965,400.83508,53441000,SPY,,,401.21,0.0055,0.0055,,,,
2021-07-02,405.368,405.72318,402.37717,403.45203,57697700,SPY,,,402.65,0.0076,0.0131,,,,
2021-07-06,404.62967,405.6391,401.90057,405.4241,68710400,SPY,,,403.18,-0.0018,0.0113,,,,
2021-07-07,406.05966,406.34006,403.30252,405.31198,63549500,SPY,,,403.8,0.0035,0.0149,,,,
2021-07-08,402.7511,403.50815,399.57333,400.75098,97595200,SPY,,,403.61,-0.0081,0.0066,,,,
2021-07-09,407.05026,407.34937,402.5547,404.25574,76238600,SPY,,,404.16,0.0107,0.0174,,,,
2021-07-12,408.5084,408.76077,406.53635,406.96625,52889600,SPY,,,404.78,0.0036,0.0211,,,,
2021-07-13,407.1158,409.21872,406.85413,407.72333,52911300,SPY,,,405.08,-0.0034,0.0176,,,,
2021-07-14,407.72324,409.29343,406.4802,408.8074,64130400,SPY,,,405.4,0.0015,0.0191,,,,
2021-07-15,406.33063,407.05963,404.43332,406.3867,55126400,SPY,,,405.5,-0.0034,0.0157,,,,
2021-07-16,403.1436,407.55505,402.75107,407.50833,75874700,SPY,,,405.26,-0.0078,0.0077,,,,
2021-07-19,397.18997,403.20898,394.38608,398.33023,147987000,SPY,,,404.48,-0.0148,-0.0072,,,,
2021-07-20,402.8819,404.153,397.05914,397.85358,99608200,SPY,,,404.33,0.0143,0.007,,,,
2021-07-21,406.14374,406.28397,402.83517,404.07822,64724400,SPY,,,404.49,0.0081,0.0152,,,,
2021-07-22,406.99423,407.23724,405.33994,406.3213,47878500,SPY,,,404.7,0.0021,0.0173,,,,
2021-07-23,411.18143,411.51788,408.23734,408.91962,63766600,SPY,,,405.21,0.0103,0.0278,,,,
2021-07-26,412.1908,412.20016,410.54587,410.5926,43719200,SPY,,,405.75,0.0025,0.0304,,,,
2021-07-27,410.31226,411.18146,407.48965,411.1534,67397100,SPY,,,406.08,-0.0046,0.0256,,,,
2021-07-28,410.144,411.5179,408.7234,410.93845,52472400,SPY,,,406.37,-0.0004,0.0252,405.9,413.45,398.35,
2021-07-29,411.84497,412.9198,411.05988,411.06924,47435300,SPY,,,406.75,0.0041,0.0294,406.49,413.96,399.02,0.0072
2021-07-30,409.84494,411.2936,409.1533,409.28415,68951200,SPY,,,406.96,-0.0049,0.0244,406.87,414.21,399.53,0.0073
2021-08-02,408.9851,412.10678,408.62994,411.55533,58783300,SPY,,,407.09,-0.0021,0.0222,407.05,414.41,399.69,0.0071
2021-08-03,412.31238,412.4339,407.5925,409.77954,58053900,SPY,,,407.42,0.0081,0.0305,407.44,415.07,399.81,0.0073
2021-08-04,410.28424,412.28433,410.0506,411.03192,46732200,SPY,,,407.6,-0.0049,0.0254,407.65,415.35,399.95,0.0074
2021-08-05,412.88254,412.96664,411.12543,411.4432,38969700,SPY,,,407.92,0.0063,0.0319,408.15,415.83,400.47,0.0072
2021-08-06,413.5648,413.98538,412.9199,413.2003,46930000,SPY,,,408.25,0.0017,0.0337,408.48,416.5,400.46,0.0068
2021-08-09,413.22827,413.85446,412.46185,413.53668,41222600,SPY,,,408.54,-0.0008,0.0328,408.71,417.01,400.41,0.0068
2021-08-10,413.74237,414.4527,412.9947,413.67694,43339300,SPY,,,408.84,0.0012,0.0341,409.05,417.61,400.49,0.0068
2021-08-11,414.7704,414.86386,413.68622,414.80777,44034300,SPY,,,409.17,0.0025,0.0367,409.4,418.3,400.5,0.0068
2021-08-12,416.01343,416.15366,413.7236,414.62085,38909400,SPY,,,409.55,0.003,0.0398,409.88,419.12,400.64,0.0067
2021-08-13,416.77057,416.78925,415.97614,416.46213,39470300,SPY,,,409.94,0.0018,0.0416,410.56,419.72,401.4,0.0064
2021-08-16,417.75186,417.8827,413.91986,415.47137,73740000,SPY,,,410.36,0.0024,0.0441,411.59,418.85,404.33,0.005
2021-08-17,415.0134,415.87323,412.03192,415.20032,92673900,SPY,,,410.61,-0.0066,0.0372,412.2,418.34,406.06,0.0046
2021-08-18,410.47113,415.56488,410.22815,414.00403,89351900,SPY,,,410.6,-0.0109,0.0259,412.42,417.93,406.91,0.0051
2021-08-19,411.1066,412.30295,407.61108,407.75128,92812200,SPY,,,410.63,0.0015,0.0275,412.62,417.56,407.68,0.0051
2021-08-20,414.37784,414.70496,410.96643,411.45245,72008700,SPY,,,410.82,0.008,0.0357,412.78,417.73,407.83,0.0049
2021-08-23,418.02298,418.92957,414.4527,416.06024,54973000,SPY,,,411.18,0.0088,0.0448,413.07,418.53,407.61,0.0052
2021-08-24,418.68652,419.21927,418.1725,418.68652,38744700,SPY,,,411.55,0.0016,0.0465,413.49,419.33,407.65,0.0051
2021-08-25,419.56506,420.0791,418.49957,418.87344,40529700,SPY,,,411.94,0.0021,0.0487,413.96,420.17,407.75,0.0051
2021-08-26,417.08838,419.5184,416.9949,419.28473,57829600,SPY,,,412.19,-0.0059,0.0425,414.22,420.5,407.94,0.0053
2021-08-27,420.8175,421.19135,417.83603,417.89212,77235100,SPY,,,412.61,0.0089,0.0518,414.77,421.35,408.19,0.0054
2021-08-30,422.66803,423.45312,421.24738,421.4904,48357400,SPY,,,413.09,0.0044,0.0564,415.46,422.34,408.58,0.0054
2021-08-31,422.04187,422.91107,421.44373,422.57462,59300200,SPY,,,413.51,-0.0015,0.0548,415.94,423.25,408.63,0.0052
2021-09-01,422.26617,423.49054,422.03253,422.9765,48721400,SPY,,,413.93,0.0005,0.0553,416.54,423.86,409.22,0.005
2021-09-02,423.56528,424.36905,422.36896,423.6868,42501000,SPY,,,414.37,0.0031,0.0586,417.08,424.82,409.34,0.0049
2021-09-03,423.46243,423.9765,422.03244,422.43436,47170500,SPY,,,414.8,-0.0002,0.0584,417.57,425.63,409.51,0.0049
2021-09-07,421.94836,423.2101,421.27542,423.11664,51671500,SPY,,,415.12,-0.0036,0.0546,418.01,426.02,410.0,0.005
2021-09-08,421.43427,422.1446,419.51825,421.4156,56181900,SPY,,,415.41,-0.0012,0.0533,418.39,426.28,410.5,0.005
2021-09-09,419.63052,422.98584,419.3875,421.2381,57970400,SPY,412.25,,415.6,-0.0043,0.0488,418.64,426.35,410.93,0.0051
2021-09-10,416.32193,421.97644,416.2004,421.55588,89948200,SPY,412.57,,415.64,-0.0079,0.0405,418.65,426.34,410.96,0.0054
2021-09-13,417.38736,419.57443,415.07883,419.3127,83738600,SPY,412.87,,415.71,0.0026,0.0432,418.68,426.35,411.01,0.0055
2021-09-14,415.1349,419.0323,414.24698,418.82666,78197100,SPY,413.07,,415.69,-0.0054,0.0376,418.55,426.37,410.73,0.0056
2021-09-15,418.60248,419.09784,414.45273,415.55557,78792200,SPY,413.35,,415.82,0.0084,0.0463,418.73,426.37,411.09,0.0057
2021-09-16,417.93884,419.05103,414.99472,418.07904,77786700,SPY,413.58,,415.91,-0.0016,0.0446,419.1,425.7,412.5,0.005
2021-09-17,413.86768,417.59006,413.51138,417.16812,118425000,SPY,413.81,,415.82,-0.0097,0.0345,419.24,425.22,413.26,0.0056
2021-09-20,406.96677,409.32956,402.10983,407.75436,166445500,SPY,413.8,,415.43,-0.0167,0.0172,418.87,426.74,411.0,0.0065
2021-09-21,406.58234,410.59537,406.05728,409.30145,92526100,SPY,413.77,,415.05,-0.0009,0.0163,418.3,427.9,408.7,0.006
2021-09-22,410.5485,412.58316,406.69485,408.85138,102350100,SPY,413.83,,414.85,0.0098,0.0263,417.89,428.09,407.69,0.0065
2021-09-23,415.53668,417.14005,412.18,412.4144,76396000,SPY,413.99,,414.88,0.0122,0.0388,417.69,427.91,407.47,0.0071
2021-09-24,416.22113,416.93375,413.68954,413.90518,62094800,SPY,414.19,,414.94,0.0016,0.0404,417.65,427.89,407.41,0.007
2021-09-27,415.03033,416.35236,414.3365,415.18973,61371100,SPY,414.43,,414.95,-0.0029,0.0374,417.36,427.55,407.17,0.0067
2021-09-28,406.6667,412.59247,405.93533,412.2643,130436300,SPY,414.62,,414.59,-0.0202,0.0165,416.56,427.48,405.64,0.0079
2021-09-29,407.35114,409.77957,406.78854,408.04498,82329200,SPY,414.71,,414.28,0.0017,0.0182,415.82,427.16,404.48,0.0079
2021-09-30,402.37234,409.5264,402.0348,408.82318,140506000,SPY,414.63,,413.78,-0.0122,0.0058,414.83,427.23,402.43,0.0082
2021-10-01,407.15424,408.83258,400.5815,404.0976,129240100,SPY,414.63,,413.5,0.0119,0.0177,414.01,426.14,401.88,0.0088
2021-10-04,401.90353,406.89166,399.76572,405.99158,128570000,SPY,414.45,,413.01,-0.0129,0.0046,412.93,425.35,400.51,0.0091
2021-10-05,406.08536,408.32626,402.60678,403.40375,90682500,SPY,414.33,,412.72,0.0104,0.0151,412.14,424.16,400.12,0.0095
2021-10-06,407.77304,407.9793,400.87213,402.4942,113032200,SPY,414.28,,412.51,0.0042,0.0193,411.45,422.78,400.12,0.0096
2021-10-07,411.29858,414.1302,410.86728,411.04544,72437500,SPY,414.3,,412.46,0.0086,0.0281,411.04,421.69,400.39,0.0099
2021-10-08,410.5485,412.4519,409.9203,412.06747,74557400,SPY,414.27,,412.38,-0.0018,0.0262,410.75,421.11,400.39,0.0097
2021-10-11,407.57617,412.79874,407.51053,409.89212,65233300,SPY,414.23,,412.18,-0.0072,0.0189,410.26,420.22,400.3,0.0098
2021-10-12,406.57297,408.8983,405.78537,408.49512,71181200,SPY,414.18,,411.95,-0.0025,0.0163,409.83,419.64,400.02,0.0098
2021-10-13,408.03558,408.85132,404.62265,407.5949,72974000,SPY,414.09,,411.79,0.0036,0.02,409.3,418.22,400.38,0.0096
2021-10-14,414.89908,415.0491,411.22357,411.69238,70236800,SPY,414.19,,411.92,0.0168,0.0371,409.15,417.54,400.76,0.0104
2021-10-15,418.05893,418.42462,416.38995,417.0088,66260200,SPY,414.29,,412.17,0.0076,0.045,409.36,418.42,400.3,0.0103
2021-10-18,419.2965,419.63403,415.621,416.27734,62213200,SPY,414.4,,412.46,0.003,0.0481,409.98,419.99,399.97,0.0095
2021-10-19,422.5314,422.59702,420.3092,420.9187,46996800,SPY,414.59,,412.88,0.0077,0.0562,410.77,422.09,399.45,0.0095
2021-10-20,424.19086,424.4909,422.87817,422.9907,49571600,SPY,414.8,,413.34,0.0039,0.0603,411.46,424.27,398.65,0.0094
2021-10-21,425.29736,425.52237,423.15958,423.59088,41305400,SPY,415.01,,413.83,0.0026,0.0631,411.94,426.08,397.8,0.009
2021-10-22,424.8566,426.30994,422.9157,424.866,58845100,SPY,415.19,,414.28,-0.001,0.062,412.37,427.55,397.19,0.0091
2021-10-25,427.13504,427.46323,424.17218,425.94427,45214500,SPY,415.39,,414.8,0.0054,0.0677,412.98,429.51,396.45,0.0091
2021-10-26,427.5195,429.8917,427.14447,428.6822,56075100,SPY,415.59,,415.32,0.0009,0.0687,414.02,431.48,396.56,0.0075
2021-10-27,425.62552,428.64468,425.5505,427.97897,72438000,SPY,415.8,,415.74,-0.0044,0.064,414.94,432.84,397.04,0.0077
2021-10-28,429.73227,429.80728,427.0413,427.05066,51437900,SPY,416.19,,416.31,0.0096,0.0742,416.3,434.34,398.26,0.007
2021-10-29,430.6043,430.89496,427.14447,427.43512,70162400,SPY,416.58,,416.89,0.002,0.0764,417.48,436.05,398.91,0.0067
2021-11-01,431.34503,431.96387,429.6198,431.5888,48433600,SPY,416.92,,417.47,0.0017,0.0782,418.95,436.98,400.92,0.0056
2021-11-02,433.08896,433.39838,431.38248,431.51376,48908400,SPY,417.22,,418.1,0.004,0.0825,420.3,438.32,402.28,0.0054
2021-11-03,435.73315,436.13632,432.0858,432.52646,52509800,SPY,417.56,,418.81,0.0061,0.0891,421.7,439.97,403.43,0.0054
2021-11-04,437.78653,437.8709,435.98627,436.3332,52847100,SPY,417.92,,419.58,0.0047,0.0942,423.02,441.94,404.1,0.0053
2021-11-05,439.30542,441.29318,437.79587,440.00864,66390600,SPY,418.37,,420.37,0.0035,0.0981,424.46,443.76,405.16,0.0052
2021-11-08,439.68045,440.89938,438.996,440.40244,50405200,SPY,418.74,,421.15,0.0009,0.099,426.06,444.78,407.34,0.0046
2021-11-09,438.2272,440.2806,436.82077,440.0462,51149100,SPY,419.05,,421.84,-0.0033,0.0954,427.65,444.71,410.59,0.0046
2021-11-10,434.70166,438.22714,433.2202,436.5394,69429700,SPY,419.31,,422.35,-0.008,0.0867,428.98,443.57,414.39,0.0053
2021-11-11,434.84225,436.26746,434.82352,436.19244,34848500,SPY,419.56,,422.85,0.0003,0.087,429.98,443.18,416.78,0.0043
2021-11-12,438.12402,438.67722,435.16113,436.10812,53466700,SPY,419.85,,423.47,0.0075,0.0951,430.98,443.39,418.57,0.0043
2021-11-15,438.27405,439.56796,437.14893,439.4086,46980500,SPY,420.15,,424.06,0.0003,0.0955,431.93,443.45,420.41,0.0043
2021-11-16,440.00873,441.14325,437.93658,438.0116,48857500,SPY,420.51,,424.7,0.004,0.0998,432.8,443.96,421.64,0.0041
2021-11-17,438.9398,439.9243,438.32095,439.74612,47858300,SPY,420.86,,425.27,-0.0024,0.0972,433.54,444.25,422.83,0.0042
2021-11-18,440.4306,440.69315,437.25204,439.97116,50625600,SPY,421.27,,425.87,0.0034,0.1009,434.3,444.69,423.91,0.0042
2021-11-19,439.64294,441.56506,439.27725,440.318,57315600,SPY,421.74,,426.42,-0.0018,0.099,435.04,444.68,425.4,0.0043
2021-11-22,438.40527,444.0029,438.199,441.5182,72762000,SPY,422.16,,426.9,-0.0028,0.0959,435.6,444.59,426.61,0.0043
2021-11-23,438.98663,439.83987,435.47992,438.07715,73206500,SPY,422.64,,427.38,0.0013,0.0973,436.17,444.42,427.92,0.0043
2021-11-24,440.15866,440.28055,436.17377,436.98947,61858800,SPY,423.07,,427.89,0.0027,0.1003,436.9,443.66,430.14,0.0041
2021-11-26,430.34174,434.96423,429.21658,433.50153,112669600,SPY,423.32,,427.99,-0.0223,0.0757,436.93,443.56,430.3,0.0064
2021-11-29,435.62057,437.4583,432.9296,435.12363,86268800,SPY,423.75,,428.29,0.0123,0.089,437.18,443.15,431.21,0.0069
2021-11-30,427.14444,435.08612,426.90063,433.18274,148559600,SPY,424.16,,428.25,-0.0195,0.0677,436.97,444.01,429.93,0.0083
2021-12-01,422.4001,435.68625,422.2032,432.84525,131939200,SPY,424.47,,428.01,-0.0111,0.0559,436.44,445.92,426.96,0.0085
2021-12-02,428.8697,430.43555,422.22192,422.61575,127637800,SPY,424.84,,428.05,0.0153,0.072,436.09,446.15,426.03,0.0092
2021-12-03,425.13797,431.5888,420.91867,430.52933,137331600,SPY,425.03,,427.93,-0.0087,0.0627,435.46,446.61,424.31,0.0092
2021-12-06,430.17294,432.0482,425.26917,427.67886,98977500,SPY,425.31,,428.02,0.0118,0.0752,435.01,446.24,423.78,0.0096
2021-12-07,439.07098,439.63358,430.04166,435.44238,95484700,SPY,425.79,,428.46,0.0207,0.0975,434.98,446.16,423.8,0.0108
2021-12-08,440.23367,440.68375,437.71146,439.46484,72238800,SPY,426.46,,428.93,0.0026,0.1004,435.08,446.42,423.74,0.0108
2021-12-09,437.2614,440.33682,437.0645,438.94913,61272600,SPY,427.06,,429.26,-0.0068,0.0929,435.2,446.58,423.82,0.0107
2021-12-10,441.3775,441.52753,437.41138,439.9617,77159800,SPY,427.84,,429.74,0.0094,0.1031,435.53,447.24,423.82,0.0109
2021-12-13,437.46765,441.20877,437.18634,440.86185,87724700,SPY,428.45,,430.04,-0.0089,0.0933,435.5,447.18,423.82,0.011
2021-12-14,434.45798,436.68954,431.54196,434.20483,97264100,SPY,429.1,,430.22,-0.0069,0.0858,435.31,446.92,423.7,0.0111
2021-12-15,441.2463,441.49008,432.0013,434.51416,116899300,SPY,429.8,,430.65,0.0156,0.1027,435.37,447.1,423.64,0.0116
2021-12-16,437.3552,443.37473,435.80807,443.09344,116568600,SPY,430.39,,430.92,-0.0088,0.093,435.29,446.94,423.64,0.0118
2021-12-17,432.70047,437.28275,430.9974,434.28122,135511600,SPY,430.82,,430.99,-0.0106,0.0814,434.9,446.34,423.46,0.012
2021-12-20,428.0994,428.49457,424.48627,427.62894,107134800,SPY,431.17,,430.88,-0.0106,0.07,434.33,445.93,422.73,0.0122
2021-12-21,435.702,435.84314,429.3508,431.5149,69806300,SPY,431.73,,431.07,0.0178,0.089,434.19,445.65,422.73,0.0129
2021-12-22,440.05844,440.17136,435.25034,435.44794,58890200,SPY,432.4,,431.42,0.01,0.0999,434.24,445.81,422.67,0.0131
2021-12-23,442.79654,444.2926,440.95233,441.05585,56439700,SPY,433.1,,431.87,0.0062,0.1067,434.38,446.29,422.47,0.0132
2021-12-27,449.06302,449.11005,444.1232,444.17023,56808600,SPY,433.78,,432.55,0.0142,0.1224,435.31,448.73,421.89,0.0124
2021-12-28,448.69614,450.5215,447.934,449.4959,47274600,SPY,434.39,,433.19,-0.0008,0.1215,435.97,450.67,421.27,0.0121
2021-12-29,449.27008,450.28625,447.80225,448.79962,54503000,SPY,434.99,,433.82,0.0013,0.123,437.07,452.29,421.85,0.0111
2021-12-30,448.02808,450.7003,447.56705,449.69348,55329000,SPY,435.5,,434.38,-0.0028,0.1199,438.35,452.66,424.04,0.0107
2021-12-31,446.89886,448.6866,446.626,447.5387,65237400,SPY,435.96,,434.88,-0.0025,0.1171,439.25,453.31,425.19,0.0104
2022-01-03,449.48645,449.6182,445.85452,448.15976,72668200,SPY,436.44,,435.45,0.0058,0.1235,440.47,453.57,427.37,0.0101
2022-01-04,449.3359,451.62238,447.4823,450.90726,71178700,SPY,436.93,,436.0,-0.0003,0.1232,441.43,454.16,428.7,0.0099
2022-01-05,440.7077,449.74054,440.61362,448.96896,104538900,SPY,437.2,,436.18,-0.0192,0.1016,441.51,454.19,428.83,0.01
2022-01-06,440.29367,443.0035,437.93195,440.24664,86858900,SPY,437.46,,436.35,-0.0009,0.1006,441.52,454.2,428.84,0.01
2022-01-07,438.55295,441.47922,437.19803,440.30307,85111600,SPY,437.72,,436.43,-0.004,0.0962,441.58,454.18,428.98,0.0099
2022-01-10,438.00726,438.22366,429.62366,435.36328,119362000,SPY,437.88,,436.5,-0.0012,0.0949,441.41,454.11,428.71,0.0096
2022-01-11,441.99673,442.09082,434.75165,437.7438,74303100,SPY,438.11,,436.71,0.0091,0.1049,441.64,454.21,429.07,0.0096
2022-01-12,443.1917,445.24295,441.23462,443.72803,67605400,SPY,438.35,,436.97,0.0027,0.1079,442.07,454.19,429.95,0.0095
2022-01-13,437.08517,444.94186,436.05957,444.29263,91173100,SPY,438.43,,436.97,-0.0138,0.0926,441.87,454.19,429.55,0.0094
2022-01-14,437.2639,437.61203,432.72864,433.94244,95890900,SPY,438.46,,436.98,0.0004,0.093,441.86,454.19,429.53,0.0092
2022-01-18,429.5202,432.7852,428.4099,432.5782,109709100,SPY,438.29,,436.69,-0.0177,0.0737,441.7,454.59,428.81,0.0097
2022-01-19,425.06018,432.45578,424.7873,431.06326,109357600,SPY,438.01,,436.23,-0.0104,0.0625,441.55,455.17,427.93,0.0097
2022-01-20,420.35556,431.63718,418.2385,426.942,122379700,SPY,437.62,,435.61,-0.0111,0.0507,440.78,457.22,424.34,0.009
2022-01-21,412.10382,421.5883,412.0756,419.23596,202271200,SPY,437.1,,434.68,-0.0196,0.0301,439.39,460.25,418.53,0.0094
2022-01-24,413.85388,414.362,395.90115,406.5053,251783900,SPY,436.68,,433.86,0.0042,0.0344,437.94,461.63,414.25,0.0093
2022-01-25,408.80112,413.74094,401.91357,407.47443,167997300,SPY,436.16,,432.88,-0.0122,0.0218,435.93,462.33,409.53,0.0085
2022-01-26,407.77557,417.8058,403.5226,414.68192,186391100,SPY,435.55,,431.89,-0.0025,0.0193,433.88,462.37,405.39,0.0085
2022-01-27,405.76196,415.5005,404.07773,412.36725,149878300,SPY,434.9,,430.86,-0.0049,0.0143,431.7,461.84,401.56,0.0084
2022-01-28,415.83923,415.88626,402.54404,407.11688,164457400,SPY,434.42,,430.27,0.0248,0.0394,430.09,459.99,400.19,0.0107
2022-01-31,423.32898,423.67712,413.82568,415.1712,152251400,SPY,434.11,,430.0,0.018,0.0581,428.92,457.88,399.96,0.0118
2022-02-01,426.18933,426.82916,420.5344,424.05344,123155400,SPY,433.82,,429.85,0.0068,0.0653,427.75,455.05,400.45,0.0118
2022-02-02,430.3293,431.0538,426.28336,428.58862,117361000,SPY,433.64,,429.87,0.0097,0.0757,426.8,452.19,401.41,0.0121
2022-02-03,420.21445,426.2081,419.377,424.30746,118024400,SPY,433.27,,429.49,-0.0235,0.0504,425.78,450.46,401.1,0.0125
2022-02-04,422.19046,426.0294,417.60815,419.9793,118454400,SPY,432.94,,429.2,0.0047,0.0553,424.87,448.61,401.13,0.0126
2022-02-07,420.83554,424.34515,419.50885,422.9526,84472900,SPY,432.55,,428.87,-0.0032,0.0519,423.99,446.89,401.09,0.0126
2022-02-08,424.29807,425.22018,418.91602,420.3368,81012000,SPY,432.43,,428.69,0.0082,0.0606,423.3,445.23,401.37,0.0128
2022-02-09,430.50812,430.82803,428.1276,428.32516,92589900,SPY,432.33,,428.76,0.0146,0.0761,422.73,443.15,402.31,0.0131
2022-02-10,422.77368,430.66797,420.77893,424.67432,140103700,SPY,432.24,,428.53,-0.018,0.0567,421.7,439.71,403.69,0.0135
2022-02-11,414.43726,424.9285,413.00708,422.8585,153214600,SPY,432.08,,427.98,-0.0197,0.0359,420.57,437.32,403.82,0.0139
2022-02-14,413.08228,415.50986,409.6197,413.92914,123006300,SPY,431.77,,427.39,-0.0033,0.0325,419.36,434.44,404.28,0.0138
2022-02-15,419.74405,419.91342,416.99655,417.51407,88482700,SPY,431.66,,427.09,0.0161,0.0491,418.87,433.18,404.56,0.014
2022-02-16,420.21445,421.5882,415.82977,417.70218,84863600,SPY,431.46,,426.82,0.0011,0.0502,418.63,432.66,404.6,0.0138
2022-02-17,411.23816,420.1863,410.636,417.0342,102259100,SPY,430.9,,426.21,-0.0214,0.0278,418.18,432.56,403.8,0.0144
2022-02-18,408.57535,412.74362,406.30774,411.4922,132642900,SPY,430.27,,425.52,-0.0065,0.0211,418.0,432.78,403.22,0.0138
2022-02-22,404.1906,409.77026,400.69977,406.37357,124391800,SPY,429.61,,424.68,-0.0107,0.0101,417.52,433.45,401.59,0.014
2022-02-23,397.02075,407.66254,396.4562,407.098,132578000,SPY,428.72,,423.59,-0.0177,-0.0077,416.93,434.95,398.91,0.0142
2022-02-24,402.9956,403.42844,386.379,386.7365,213942900,SPY,428.03,,422.78,0.015,0.0072,416.69,435.34,398.04,0.0147
2022-02-25,411.88736,411.97205,402.58167,404.22827,121804500,SPY,427.58,,422.36,0.0221,0.0294,416.99,435.08,398.9,0.0155
2022-02-28,410.83347,412.31073,405.2538,406.50522,145615000,SPY,426.97,,421.9,-0.0026,0.0267,416.74,435.03,398.45,0.0144
2022-03-01,404.57642,411.3416,401.87595,409.33746,137785900,SPY,426.32,,421.22,-0.0152,0.0111,415.81,434.6,397.02,0.0141
2022-03-02,412.01904,413.7409,406.07242,406.82516,117726500,SPY,425.9,,420.86,0.0184,0.0297,415.1,433.3,396.9,0.0147
2022-03-03,409.9679,415.04886,408.17075,414.4467,105501700,SPY,425.54,,420.43,-0.005,0.0246,414.08,430.92,397.24,0.0145
2022-03-04,406.63702,407.7661,402.60046,406.24182,113978200,SPY,424.96,,419.89,-0.0081,0.0163,413.4,430.29,396.51,0.0137
2022-03-07,394.6497,406.7593,394.58383,406.05362,137896600,SPY,424.05,,418.9,-0.0295,-0.0137,412.02,430.33,393.71,0.0149
2022-03-08,391.65753,401.97,390.5943,394.82843,164772700,SPY,423.03,,417.83,-0.0076,-0.0212,410.57,430.5,390.64,0.015
2022-03-09,402.1582,404.13412,397.8394,400.02234,116990800,SPY,422.09,,417.22,0.0268,0.005,409.46,428.62,390.3,0.0163
2022-03-10,400.3423,401.23615,395.60004,397.55713,93972700,SPY,421.12,,416.55,-0.0045,0.0005,407.95,424.74,391.16,0.0157
2022-03-11,395.25195,403.43793,394.74384,402.82635,95636300,SPY,420.04,,415.72,-0.0127,-0.0122,406.57,422.74,390.4,0.0155
2022-03-14,392.36328,399.46722,391.22476,396.02347,95729200,SPY,418.93,,414.8,-0.0073,-0.0194,405.47,422.38,388.56,0.0151
2022-03-15,400.99146,401.62186,393.69934,394.96954,106219100,SPY,418.01,,414.26,0.022,0.0022,404.87,421.49,388.25,0.0161
2022-03-16,409.8832,409.93967,399.70245,404.49176,144954800,SPY,417.22,,414.09,0.0222,0.0244,404.37,419.67,389.07,0.0165
2022-03-17,415.0112,415.0112,407.59674,407.9731,102676900,SPY,416.53,,414.12,0.0125,0.0372,404.11,418.42,389.8,0.0167
2022-03-18,419.55673,419.87762,412.6667,413.4029,106345500,SPY,416.11,,414.34,0.011,0.0486,404.53,420.13,388.93,0.0162
2022-03-21,419.43396,421.3877,415.93228,419.38675,88349800,SPY,415.69,,414.54,-0.0003,0.0483,405.07,421.97,388.17,0.0161
2022-03-22,424.34198,425.27637,420.82144,420.82144,74650400,SPY,415.41,,414.92,0.0117,0.0606,406.08,425.04,387.12,0.016
2022-03-23,418.87714,423.30377,418.7922,421.8125,79426100,SPY,415.02,,415.08,-0.0129,0.0469,407.17,426.44,387.9,0.0157
2022-03-24,425.19144,425.2009,419.78323,420.89697,64736900,SPY,414.69,,415.47,0.0151,0.0627,408.28,429.04,387.52,0.0157
2022-03-25,427.26788,427.5416,423.2471,425.8238,77101300,SPY,414.37,,415.94,0.0049,0.0679,409.05,431.45,386.65,0.015
2022-03-28,430.3071,430.3071,424.7856,426.6733,68529800,SPY,414.23,,416.5,0.0071,0.0755,410.02,434.35,385.69,0.015
2022-03-29,435.63034,436.12115,431.50577,434.18625,86581500,SPY,414.2,,417.25,0.0124,0.0888,411.58,438.3,384.86,0.0146
2022-03-30,432.94043,435.30005,430.83566,434.4883,79666900,SPY,414.27,,417.87,-0.0062,0.0821,412.62,441.0,384.24,0.0143
2022-03-31,426.27682,432.99698,425.82376,432.17584,121699900,SPY,414.29,,418.2,-0.0154,0.0654,413.44,442.43,384.45,0.0148
2022-04-01,427.485,427.99463,423.91727,427.85306,89048800,SPY,414.44,,418.56,0.0028,0.0684,414.48,443.93,385.03,0.0146
2022-04-04,431.14713,431.25098,426.8621,427.68323,59601000,SPY,414.82,,419.06,0.0086,0.0776,416.31,445.1,387.52,0.0125
2022-04-05,425.70114,432.11926,424.5591,429.65585,74214500,SPY,415.05,,419.32,-0.0126,0.064,418.01,444.61,391.41,0.0128
2022-04-06,421.4444,423.71906,418.5657,421.79364,106898000,SPY,415.31,,419.4,-0.01,0.0534,418.97,444.53,393.41,0.012
2022-04-07,423.56802,425.38022,418.6223,420.56662,78097200,SPY,415.62,,419.56,0.005,0.0586,420.13,444.19,396.07,0.0119
2022-04-08,422.4354,425.32355,420.89694,422.81293,79272700,SPY,415.96,,419.68,-0.0027,0.0558,421.49,442.51,400.47,0.0114
2022-04-11,415.215,420.0097,414.71475,419.16968,89770500,SPY,415.94,,419.5,-0.0171,0.0377,422.64,438.95,406.33,0.0121
2022-04-12,413.67657,420.71762,412.12866,418.19757,84363600,SPY,415.75,,419.27,-0.0037,0.0339,423.27,436.79,409.75,0.0113
2022-04-13,418.4147,419.16977,413.2519,413.4312,74070400,SPY,415.6,420.73,419.24,0.0115,0.0458,423.7,435.91,411.49,0.0105
2022-04-14,413.2047,419.75497,413.10086,418.64124,97869500,SPY,415.25,420.8,419.0,-0.0125,0.0327,423.61,436.12,411.1,0.0106
2022-04-18,413.37454,415.05457,411.14706,412.2797,66002500,SPY,415.12,420.86,418.78,0.0004,0.0331,423.3,436.51,410.09,0.0102
2022-04-19,420.04752,420.76483,413.10083,413.27072,77821000,SPY,415.07,420.93,418.83,0.0161,0.0498,423.33,436.51,410.15,0.0109
2022-04-20,419.73608,422.4355,418.57516,421.822,65224400,SPY,415.05,421.0,418.87,-0.0007,0.049,423.1,436.36,409.84,0.0106
2022-04-21,413.4595,424.73843,412.55344,423.35098,85417300,SPY,414.83,421.04,418.65,-0.015,0.0333,422.83,436.67,408.99,0.0107
2022-04-22,402.11447,413.4783,401.54816,412.37402,132471800,SPY,414.27,421.04,418.01,-0.0274,0.005,421.67,438.25,405.09,0.0116
2022-04-25,404.4458,404.6157,395.31885,399.8776,119647700,SPY,413.9,421.03,417.47,0.0058,0.0108,420.53,438.57,402.49,0.0116
2022-04-26,392.73267,402.11447,392.70435,401.91623,103996300,SPY,413.47,420.95,416.5,-0.029,-0.0185,418.65,439.94,397.36,0.0128
2022-04-27,393.83704,399.16977,391.70398,393.80872,122030000,SPY,413.08,420.88,415.61,0.0028,-0.0158,416.56,439.0,394.12,0.0123
2022-04-28,403.78506,405.5123,394.14844,398.57507,105449100,SPY,412.76,420.86,415.15,0.0253,0.0091,415.11,436.85,393.37,0.014
2022-04-29,388.86298,401.95407,388.11734,399.8021,145491100,SPY,412.14,420.77,414.12,-0.037,-0.0282,413.23,437.24,389.22,0.0157
2022-05-02,391.20367,392.5628,382.2749,388.92902,158312500,SPY,411.73,420.71,413.22,0.006,-0.0224,411.42,436.36,386.48,0.0158
2022-05-03,392.997,395.4038,390.14658,391.70395,100028200,SPY,411.42,420.69,412.43,0.0046,-0.0179,409.51,433.93,385.09,0.0157
2022-05-04,404.96487,405.5312,390.4769,393.65762,144247900,SPY,411.44,420.7,412.13,0.0305,0.0121,408.48,431.74,385.22,0.0174
2022-05-05,390.5713,401.13287,386.44672,400.70813,172929100,SPY,411.31,420.62,411.29,-0.0355,-0.0238,406.93,430.66,383.2,0.0188
2022-05-06,388.24005,391.50574,382.9451,388.01355,151770800,SPY,411.01,420.53,410.38,-0.006,-0.0297,405.17,428.94,381.4,0.0187
2022-05-09,375.80966,383.5869,374.23343,382.3505,155586100,SPY,410.29,420.35,409.03,-0.032,-0.0608,402.83,428.54,377.12,0.0197
2022-05-10,376.67795,383.2754,372.64777,381.7747,132497200,SPY,409.61,420.18,407.76,0.0023,-0.0586,400.91,428.43,373.39,0.0196
2022-05-11,370.69394,381.3499,369.9483,375.71518,142361000,SPY,408.93,419.98,406.31,-0.0159,-0.0736,398.76,428.69,368.83,0.0198
2022-05-12,370.307,373.5727,363.52078,367.50378,125090800,SPY,408.1,419.78,404.89,-0.001,-0.0745,396.35,427.34,365.36,0.0194
2022-05-13,379.1603,380.5383,373.39343,374.43164,104174400,SPY,407.48,419.62,403.88,0.0239,-0.0524,394.65,425.48,363.82,0.0204
2022-05-16,377.6218,381.2839,375.27164,377.51797,78622400,SPY,406.9,419.45,402.85,-0.0041,-0.0563,392.86,423.26,362.46,0.0204
2022-05-17,385.38962,385.62558,379.97195,383.70013,83029700,SPY,406.72,419.34,402.17,0.0206,-0.0368,391.13,418.84,363.42,0.0207
2022-05-18,369.85397,381.12344,368.61755,380.8403,117674500,SPY,406.28,419.12,400.9,-0.0403,-0.0756,388.64,414.42,362.86,0.0222
2022-05-19,367.58878,372.00598,365.37073,366.79596,98510700,SPY,405.59,418.91,399.6,-0.0061,-0.0813,386.34,410.96,361.72,0.0221
2022-05-20,367.74924,374.73367,359.1697,371.16595,131432200,SPY,404.94,418.69,398.35,0.0004,-0.0809,384.62,409.4,359.84,0.0215
2022-05-23,374.62982,375.39432,368.4571,370.76947,76414900,SPY,404.52,418.49,397.42,0.0187,-0.0637,383.13,406.43,359.83,0.022
2022-05-24,371.77002,372.95923,365.22916,370.51468,91448800,SPY,404.11,418.28,396.41,-0.0076,-0.0708,382.09,405.46,358.72,0.0212
2022-05-25,375.0545,377.0177,369.88226,370.27866,91472900,SPY,403.59,418.09,395.57,0.0088,-0.0627,381.15,404.04,358.26,0.0213
2022-05-26,382.54877,384.1816,376.07404,376.28168,82168300,SPY,403.05,417.93,395.06,0.02,-0.0439,380.08,400.37,359.79,0.021
2022-05-27,391.9399,392.05316,384.80447,385.00266,84768700,SPY,402.59,417.81,394.94,0.0245,-0.0205,380.24,400.85,359.63,0.0202
2022-05-31,389.74072,393.07248,387.0036,390.3259,95937000,SPY,401.99,417.67,394.74,-0.0056,-0.026,380.17,400.63,359.71,0.0202
2022-06-01,386.58826,392.8648,384.07764,391.85492,86585800,SPY,401.33,417.52,394.42,-0.0081,-0.0339,379.85,399.65,360.05,0.0202
2022-06-02,393.95032,393.9975,384.18155,386.4279,79609600,SPY,400.72,417.41,394.4,0.019,-0.0155,379.29,396.61,361.97,0.0194
2022-06-03,387.485,390.78842,386.51282,389.2405,71874300,SPY,400.1,417.3,394.13,-0.0164,-0.0316,379.14,396.08,362.2,0.0181
2022-06-06,388.6648,393.21408,387.49442,391.48688,57508900,SPY,399.37,417.19,393.91,0.003,-0.0287,379.16,396.15,362.17,0.018
2022-06-07,392.39297,392.84604,384.71954,385.18204,59272400,SPY,398.67,417.08,393.85,0.0096,-0.0194,379.99,397.89,362.09,0.0165
2022-06-08,388.1268,392.46848,387.33398,390.6846,64350000,SPY,397.83,416.93,393.63,-0.0109,-0.0301,380.56,398.74,362.38,0.0167
2022-06-09,378.89597,388.61752,378.89597,386.35233,86289800,SPY,396.69,416.73,393.05,-0.0238,-0.0532,380.97,398.58,363.36,0.0172
2022-06-10,367.90967,373.55386,367.8625,372.7044,132893900,SPY,395.39,416.47,392.06,-0.029,-0.0806,380.85,398.79,362.91,0.0185
2022-06-13,353.94083,360.36838,352.33627,358.51846,170004900,SPY,393.94,416.15,390.57,-0.038,-0.1156,379.59,401.2,357.98,0.0194
2022-06-14,352.8743,356.71573,349.7785,355.68695,104011800,SPY,392.45,415.81,389.09,-0.003,-0.1182,378.35,403.05,353.65,0.0194
2022-06-15,357.90494,362.34097,351.22253,356.16824,125666800,SPY,390.99,415.49,387.87,0.0143,-0.1056,376.98,403.05,350.91,0.0191
2022-06-16,346.05972,350.10883,343.63403,349.70297,134473300,SPY,389.39,415.11,386.23,-0.0331,-0.1352,375.79,405.19,346.39,0.0184
2022-06-17,346.80576,350.14246,343.30795,346.474,111113900,SPY,387.9,414.73,384.68,0.0022,-0.1333,374.75,406.73,342.77,0.0184
2022-06-21,355.5361,356.92004,352.44586,352.52173,76811900,SPY,386.54,414.39,383.54,0.0252,-0.1115,374.14,407.13,341.15,0.0194
2022-06-22,354.89157,358.99606,350.90082,351.3179,90059400,SPY,385.19,414.05,382.42,-0.0018,-0.1131,373.15,407.24,339.06,0.0189
2022-06-23,358.3704,359.10028,353.46967,357.02435,79292100,SPY,384.05,413.73,381.47,0.0098,-0.1044,372.48,407.21,337.75,0.019
2022-06-24,369.76437,369.77386,361.508,361.53644,98050300,SPY,383.17,413.47,381.01,0.0318,-0.0759,372.22,406.95,337.49,0.0203
2022-06-27,368.352,370.97772,367.2619,370.68387,66009600,SPY,382.17,413.22,380.52,-0.0038,-0.0794,371.51,405.93,337.09,0.0198
2022-06-28,360.8255,372.684,360.71176,369.9066,86548900,SPY,381.12,412.94,379.74,-0.0204,-0.0982,369.95,403.27,336.63,0.0192
2022-06-29,360.53165,362.3611,358.71167,361.3753,65676000,SPY,380.07,412.65,378.99,-0.0008,-0.0989,368.49,400.7,336.28,0.0192
2022-06-30,357.60254,360.83496,353.1568,356.64514,112508300,SPY,378.82,412.37,378.15,-0.0081,-0.1062,367.04,398.42,335.66,0.0192
2022-07-01,361.38474,361.8208,354.3322,356.9485,74839700,SPY,377.65,412.08,377.49,0.0106,-0.0967,365.42,394.2,336.64,0.0187
2022-07-05,362.06723,362.0862,353.4791,356.3039,81438000,SPY,376.62,411.8,376.89,0.0019,-0.095,364.15,391.0,337.3,0.0185
2022-07-06,363.2901,365.77365,359.8302,362.20947,70426200,SPY,375.85,411.55,376.36,0.0034,-0.092,362.88,387.13,338.63,0.0186
2022-07-07,368.73114,369.52737,363.30905,365.06268,64525900,SPY,375.13,411.36,376.06,0.015,-0.0783,361.69,381.83,341.55,0.0188
2022-07-08,368.4279,370.2953,365.57465,367.10077,72397800,SPY,374.65,411.17,375.76,-0.0008,-0.0791,360.71,376.96,344.46,0.0187
2022-07-11,364.21906,366.72156,363.52707,365.75467,58366900,SPY,374.06,410.94,375.31,-0.0114,-0.0896,359.97,373.93,346.01,0.0182
2022-07-12,360.9961,366.04852,359.25192,363.66922,62219200,SPY,373.2,410.66,374.74,-0.0088,-0.0976,359.63,373.09,346.17,0.0171
2022-07-13,359.10025,362.02936,355.14743,355.56454,84224600,SPY,372.6,410.38,374.13,-0.0053,-0.1024,359.89,373.09,346.69,0.0147
2022-07-14,358.2282,359.30884,351.716,354.15213,89704800,SPY,371.94,410.09,373.51,-0.0024,-0.1045,360.15,372.96,347.34,0.0147
2022-07-15,365.0721,365.18585,360.72116,362.62646,79060400,SPY,371.39,409.88,373.18,0.0191,-0.0874,360.51,373.46,347.56,0.015
2022-07-18,362.05777,368.8259,360.83496,368.1529,63203600,SPY,370.53,409.66,372.74,-0.0083,-0.095,361.31,372.33,350.29,0.0129
2022-07-19,371.84027,372.40903,365.3186,365.97266,78506000,SPY,370.15,409.51,372.71,0.027,-0.0706,362.56,372.25,352.87,0.014
2022-07-20,374.21005,375.62247,370.66486,372.02985,71843800,SPY,369.87,409.34,372.76,0.0064,-0.0646,363.5,373.91,353.09,0.0131
2022-07-21,378.0207,378.06808,371.23358,373.6318,64903900,SPY,369.92,409.22,372.97,0.0102,-0.0551,364.65,376.12,353.18,0.0132
2022-07-22,374.51337,379.33826,372.29523,378.14392,72197300,SPY,369.87,409.06,373.03,-0.0093,-0.0639,365.46,377.33,353.59,0.0134
2022-07-25,374.96848,375.8216,372.73138,375.1391,53631500,SPY,369.96,408.9,373.11,0.0012,-0.0627,365.72,378.2,353.24,0.0114
2022-07-26,370.53217,373.53705,369.6411,373.32852,52946400,SPY,369.96,408.7,373.01,-0.0118,-0.0738,365.83,378.45,353.21,0.0117
2022-07-27,380.15356,381.89774,373.5276,373.82144,82342100,SPY,369.98,408.54,373.29,0.026,-0.0497,366.8,380.7,352.9,0.012
2022-07-28,384.9216,385.61356,377.41406,380.9593,73966600,SPY,370.13,408.43,373.74,0.0125,-0.0378,368.02,383.76,352.28,0.0121
2022-07-29,390.5333,391.51913,385.58514,386.35297,87003700,SPY,370.23,408.35,374.4,0.0146,-0.0238,369.66,387.56,351.76,0.0121
2022-08-01,389.3768,391.87933,387.13025,387.8412,69997500,SPY,370.62,408.26,374.99,-0.003,-0.0267,371.06,390.54,351.58,0.0121
2022-08-02,386.80798,391.49072,385.63257,387.81277,63435400,SPY,371.01,408.12,375.45,-0.0066,-0.0331,372.3,392.5,352.1,0.0123
2022-08-03,392.86514,394.03107,388.64688,388.93124,67820600,SPY,371.51,407.99,376.13,0.0157,-0.018,373.78,395.48,352.08,0.0126
2022-08-04,392.59976,393.47183,390.95984,392.78934,45656600,SPY,371.87,407.86,376.78,-0.0007,-0.0186,374.97,398.08,351.86,0.0124
2022-08-05,391.93616,392.58075,388.2677,388.3246,56814900,SPY,372.27,407.7,377.37,-0.0017,-0.0203,376.15,400.23,352.07,0.0124
2022-08-08,391.48123,395.87012,390.38165,393.62354,53886100,SPY,372.6,407.54,377.93,-0.0012,-0.0215,377.51,401.83,353.19,0.012
2022-08-09,389.9266,391.2537,388.85544,390.75128,44931800,SPY,372.75,407.36,378.4,-0.004,-0.0254,378.96,402.58,355.34,0.0118
2022-08-10,398.11664,398.25885,395.01694,396.96967,68665700,SPY,372.87,407.23,379.17,0.021,-0.0049,380.91,404.06,357.76,0.0121
2022-08-11,398.11664,402.81833,397.37726,400.9604,59489700,SPY,373.04,407.09,379.91,0.0,-0.0049,382.9,404.66,361.14,0.0121
2022-08-12,404.85638,404.96063,399.1025,400.0504,61694500,SPY,373.4,406.97,380.89,0.0169,0.0119,384.89,407.05,362.73,0.0119
2022-08-15,406.52466,407.04602,402.5908,402.64767,54048300,SPY,373.66,406.88,381.9,0.0041,0.016,387.12,408.55,365.69,0.0115
2022-08-16,407.32092,409.2452,404.6478,405.45352,59289000,SPY,374.05,406.76,382.9,0.002,0.0181,388.89,410.86,366.92,0.0104
2022-08-17,404.42975,407.13132,402.42966,403.7283,63563400,SPY,374.37,406.63,383.74,-0.0071,0.0108,390.4,412.28,368.52,0.0107
2022-08-18,405.6052,406.28766,403.33966,404.6288,49023200,SPY,374.63,406.5,384.6,0.0029,0.0138,391.78,413.85,369.71,0.0106
2022-08-19,400.15466,403.11215,399.28256,402.84674,68016900,SPY,374.87,406.34,385.21,-0.0134,0.0002,393.06,413.85,372.27,0.0109
2022-08-22,391.82242,395.50034,390.92188,395.3297,77695600,SPY,375.13,406.12,385.47,-0.0208,-0.0206,393.9,412.89,374.91,0.0122
2022-08-23,390.87445,393.78458,390.32465,391.39578,49105200,SPY,375.59,405.89,385.68,-0.0024,-0.023,394.92,410.51,379.33,0.0118
2022-08-24,392.1258,393.49078,389.96454,390.647,49177800,SPY,376.35,405.65,385.93,0.0032,-0.0198,395.52,409.57,381.47,0.0104
2022-08-25,397.66156,397.70895,392.52383,393.61392,50942300,SPY,377.25,405.44,386.39,0.0141,-0.006,396.16,409.31,383.01,0.0105
2022-08-26,384.20114,398.08817,384.14426,397.54785,103087000,SPY,377.78,405.17,386.31,-0.0338,-0.0396,395.84,409.84,381.84,0.0127
2022-08-29,381.66077,384.70358,380.30524,381.25317,65370800,SPY,378.49,404.9,386.12,-0.0066,-0.046,395.45,410.58,380.32,0.0128
2022-08-30,377.47095,383.0542,375.37607,382.81723,85652400,SPY,379.1,404.62,385.78,-0.011,-0.0565,394.99,411.73,378.25,0.0129
2022-08-31,374.5988,380.34317,374.4661,379.1014,76029700,SPY,379.48,404.3,385.35,-0.0076,-0.0636,394.07,413.13,375.01,0.0124
2022-09-01,375.77414,376.1154,369.7264,372.42798,78740100,SPY,379.9,403.99,384.97,0.0031,-0.0607,393.23,413.98,372.48,0.0124
2022-09-02,371.81183,380.64645,370.0013,379.4331,99632100,SPY,380.17,403.65,384.45,-0.0105,-0.0706,392.23,415.09,369.37,0.0126
2022-09-06,370.4089,373.5939,368.19077,372.65546,76637400,SPY,380.18,403.3,383.9,-0.0038,-0.0741,391.17,416.03,366.31,0.0126
2022-09-07,377.06332,377.83115,369.8781,370.0961,70964200,SPY,380.36,402.99,383.64,0.018,-0.0575,390.53,416.17,364.89,0.0134
2022-09-08,379.52792,379.9829,373.59393,374.79782,80821700,SPY,380.73,402.69,383.47,0.0065,-0.0513,389.6,415.43,363.77,0.0125
2022-09-09,385.42398,386.2866,381.49957,381.76498,76706900,SPY,381.23,402.42,383.55,0.0155,-0.0366,388.97,414.54,363.4,0.0131
2022-09-12,389.56644,390.28687,387.18716,387.49048,69256300,SPY,381.87,402.17,383.79,0.0107,-0.0263,388.2,412.66,363.74,0.0127
2022-09-13,372.6271,382.1063,371.50858,380.90244,122947100,SPY,382.09,401.84,383.35,-0.0435,-0.0687,386.51,410.32,362.7,0.0156
2022-09-14,374.04898,375.56564,370.7502,373.92575,85023700,SPY,382.33,401.56,382.98,0.0038,-0.0651,384.84,407.13,362.55,0.0157
2022-09-15,369.80222,375.33807,368.532,372.4943,87633800,SPY,382.46,401.23,382.47,-0.0114,-0.0758,383.11,404.34,361.88,0.0158
2022-09-16,366.98105,367.6378,363.6973,365.6295,103084800,SPY,382.43,400.93,381.86,-0.0076,-0.0828,381.18,400.76,361.6,0.0157
2022-09-19,369.82697,369.82697,363.76392,363.8401,73278500,SPY,382.46,400.66,381.39,0.0078,-0.0757,379.66,397.69,361.63,0.0158
2022-09-20,365.5819,367.5141,362.83118,366.50516,77274900,SPY,382.48,400.35,380.77,-0.0115,-0.0863,378.35,396.47,360.23,0.0154
2022-09-21,359.2048,370.5504,359.19528,367.50458,106746600,SPY,382.45,400.02,379.92,-0.0174,-0.1022,376.77,395.8,357.74,0.0157
2022-09-22,356.1875,360.0709,355.4451,358.43378,89472600,SPY,382.39,399.65,378.99,-0.0084,-0.1097,374.97,394.67,355.27,0.0156
2022-09-23,350.2197,352.76102,345.78424,352.72293,122346900,SPY,382.23,399.2,377.86,-0.0168,-0.1247,372.6,392.22,352.98,0.0152
2022-09-26,346.75504,352.37073,345.5367,348.75385,92581200,SPY,381.86,398.73,376.64,-0.0099,-0.1333,370.73,392.69,348.77,0.0138
2022-09-27,345.86984,352.55157,343.48077,350.28625,108294100,SPY,381.54,398.28,375.44,-0.0026,-0.1356,368.94,392.9,344.98,0.0138
2022-09-28,352.6753,354.36,345.1274,346.82166,110802200,SPY,381.15,397.83,374.54,0.0197,-0.1186,367.7,392.35,343.05,0.0147
2022-09-29,345.3083,349.4201,342.3672,349.13455,112952300,SPY,380.58,397.37,373.4,-0.0209,-0.137,366.23,392.58,339.88,0.0152
2022-09-30,339.96863,348.27795,339.8354,344.366,153711200,SPY,379.82,396.9,372.09,-0.0155,-0.1504,364.44,392.84,336.04,0.0154
2022-10-03,348.94424,350.79077,341.90082,343.68073,89756500,SPY,379.3,396.44,371.18,0.0264,-0.1279,363.3,392.29,334.31,0.0168
2022-10-04,359.75687,359.78543,348.9062,354.45526,103602800,SPY,379.0,396.05,370.73,0.031,-0.1009,362.77,391.6,333.94,0.0184
2022-10-05,358.91928,361.17508,353.07516,355.39758,88065700,SPY,378.77,395.68,370.27,-0.0023,-0.103,361.86,389.93,333.79,0.0179
2022-10-06,355.21677,360.47076,354.7218,357.52014,82333500,SPY,378.27,395.32,369.68,-0.0103,-0.1122,360.64,387.57,333.71,0.0178
2022-10-07,345.3083,355.30234,343.54742,351.1905,107789500,SPY,377.48,394.87,368.72,-0.0279,-0.137,358.64,383.71,333.57,0.0181
2022-10-10,342.67172,346.65982,340.435,346.42188,76042800,SPY,376.52,394.38,367.7,-0.0076,-0.1435,356.29,377.68,334.9,0.0177
2022-10-11,340.50168,345.53677,338.5695,340.9776,92482800,SPY,375.54,393.87,366.63,-0.0063,-0.1489,354.69,375.74,333.64,0.0154
2022-10-12,339.37854,342.48148,339.13107,340.91098,76991800,SPY,374.59,393.32,365.56,-0.0033,-0.1517,352.95,372.97,332.93,0.0152
2022-10-13,348.33505,349.80084,331.33566,332.38266,147254500,SPY,373.7,392.82,364.89,0.0264,-0.1294,351.88,370.34,333.42,0.0166
2022-10-14,340.3969,352.4183,339.7592,350.79068,123737000,SPY,372.66,392.27,363.93,-0.0228,-0.1492,350.55,368.24,332.86,0.0172
2022-10-17,349.14413,350.24823,340.06384,346.46954,93168200,SPY,371.8,391.78,363.35,0.0257,-0.1273,349.52,364.71,334.33,0.0183
2022-10-18,353.2465,357.35834,349.81042,357.05374,97162900,SPY,371.04,391.31,362.95,0.0117,-0.1171,348.9,362.23,335.57,0.0184
2022-10-19,350.74313,353.9317,347.93527,351.2095,79746900,SPY,370.25,390.82,362.47,-0.0071,-0.1234,348.48,360.94,336.02,0.0181
2022-10-20,347.80203,354.71222,347.04056,350.29578,88283100,SPY,369.25,390.31,361.9,-0.0084,-0.1308,348.06,359.99,336.13,0.0181
2022-10-21,356.25418,356.7396,346.0222,347.52603,131038400,SPY,368.41,389.89,361.68,0.0243,-0.1096,348.36,360.81,335.91,0.0185
2022-10-24,360.6134,361.74606,355.13095,357.777,85436900,SPY,367.53,389.49,361.64,0.0122,-0.0988,349.05,362.62,335.48,0.0185
2022-10-25,366.37195,366.68604,360.42313,360.53732,78846300,SPY,366.72,389.13,361.82,0.016,-0.0844,350.08,365.59,334.57,0.0187
2022-10-26,363.61163,368.90372,362.97394,363.23093,104087300,SPY,365.85,388.76,361.89,-0.0075,-0.0912,350.62,367.25,333.99,0.0184
2022-10-27,361.67,366.44812,361.0513,364.6111,81971800,SPY,364.99,388.35,361.88,-0.0053,-0.096,351.44,368.57,334.31,0.0178
2022-10-28,370.27432,370.75024,361.3844,361.56525,100302000,SPY,364.29,387.99,362.21,0.0238,-0.0745,352.96,371.14,334.78,0.0178
2022-10-31,367.5998,369.68427,366.6956,367.81873,96631300,SPY,363.64,387.64,362.42,-0.0072,-0.0812,353.89,373.09,334.69,0.0172
2022-11-01,365.99118,371.57834,364.82047,371.3404,85407600,SPY,363.12,387.29,362.56,-0.0044,-0.0852,354.2,374.0,334.4,0.0159
2022-11-02,356.80618,369.90314,356.7015,365.40106,126990400,SPY,362.44,386.92,362.34,-0.0251,-0.1082,354.1,373.81,334.39,0.017
2022-11-03,353.13223,356.16852,351.0192,353.57007,87100100,SPY,361.66,386.56,361.98,-0.0103,-0.1174,353.99,373.7,334.28,0.017
2022-11-04,358.2149,360.61346,352.1709,358.8336,103505200,SPY,360.87,386.25,361.83,0.0144,-0.1047,354.64,374.0,335.28,0.0159
2022-11-07,361.64145,362.23157,357.43442,359.50937,68286900,SPY,360.42,386.0,361.82,0.0096,-0.0961,355.59,374.33,336.85,0.0159
2022-11-08,363.59265,366.56232,359.5189,362.7455,84641100,SPY,360.06,385.75,361.89,0.0054,-0.0912,356.74,374.38,339.1,0.0157
2022-11-09,356.1019,362.7741,355.60693,361.6224,78495500,SPY,359.63,385.48,361.66,-0.0206,-0.1099,357.58,373.22,341.94,0.0166
2022-11-10,375.6711,376.00424,367.05722,369.35107,141455800,SPY,359.65,385.32,362.21,0.055,-0.061,358.94,375.9,341.98,0.0197
2022-11-11,379.3071,380.10663,374.6432,376.5278,93839900,SPY,359.72,385.19,362.88,0.0097,-0.0518,360.89,377.82,343.96,0.0187
2022-11-14,376.08044,380.8966,375.8044,377.54623,71903500,SPY,359.81,384.99,363.4,-0.0085,-0.0599,362.24,379.52,344.96,0.0183
2022-11-15,379.28806,382.92398,375.4808,381.8199,93194500,SPY,359.98,384.77,364.02,0.0085,-0.0519,363.54,381.86,345.22,0.0182
2022-11-16,376.39447,378.61218,375.76627,377.66037,68508500,SPY,359.97,384.52,364.51,-0.0076,-0.0591,364.82,382.96,346.68,0.0182
2022-11-17,375.24286,375.91867,371.34045,371.64502,74496300,SPY,359.89,384.25,364.93,-0.0031,-0.062,366.19,383.01,349.37,0.0181
2022-11-18,376.9466,378.6408,374.10068,378.5742,92922500,SPY,359.72,384.03,365.4,0.0045,-0.0578,367.23,384.03,350.43,0.0175
2022-11-21,375.57596,376.7467,373.73895,375.62357,51243200,SPY,359.44,383.8,365.8,-0.0036,-0.0612,367.98,384.87,351.09,0.0174
2022-11-22,380.63013,380.79196,376.109,377.5177,60429000,SPY,359.6,383.6,366.38,0.0135,-0.0485,368.69,386.47,350.91,0.0173
2022-11-23,383.0287,383.5141,380.06854,380.29697,68261600,SPY,359.78,383.39,367.03,0.0063,-0.0425,369.66,388.37,350.95,0.0172
2022-11-25,382.94296,383.49503,382.19104,382.46704,30545400,SPY,360.04,383.15,367.66,-0.0002,-0.0427,370.72,389.93,351.51,0.0171
2022-11-28,376.83237,381.49625,376.0709,379.85913,67881600,SPY,360.24,382.92,368.02,-0.016,-0.0581,371.05,390.45,351.65,0.0168
2022-11-29,376.18515,378.1554,374.3481,376.9656,52310000,SPY,360.36,382.73,368.34,-0.0017,-0.0597,371.48,390.94,352.02,0.0167
2022-11-30,388.03522,388.03522,374.5195,376.43262,144566700,SPY,360.81,382.61,369.11,0.0315,-0.03,372.58,393.19,351.97,0.018
2022-12-01,387.7497,390.24344,385.24643,389.0727,76398200,SPY,361.38,382.45,369.84,-0.0007,-0.0307,374.13,394.4,353.86,0.0167
2022-12-02,387.3023,388.2065,382.76218,382.86685,85342700,SPY,362.01,382.28,370.53,-0.0012,-0.0319,375.84,394.34,357.34,0.0164
2022-12-05,380.33502,385.4177,378.98346,384.48495,77289800,SPY,362.61,382.13,370.91,-0.018,-0.0493,376.94,393.55,360.33,0.017
2022-12-06,374.8526,380.71576,372.76816,380.17325,77972200,SPY,363.17,381.96,371.07,-0.0144,-0.063,377.6,392.63,362.57,0.0174
2022-12-07,374.21494,376.57544,373.08228,374.00552,65927900,SPY,363.74,381.81,371.19,-0.0017,-0.0646,378.14,391.77,364.51,0.0174
2022-12-08,377.14642,378.21246,374.31955,376.09946,60737900,SPY,364.23,381.71,371.42,0.0078,-0.0573,379.19,388.08,370.3,0.0166
2022-12-09,374.32907,378.45993,374.20532,375.9091,81447700,SPY,364.81,381.57,371.54,-0.0075,-0.0644,379.12,388.14,370.1,0.0114
2022-12-12,379.72595,379.72595,374.4529,375.11914,75405800,SPY,365.6,381.41,371.86,0.0144,-0.0509,379.14,388.16,370.12,0.0116
2022-12-13,382.6004,390.70984,379.84015,390.45285,123782500,SPY,366.27,381.27,372.28,0.0076,-0.0437,379.47,388.5,370.44,0.0116
2022-12-14,380.15414,385.9602,377.21304,382.25763,108111300,SPY,366.68,381.14,372.59,-0.0064,-0.0498,379.51,388.55,370.47,0.0115
2022-12-15,370.85498,376.20416,369.19882,375.29993,117705900,SPY,366.92,380.94,372.52,-0.0245,-0.0731,379.23,388.98,369.48,0.0127
2022-12-16,366.47665,369.64163,364.3444,368.30298,119858000,SPY,367.15,380.72,372.28,-0.0118,-0.084,378.8,389.99,367.61,0.0129
2022-12-19,363.36896,367.00247,361.7052,366.66782,79878100,SPY,367.51,380.5,371.93,-0.0085,-0.0918,378.12,391.26,364.98,0.013
2022-12-20,363.8663,365.48227,361.29416,362.6137,74427200,SPY,367.93,380.35,371.62,0.0014,-0.0905,377.53,392.11,362.95,0.013
2022-12-21,369.30692,370.4352,365.92203,366.4575,78167400,SPY,368.51,380.24,371.53,0.015,-0.0769,376.97,391.92,362.02,0.0131
2022-12-22,364.03836,369.2878,358.34906,366.26627,100120900,SPY,369.0,380.05,371.23,-0.0143,-0.0901,376.02,391.74,360.3,0.0132
2022-12-23,366.13242,366.27585,361.46625,363.01526,59857300,SPY,369.36,379.88,371.03,0.0058,-0.0848,375.18,391.13,359.23,0.0134
2022-12-27,364.68848,366.3618,363.01517,366.01758,51638200,SPY,369.84,379.72,370.78,-0.0039,-0.0884,374.57,391.17,357.97,0.013
2022-12-28,360.15625,366.59137,359.9268,364.6216,70911500,SPY,370.06,379.56,370.37,-0.0124,-0.0997,373.77,391.55,355.99,0.0132
2022-12-29,366.63916,367.50928,362.47018,362.9961,66970900,SPY,370.33,379.39,370.22,0.018,-0.0835,372.7,389.4,356.0,0.0116
2022-12-30,365.67346,365.8169,361.84872,363.9619,84022200,SPY,370.63,379.17,370.04,-0.0026,-0.0859,371.59,386.97,356.21,0.0116
2023-01-03,364.134,369.49817,361.275,367.52844,74850700,SPY,370.96,378.92,369.81,-0.0042,-0.0897,370.43,384.24,356.62,0.0116
2023-01-04,366.9452,368.9723,363.3499,366.3906,85934100,SPY,371.17,378.65,369.7,0.0077,-0.0827,369.77,382.84,356.7,0.0113
2023-01-05,362.75708,365.10928,362.16425,364.99454,76970500,SPY,371.21,378.37,369.43,-0.0114,-0.0931,369.16,382.35,355.97,0.0111
2023-01-06,371.07584,372.19458,362.78574,365.84552,104189600,SPY,371.31,378.1,369.49,0.0229,-0.0724,369.0,382.02,355.98,0.0124
2023-01-09,370.8655,376.44965,370.68387,373.26553,73978100,SPY,371.45,377.86,369.55,-0.0006,-0.0729,368.69,381.17,356.21,0.0123
2023-01-10,373.4663,373.53323,369.34515,370.28223,65358100,SPY,371.69,377.6,369.7,0.007,-0.0664,368.65,381.05,356.25,0.0123
2023-01-11,378.18988,378.2664,374.2313,375.04407,68881100,SPY,371.85,377.36,370.03,0.0126,-0.0547,368.57,380.7,356.44,0.0122
2023-01-12,379.56677,381.02972,375.2257,379.2895,90157700,SPY,372.09,377.1,370.41,0.0036,-0.0513,368.42,379.87,356.97,0.0121
2023-01-13,381.03928,381.613,376.10538,376.3731,63903900,SPY,372.39,376.83,370.82,0.0039,-0.0476,368.46,380.1,356.82,0.012
2023-01-17,380.34128,382.6935,379.66238,381.0202,62677300,SPY,372.86,376.57,371.2,-0.0018,-0.0493,368.94,381.71,356.17,0.0105
2023-01-18,374.33643,382.5883,374.13562,381.52695,99632300,SPY,373.28,376.31,371.32,-0.0158,-0.0643,369.33,382.27,356.39,0.0108
2023-01-19,371.6114,373.94446,370.29184,372.2998,86958900,SPY,373.55,376.03,371.33,-0.0073,-0.0711,369.74,382.4,357.08,0.0108
2023-01-20,378.53412,378.6871,371.36273,373.0074,91806400,SPY,373.89,375.77,371.61,0.0186,-0.0539,370.47,383.39,357.55,0.0115
2023-01-23,383.076,385.00748,378.38113,379.3373,84178800,SPY,374.28,375.55,372.06,0.012,-0.0425,371.16,385.24,357.08,0.0113
2023-01-24,382.66476,383.57312,380.21695,381.4026,59524900,SPY,374.81,375.36,372.48,-0.0011,-0.0436,372.09,386.64,357.54,0.0107
2023-01-25,382.8082,383.14285,376.3157,378.60098,84800300,SPY,374.95,375.16,372.88,0.0004,-0.0432,372.93,387.94,357.92,0.0107
2023-01-26,387.01538,387.17795,382.5022,385.46637,72287400,SPY,375.1,374.98,373.44,0.011,-0.0327,374.04,389.78,358.3,0.0107
2023-01-27,387.90472,390.27606,385.76288,385.97324,68346200,SPY,375.34,374.84,374.01,0.0023,-0.0304,375.43,390.9,359.96,0.0101
2023-01-30,383.0377,387.37878,382.74127,385.15085,74202000,SPY,375.42,374.69,374.36,-0.0125,-0.0426,376.25,391.5,361.0,0.0101
2023-01-31,388.66968,388.71747,383.20984,383.55408,86811800,SPY,375.66,374.54,374.92,0.0147,-0.0285,377.4,392.76,362.04,0.0104
2023-02-01,392.8003,395.54456,384.72055,387.45523,101459200,SPY,376.01,374.44,375.62,0.0106,-0.0182,378.84,394.33,363.35,0.0104
2023-02-02,398.5183,399.98126,394.78918,396.68243,101654500,SPY,376.44,374.36,376.52,0.0146,-0.0038,380.41,397.18,363.64,0.0107
2023-02-03,394.28244,398.7,393.07764,393.55573,94736800,SPY,376.82,374.24,377.22,-0.0106,-0.0144,381.99,397.67,366.31,0.0106
2023-02-06,391.87283,393.2689,390.21866,391.8346,60295300,SPY,377.04,374.1,377.79,-0.0061,-0.0204,383.03,398.41,367.65,0.0099
2023-02-07,396.99802,398.24106,389.7119,390.95493,90990700,SPY,377.32,374.01,378.54,0.0131,-0.0076,384.34,399.81,368.87,0.0101
2023-02-08,392.65695,396.36694,391.9685,395.0283,76227500,SPY,377.52,373.97,379.1,-0.0109,-0.0184,385.3,400.31,370.29,0.0106
2023-02-09,389.25296,396.4052,388.02905,396.25223,78694900,SPY,377.77,373.89,379.5,-0.0087,-0.0269,385.85,400.57,371.13,0.0106
2023-02-10,390.16132,390.5438,387.26407,388.0768,70769700,SPY,378.04,373.88,379.91,0.0023,-0.0247,386.38,400.91,371.85,0.0106
2023-02-13,394.7414,394.87527,390.3525,390.8115,64913500,SPY,378.18,373.88,380.5,0.0117,-0.0133,387.06,401.82,372.3,0.0108
2023-02-14,394.55978,396.86417,390.61075,393.2211,88389300,SPY,378.31,373.84,381.05,-0.0005,-0.0138,387.78,402.54,373.02,0.0108
2023-02-15,395.84103,395.9175,391.52863,392.3701,61555700,SPY,378.49,373.87,381.63,0.0032,-0.0106,388.85,402.59,375.11,0.0099
2023-02-16,390.3908,394.81793,390.25696,390.87848,76431500,SPY,378.69,373.87,381.97,-0.0138,-0.0243,389.79,400.88,378.7,0.0104
2023-02-17,389.41547,389.6545,386.3461,388.26804,89257800,SPY,378.98,373.85,382.26,-0.0025,-0.0267,390.33,400.08,380.58,0.0097
2023-02-21,381.6034,386.45126,381.34525,385.39944,82655900,SPY,379.13,373.73,382.24,-0.0201,-0.0463,390.26,400.26,380.26,0.0105
2023-02-22,381.07748,383.554,379.62405,382.01453,83742300,SPY,379.2,373.68,382.19,-0.0014,-0.0476,390.18,400.45,379.91,0.0105
2023-02-23,383.10464,384.57718,378.88788,383.9652,96242400,SPY,379.38,373.66,382.23,0.0053,-0.0426,390.2,400.43,379.97,0.0106
2023-02-24,379.0122,379.8441,376.39227,378.09427,108194400,SPY,379.37,373.67,382.1,-0.0107,-0.0528,389.8,401.12,378.48,0.0105
2023-02-27,380.30304,383.70706,379.36597,382.34924,80444700,SPY,379.32,373.69,382.03,0.0034,-0.0496,389.41,401.48,377.34,0.0105
2023-02-28,378.89743,381.7851,378.79224,379.82492,96438600,SPY,379.29,373.73,381.91,-0.0037,-0.0531,389.21,401.87,376.55,0.0102
2023-03-01,377.44403,379.3086,376.14365,378.0847,99706800,SPY,379.43,373.77,381.73,-0.0038,-0.0567,388.65,402.36,374.94,0.0096
2023-03-02,380.37946,381.22092,375.13956,375.47424,85127800,SPY,379.7,373.78,381.68,0.0078,-0.0494,388.03,402.07,373.99,0.0094
2023-03-03,386.47998,386.7286,381.54608,382.19626,90120000,SPY,380.17,373.82,381.87,0.016,-0.0341,387.42,400.57,374.27,0.0095
2023-03-06,386.74774,389.59717,386.3079,387.3023,72795900,SPY,380.62,373.83,382.06,0.0007,-0.0335,387.05,399.8,374.3,0.0093
2023-03-07,380.8194,386.939,380.20746,386.69995,108310600,SPY,380.85,373.88,382.01,-0.0153,-0.0483,386.49,399.32,373.66,0.0098
2023-03-08,381.44092,382.1963,379.21298,380.93414,74746600,SPY,381.2,373.95,381.99,0.0016,-0.0467,385.72,397.73,373.71,0.0092
2023-03-09,374.4034,383.88876,373.41855,382.22498,111945300,SPY,381.37,373.98,381.69,-0.0184,-0.0643,384.8,397.35,372.25,0.0097
2023-03-10,369.0009,375.93323,367.48056,373.85828,189253000,SPY,381.45,373.96,381.19,-0.0144,-0.0777,383.79,397.99,369.59,0.01
2023-03-13,368.475,373.28464,363.97137,365.08057,157790000,SPY,381.62,373.94,380.69,-0.0014,-0.079,382.71,398.12,367.3,0.0099
2023-03-14,374.56592,376.21054,370.09094,373.3898,149752400,SPY,381.78,373.94,380.45,0.0165,-0.0638,381.7,396.42,366.98,0.0104
2023-03-15,372.22327,372.42407,366.8973,368.9818,172996900,SPY,381.91,373.89,380.13,-0.0063,-0.0697,380.58,394.56,366.6,0.0104
2023-03-16,378.754,379.09824,369.3643,369.87106,143254200,SPY,382.2,373.82,380.08,0.0175,-0.0535,379.73,391.73,367.73,0.0113
2023-03-17,374.32538,378.55826,372.9432,377.42566,140553400,SPY,382.35,373.74,379.85,-0.0117,-0.0645,378.92,390.04,367.8,0.0112
2023-03-20,377.92477,378.33752,374.4022,375.10287,93055800,SPY,382.65,373.7,379.78,0.0096,-0.0556,378.35,388.31,368.39,0.0115
2023-03-21,382.8871,383.367,379.69083,381.28415,91524200,SPY,382.89,373.64,379.9,0.0131,-0.0432,378.41,388.48,368.34,0.011
2023-03-22,376.3602,386.32327,376.32184,382.71432,111746600,SPY,383.0,373.59,379.76,-0.017,-0.0594,378.18,388.2,368.16,0.0117
2023-03-23,377.37762,383.2518,374.6709,379.2205,119351300,SPY,383.08,373.53,379.67,0.0027,-0.0569,377.89,387.64,368.14,0.0116
2023-03-24,379.854,379.9404,373.75906,376.10104,107682400,SPY,383.11,373.47,379.67,0.0066,-0.0507,377.93,387.71,368.15,0.0115
2023-03-27,380.56424,382.89667,379.6716,382.12878,74010400,SPY,383.13,373.43,379.71,0.0019,-0.0489,377.95,387.75,368.15,0.0115
2023-03-28,379.71005,380.5643,377.87677,379.8732,62871700,SPY,383.1,373.44,379.71,-0.0022,-0.051,377.99,387.81,368.17,0.0114
2023-03-29,385.22906,385.46902,382.6663,383.8661,77497900,SPY,383.2,373.52,379.92,0.0145,-0.0372,378.38,388.71,368.05,0.0118
2023-03-30,387.4847,388.10858,385.62262,387.85904,69840000,SPY,383.47,373.69,380.22,0.0059,-0.0315,378.73,389.81,367.65,0.0118
2023-03-31,392.94614,393.24368,388.3005,388.40613,112062600,SPY,383.89,373.89,380.72,0.0141,-0.0179,379.05,391.39,366.71,0.0117
2023-04-03,394.44348,394.8466,392.0343,392.42783,67391100,SPY,384.21,374.07,381.26,0.0038,-0.0141,379.44,393.19,365.69,0.0117
2023-04-04,392.25507,395.3745,390.88248,395.08655,66601500,SPY,384.39,374.3,381.69,-0.0055,-0.0196,380.01,394.91,365.11,0.0111
2023-04-05,391.22803,392.28384,389.57712,391.52557,65200200,SPY,384.56,374.53,382.06,-0.0026,-0.0221,380.5,396.21,364.79,0.0112
2023-04-06,392.75415,393.0325,389.38513,390.43134,63743300,SPY,384.76,374.71,382.48,0.0039,-0.0183,381.42,397.77,365.07,0.0102
2023-04-10,393.1573,393.2341,389.6635,390.2778,63681000,SPY,384.89,374.9,382.9,0.001,-0.0173,382.63,398.68,366.58,0.0094
2023-04-11,393.26285,394.66418,392.495,393.78116,59297900,SPY,384.99,375.08,383.31,0.0003,-0.017,383.87,399.13,368.61,0.0093
2023-04-12,391.65994,395.61447,391.07446,395.3265,86420400,SPY,385.17,375.19,383.64,-0.0041,-0.0211,384.72,399.7,369.74,0.0089
2023-04-13,396.86224,397.21738,391.60236,392.74454,85814800,SPY,385.33,375.33,384.15,0.0133,-0.008,385.95,400.65,371.25,0.009
2023-04-14,395.8928,398.41714,393.5892,396.22873,78161500,SPY,385.39,375.51,384.61,-0.0024,-0.0104,386.81,401.74,371.88,0.0085
2023-04-17,397.3134,397.33258,394.57785,395.80643,66436400,SPY,385.37,375.69,385.11,0.0036,-0.0069,387.96,402.37,373.55,0.0078
2023-04-18,397.57254,399.0219,396.19998,398.8875,63560000,SPY,385.43,375.89,385.6,0.0007,-0.0062,388.94,403.15,374.73,0.0076
2023-04-19,397.50534,398.40756,395.60486,395.66245,55227300,SPY,385.55,376.07,386.07,-0.0002,-0.0064,389.67,404.07,375.27,0.0073
2023-04-20,395.33612,397.08304,393.79077,394.69302,75840400,SPY,385.51,376.24,386.43,-0.0055,-0.0118,390.62,403.77,377.47,0.006
2023-04-21,395.64325,396.10394,393.6948,395.63364,73457400,SPY,385.57,376.4,386.79,0.0008,-0.011,391.53,403.27,379.79,0.006
2023-04-24,396.056,396.47833,394.10754,395.44168,64332100,SPY,385.71,376.53,387.16,0.001,-0.01,392.34,402.86,381.82,0.006
2023-04-25,389.76904,394.64502,389.71146,394.0883,97766700,SPY,385.7,376.64,387.26,-0.0159,-0.0258,392.8,401.86,383.74,0.0072
2023-04-26,388.11813,391.45837,387.56143,390.38336,80447000,SPY,385.57,376.76,387.29,-0.0042,-0.0299,393.22,400.28,386.16,0.0073
2023-04-27,395.8448,396.11353,390.40253,390.6521,92968400,SPY,385.59,376.93,387.63,0.0199,-0.0106,393.76,399.81,387.71,0.0079
2023-04-28,399.2234,399.233,394.90414,394.96173,89433100,SPY,385.66,377.14,388.08,0.0085,-0.0022,394.34,400.1,388.58,0.008
2023-05-01,398.82034,400.84558,398.58997,398.78195,62122300,SPY,385.83,377.34,388.5,-0.001,-0.0032,394.64,400.69,388.59,0.0074
2023-05-02,394.33783,398.158,391.43915,398.10995,103998500,SPY,385.93,377.48,388.73,-0.0112,-0.0143,394.63,400.68,388.58,0.0078
2023-05-03,391.63113,397.24615,391.39117,394.83698,91531800,SPY,386.13,377.63,388.85,-0.0069,-0.0211,394.6,400.71,388.49,0.0079
2023-05-04,388.8572,390.91122,387.52304,390.5849,94901900,SPY,386.29,377.72,388.85,-0.0071,-0.0281,394.48,400.95,388.01,0.008
2023-05-05,396.056,397.1022,392.2263,392.4854,87891800,SPY,386.54,377.83,389.13,0.0185,-0.0101,394.65,401.1,388.2,0.009
2023-05-08,396.1616,396.6415,394.76025,396.38235,50046800,SPY,386.89,377.92,389.4,0.0003,-0.0098,394.8,401.25,388.35,0.009
2023-05-09,394.4243,395.5377,394.19394,394.61627,49220100,SPY,387.17,378.02,389.6,-0.0044,-0.0142,394.85,401.26,388.44,0.0091
2023-05-10,396.2671,397.88922,392.44693,397.2557,96142900,SPY,387.52,378.12,389.86,0.0047,-0.0095,395.08,401.33,388.83,0.0091
2023-05-11,395.57605,395.86398,393.5028,395.4033,70157100,SPY,387.88,378.25,390.09,-0.0017,-0.0112,395.02,401.22,388.82,0.0086
2023-05-12,395.05774,397.02542,392.63898,396.81424,70481500,SPY,388.17,378.32,390.28,-0.0013,-0.0125,394.98,401.17,388.79,0.0086
2023-05-15,396.42075,396.82385,393.7524,395.66248,54289400,SPY,388.37,378.38,390.52,0.0035,-0.009,394.93,401.06,388.8,0.0086
2023-05-16,393.7716,396.23837,393.762,395.31693,57705500,SPY,388.51,378.4,390.65,-0.0067,-0.0157,394.74,400.76,388.72,0.0087
2023-05-17,398.55154,399.15622,394.1459,395.78723,87287000,SPY,388.87,378.44,390.96,0.0121,-0.0038,394.8,400.94,388.66,0.0091
2023-05-18,402.39087,402.8132,398.01404,398.23477,97177200,SPY,389.29,378.52,391.41,0.0096,0.0058,395.15,402.17,388.13,0.0093
2023-05-19,401.8054,403.82104,400.58643,403.29315,103793300,SPY,389.83,378.57,391.82,-0.0015,0.0043,395.46,403.08,387.84,0.0093
2023-05-22,401.96857,403.5043,400.5864,401.8246,60745400,SPY,390.49,378.61,392.21,0.0004,0.0047,395.75,403.91,387.59,0.0093
2023-05-23,397.45734,401.90137,397.0638,400.32724,86383500,SPY,391.07,378.64,392.42,-0.0112,-0.0066,396.14,403.83,388.45,0.0089
2023-05-24,394.57776,396.23828,393.41638,395.85434,89213700,SPY,391.47,378.66,392.5,-0.0072,-0.0137,396.46,403.21,389.71,0.009
2023-05-25,397.9948,399.44418,395.8448,398.0812,90961600,SPY,391.99,378.7,392.72,0.0087,-0.0051,396.57,403.35,389.79,0.0081
2023-05-26,403.14914,403.86902,398.57074,398.64752,93830000,SPY,392.48,378.72,393.13,0.013,0.0078,396.76,404.07,389.45,0.0084
2023-05-30,403.3027,405.6063,401.92053,405.0784,72216000,SPY,393.06,378.75,393.53,0.0004,0.0082,396.99,404.82,389.16,0.0084
2023-05-31,401.06625,402.38123,399.5017,401.47897,110811800,SPY,393.52,378.73,393.82,-0.0055,0.0027,397.32,405.25,389.39,0.008
2023-06-01,404.87686,405.93268,400.0489,401.29666,88865000,SPY,393.96,378.72,394.26,0.0095,0.0122,397.99,406.13,389.85,0.008
2023-06-02,410.7318,411.51886,406.92126,407.44916,91426200,SPY,394.65,378.74,394.9,0.0145,0.0269,399.08,407.9,390.26,0.0082
2023-06-05,409.94476,412.36353,409.24408,411.07736,65460200,SPY,395.3,378.76,395.49,-0.0019,0.0249,399.77,409.71,389.83,0.0074
2023-06-06,410.83737,411.36526,408.8793,409.532,64022200,SPY,395.92,378.79,396.09,0.0022,0.0272,400.51,411.44,389.58,0.0074
2023-06-07,409.41684,412.36353,408.9945,411.23093,85373300,SPY,396.49,378.84,396.62,-0.0035,0.0236,401.26,412.49,390.03,0.0073
2023-06-08,411.89316,412.34427,408.71613,409.48398,61952800,SPY,397.14,378.94,397.22,0.006,0.0297,402.04,413.96,390.12,0.0074
2023-06-09,412.6323,414.63834,411.64368,412.68988,85742800,SPY,397.69,379.05,397.82,0.0018,0.0316,402.89,415.29,390.49,0.0073
2023-06-12,416.37564,416.45245,412.89148,413.61136,76104300,SPY,398.26,379.17,398.55,0.0091,0.041,403.96,417.16,390.76,0.0074
2023-06-13,419.1208,419.76385,417.17233,417.83463,95899700,SPY,398.79,379.27,399.35,0.0066,0.0478,405.09,419.42,390.76,0.0075
2023-06-14,419.61987,421.42438,416.17407,419.45673,100612100,SPY,399.29,379.45,400.15,0.0012,0.0491,406.39,421.08,391.7,0.0072
2023-06-15,424.82217,426.06995,418.70804,418.80402,110303100,SPY,399.94,379.67,401.12,0.0124,0.0621,407.7,424.04,391.36,0.0072
2023-06-16,423.37518,427.3733,422.90314,426.80487,114165800,SPY,400.59,379.9,401.99,-0.0034,0.0585,408.75,426.31,391.19,0.0072
2023-06-20,421.17862,422.32507,419.10733,421.43875,76160400,SPY,401.15,380.13,402.74,-0.0052,0.053,409.72,427.8,391.64,0.0073
2023-06-21,419.02057,420.9955,418.4329,420.19592,76982300,SPY,401.67,380.35,403.38,-0.0051,0.0476,410.57,428.72,392.42,0.0075
2023-06-22,420.53314,420.6391,417.72964,418.06683,70637200,SPY,402.22,380.59,404.05,0.0036,0.0514,411.72,429.28,394.16,0.0068
2023-06-23,417.3539,419.1362,416.64102,417.08417,92074500,SPY,402.73,380.82,404.58,-0.0076,0.0434,412.86,428.6,397.12,0.0068
2023-06-26,415.6487,418.70267,415.40787,416.78552,72823600,SPY,403.11,381.02,405.01,-0.0041,0.0391,413.74,427.86,399.62,0.0069
2023-06-27,420.20557,420.8221,416.07257,416.5254,72813700,SPY,403.59,381.22,405.61,0.011,0.0505,414.6,428.08,401.12,0.0067
2023-06-28,420.41754,421.4291,418.51,419.12656,75636000,SPY,404.05,381.4,406.19,0.0005,0.0511,415.45,428.05,402.85,0.0067
2023-06-29,422.07455,422.23834,419.59863,420.00327,67882300,SPY,404.54,381.56,406.81,0.0039,0.0552,416.5,427.45,405.55,0.0065
2023-06-30,427.05533,428.038,424.96475,425.28268,104964000,SPY,405.14,381.83,407.6,0.0118,0.0676,417.61,428.08,407.14,0.0066
2023-07-03,427.54666,427.82602,426.4291,426.7085,32793400,SPY,405.78,382.1,408.39,0.0012,0.0689,418.45,429.29,407.61,0.006
2023-07-05,426.91083,427.643,425.72583,425.73547,58418400,SPY,406.4,382.38,409.11,-0.0015,0.0673,419.3,429.99,408.61,0.006
2023-07-06,423.5678,423.9917,421.06296,423.3366,80658300,SPY,406.96,382.67,409.68,-0.0078,0.059,419.94,430.0,409.88,0.0064
2023-07-07,422.4984,426.43875,422.25757,422.5755,86134200,SPY,407.61,382.93,410.18,-0.0025,0.0563,420.59,429.39,411.79,0.0064
2023-07-10,423.5678,423.7412,421.57358,422.14197,62443500,SPY,408.32,383.22,410.71,0.0025,0.059,421.18,429.06,413.3,0.0063
2023-07-11,426.26535,426.75668,423.3559,424.32895,64463800,SPY,408.93,383.55,411.32,0.0064,0.0657,421.86,428.94,414.78,0.0064
2023-07-12,429.69504,431.10162,428.62567,430.0515,91924500,SPY,409.54,383.92,412.04,0.008,0.0743,422.52,429.93,415.11,0.0063
2023-07-13,433.10547,433.89548,431.07272,431.50623,72425200,SPY,410.22,384.34,412.86,0.0079,0.0828,423.22,431.82,414.62,0.0064
2023-07-14,432.83575,434.8396,432.07465,433.99185,69815800,SPY,410.99,384.77,413.65,-0.0006,0.0821,423.88,433.31,414.45,0.0064
2023-07-17,434.33862,435.38873,432.64304,432.69122,52680200,SPY,411.85,385.21,414.46,0.0035,0.0859,424.36,434.88,413.84,0.0059
2023-07-18,437.56595,438.2114,433.57745,434.01102,80668200,SPY,412.82,385.63,415.36,0.0074,0.0939,425.07,437.12,413.02,0.0059
2023-07-19,438.53903,439.724,437.4889,438.356,65891700,SPY,413.67,386.1,416.27,0.0022,0.0963,425.94,439.24,412.64,0.0057
2023-07-20,435.62958,438.44272,434.9167,437.54675,70591600,SPY,414.46,386.58,417.03,-0.0066,0.0891,426.77,440.33,413.21,0.0058
2023-07-21,435.62958,437.54675,435.61996,437.34442,71275600,SPY,415.28,387.01,417.76,0.0,0.0891,427.52,441.29,413.75,0.0058
2023-07-24,437.57562,438.3849,435.74515,436.77597,54023400,SPY,416.11,387.4,418.54,0.0045,0.094,428.53,442.13,414.93,0.0054
2023-07-25,438.7702,440.0226,437.25766,437.30585,55191200,SPY,416.97,387.8,419.33,0.0027,0.0969,429.69,442.59,416.79,0.0052
2023-07-26,438.8377,440.26352,436.78568,437.83575,71052900,SPY,417.85,388.22,420.1,0.0002,0.0972,430.62,443.32,417.92,0.0049
2023-07-27,435.92828,442.62393,435.02267,442.21927,92194400,SPY,418.64,388.67,420.72,-0.0066,0.0899,431.4,443.35,419.45,0.0052
2023-07-28,440.19617,441.0247,435.92828,439.1942,80011800,SPY,419.57,389.16,421.48,0.0098,0.1006,432.3,444.02,420.58,0.0055
2023-07-31,441.03424,441.3907,439.3579,440.66815,62040400,SPY,420.42,389.66,422.25,0.0019,0.1027,433.0,445.07,420.93,0.005
2023-08-01,439.7722,440.514,438.8184,439.56985,55291500,SPY,421.17,390.16,422.94,-0.0029,0.0995,433.61,445.75,421.47,0.0051
2023-08-02,433.65463,436.92053,432.90317,436.66043,93933400,SPY,421.8,390.59,423.36,-0.0139,0.0842,433.95,445.68,422.22,0.0061
2023-08-03,432.41183,434.29047,430.99564,431.6411,64276100,SPY,422.41,391.05,423.71,-0.0029,0.0811,434.39,445.09,423.69,0.0059
2023-08-04,430.45612,436.3232,429.93588,434.22302,100128900,SPY,423.07,391.46,423.98,-0.0045,0.0762,434.79,444.13,425.45,0.0059
2023-08-07,434.21335,434.3675,431.5929,432.28656,58357500,SPY,423.86,391.86,424.38,0.0087,0.0856,435.32,443.04,427.6,0.0062
2023-08-08,432.32513,434.20377,428.9725,431.67966,71361300,SPY,424.55,392.27,424.69,-0.0043,0.0809,435.63,442.25,429.01,0.0062
2023-08-09,429.43488,432.7586,428.6738,432.59482,78789600,SPY,425.08,392.68,424.87,-0.0067,0.0737,435.61,442.28,428.94,0.0061
2023-08-10,429.58908,435.16718,428.42337,431.7856,93005500,SPY,425.6,393.04,425.06,0.0004,0.0741,435.44,442.56,428.32,0.0059
2023-08-11,429.3386,430.3502,427.12277,427.7201,68690900,SPY,426.17,393.39,425.23,-0.0006,0.0734,435.26,442.81,427.71,0.0059
2023-08-14,431.7086,431.7086,428.11514,428.42343,47867400,SPY,426.7,393.71,425.48,0.0055,0.0794,435.13,442.84,427.42,0.0059
2023-08-15,426.6796,430.29233,426.11118,429.93585,75707500,SPY,427.02,394.03,425.53,-0.0116,0.0668,434.59,443.07,426.11,0.0062
2023-08-16,423.54858,427.9224,423.4426,426.26535,80107200,SPY,427.3,394.34,425.45,-0.0073,0.059,433.84,443.43,424.25,0.0063
2023-08-17,420.32117,425.273,419.80093,425.0129,95711300,SPY,427.48,394.59,425.25,-0.0076,0.051,433.07,444.35,421.79,0.0063
2023-08-18,420.52344,421.5543,417.1612,417.508,98852000,SPY,427.71,394.85,425.06,0.0005,0.0515,432.32,444.84,419.8,0.0063
2023-08-21,423.25955,424.00137,419.3867,421.53506,68719000,SPY,427.93,395.14,424.99,0.0065,0.0584,431.6,444.48,418.72,0.0064
2023-08-22,422.11307,425.03217,421.55432,425.03217,64994200,SPY,428.12,395.47,424.88,-0.0027,0.0555,430.77,443.85,417.69,0.0064
2023-08-23,426.81445,427.43103,423.0283,423.17282,68441000,SPY,428.33,395.84,424.96,0.0111,0.0672,430.17,442.79,417.55,0.007
2023-08-24,420.89926,428.92435,420.87033,428.41376,88517300,SPY,428.37,396.15,424.8,-0.0139,0.0524,429.41,442.37,416.45,0.0074
2023-08-25,423.86652,425.14783,419.07843,422.62372,102325100,SPY,428.45,396.46,424.76,0.007,0.0597,428.6,440.73,416.47,0.0072
2023-08-28,426.5544,427.17096,423.86652,426.05344,61595400,SPY,428.49,396.78,424.83,0.0063,0.0664,427.87,438.51,417.23,0.0074
2023-08-29,432.72012,432.9995,426.26535,426.4484,83081900,SPY,428.67,397.16,425.14,0.0145,0.0819,427.52,436.89,418.15,0.0082
2023-08-30,434.50238,435.1382,432.354,433.05728,69053900,SPY,428.94,397.45,425.51,0.0041,0.0863,427.56,437.06,418.06,0.0077
2023-08-31,433.86655,436.25577,433.6835,435.11896,66084600,SPY,429.24,397.73,425.84,-0.0015,0.0847,427.64,437.31,417.97,0.0077
2023-09-01,434.67584,437.0651,433.2211,436.58337,58944100,SPY,429.52,398.02,426.18,0.0019,0.0868,427.85,437.96,417.74,0.0076
2023-09-05,432.79718,434.55057,432.72977,434.23267,55166200,SPY,429.83,398.29,426.44,-0.0043,0.0821,427.78,437.72,417.84,0.0074
2023-09-06,429.88766,432.09384,427.56586,431.98785,70758500,SPY,430.11,398.55,426.58,-0.0067,0.0748,427.66,437.42,417.9,0.0075
2023-09-07,428.5679,429.24225,426.54477,426.89157,70355400,SPY,430.28,398.82,426.65,-0.0031,0.0715,427.61,437.34,417.88,0.0074
2023-09-08,429.2133,430.7451,428.25952,428.616,61659700,SPY,430.46,399.08,426.76,0.0015,0.0731,427.59,437.31,417.87,0.0074
2023-09-11,432.03616,432.34442,430.12863,431.83383,60180100,SPY,430.66,399.36,426.96,0.0066,0.0802,427.73,437.62,417.84,0.0075
2023-09-12,429.66617,432.11322,429.08817,430.59106,67565400,SPY,430.71,399.61,427.07,-0.0055,0.0742,427.63,437.39,417.87,0.0075
2023-09-13,430.16708,431.32315,428.7894,429.8877,60199300,SPY,430.76,399.84,427.19,0.0012,0.0755,427.8,437.62,417.98,0.0071
2023-09-14,433.87616,434.5698,431.3328,432.6334,83430800,SPY,430.9,400.1,427.45,0.0086,0.0848,428.32,438.28,418.36,0.007
2023-09-15,428.64865,432.6222,428.21362,432.2935,111848900,SPY,431.0,400.36,427.5,-0.012,0.0718,428.73,437.95,419.51,0.0074
2023-09-18,428.90005,430.19556,427.86557,428.3393,55752200,SPY,431.13,400.62,427.55,0.0006,0.0724,429.15,437.52,420.78,0.0074
2023-09-19,428.01062,428.57138,425.3326,427.98163,66514600,SPY,431.22,400.82,427.57,-0.0021,0.0702,429.39,437.32,421.46,0.0073
2023-09-20,424.07574,429.68317,423.8727,429.26743,82562600,SPY,431.18,401.0,427.43,-0.0092,0.0603,429.49,437.08,421.9,0.0076
2023-09-21,417.06653,421.49445,416.91183,421.23343,104095800,SPY,430.92,401.15,427.03,-0.0165,0.0428,429.0,438.36,419.64,0.008
2023-09-22,416.12872,419.68652,415.71298,418.0913,100829700,SPY,430.58,401.33,426.6,-0.0022,0.0405,428.76,439.17,418.35,0.0074
2023-09-25,417.8786,417.91727,414.48514,414.9202,70874500,SPY,430.28,401.55,426.26,0.0042,0.0449,428.46,439.77,417.15,0.0073
2023-09-26,411.73938,415.54855,410.90793,414.8428,96168400,SPY,429.83,401.73,425.69,-0.0147,0.0295,427.72,441.27,414.17,0.0078
2023-09-27,411.90378,413.47,408.26865,412.90924,104705800,SPY,429.32,401.91,425.15,0.0004,0.0299,426.68,441.73,411.63,0.0068
2023-09-28,414.29172,415.9643,410.7629,411.3527,92258300,SPY,428.83,402.11,424.72,0.0058,0.0359,425.67,441.22,410.12,0.0069
2023-09-29,413.2863,417.51117,411.7684,417.33716,115111300,SPY,428.39,402.27,424.27,-0.0024,0.0334,424.64,440.62,408.66,0.0069
2023-10-02,413.12198,414.36914,410.3666,412.4549,83798600,SPY,427.94,402.43,423.84,-0.0004,0.033,423.56,439.6,407.52,0.0068
2023-10-03,407.59186,413.17993,406.22867,410.94666,103760600,SPY,427.34,402.56,423.2,-0.0134,0.0192,422.3,439.22,405.38,0.0072
2023-10-04,410.55994,411.30435,406.59607,408.05594,87453000,SPY,426.77,402.76,422.7,0.0073,0.0266,421.34,438.64,404.04,0.0075
2023-10-05,410.4053,411.2464,407.18588,410.26993,70142700,SPY,426.2,402.98,422.22,-0.0004,0.0262,420.43,438.04,402.82,0.0075
2023-10-06,415.2779,416.8151,406.63474,407.95923,113273300,SPY,425.79,403.24,421.95,0.0119,0.0384,419.73,436.97,402.49,0.0081
2023-10-09,417.9366,418.50702,412.83194,413.383,80374400,SPY,425.35,403.51,421.79,0.0064,0.0451,419.03,435.28,402.78,0.0081
2023-10-10,420.1119,422.7029,418.16864,418.56503,78607300,SPY,424.93,403.77,421.73,0.0052,0.0505,418.55,434.02,403.08,0.0082
2023-10-11,421.8328,422.08414,418.79703,421.17538,62451700,SPY,424.57,404.06,421.73,0.0041,0.0548,418.13,432.71,403.55,0.0083
2023-10-12,419.26108,422.81888,416.91177,422.44183,81154200,SPY,424.28,404.32,421.63,-0.0061,0.0484,417.4,429.98,404.82,0.008
2023-10-13,417.17282,421.95847,415.60663,420.75964,95143100,SPY,423.98,404.58,421.46,-0.005,0.0431,416.83,428.25,405.41,0.0077
2023-10-16,421.56213,422.6256,419.17413,419.41583,75433200,SPY,423.8,404.89,421.46,0.0105,0.0541,416.46,426.65,406.27,0.0081
2023-10-17,421.5428,423.5924,418.09134,418.43936,75324700,SPY,423.55,405.17,421.47,-0.0,0.0541,416.14,425.13,407.15,0.0081
2023-10-18,415.92563,420.73062,414.84283,419.7735,93559800,SPY,423.22,405.42,421.25,-0.0133,0.0401,415.73,423.9,407.56,0.0084
2023-10-19,412.2712,418.44907,411.59448,416.64114,121323000,SPY,422.87,405.66,420.9,-0.0088,0.0309,415.49,423.78,407.2,0.0078
2023-10-20,407.2052,412.37756,407.09885,411.83615,123919900,SPY,422.43,405.86,420.36,-0.0123,0.0182,415.04,424.11,405.97,0.0082
2023-10-23,406.49942,410.35696,403.92773,405.67764,92035100,SPY,421.97,406.08,419.82,-0.0017,0.0165,414.47,424.19,404.75,0.0081
2023-10-24,409.56415,410.71463,406.77008,408.61667,78564200,SPY,421.53,406.27,419.41,0.0075,0.0241,414.37,424.27,404.47,0.0077
2023-10-25,403.68597,407.9109,403.17358,407.8819,94223200,SPY,421.07,406.43,418.8,-0.0144,0.0094,413.96,424.91,403.01,0.0083
2023-10-26,398.85202,403.4733,397.9336,402.62256,115156800,SPY,420.57,406.56,418.02,-0.012,-0.0027,413.18,426.04,400.32,0.0085
2023-10-27,397.0441,400.83395,395.6229,400.43756,107367700,SPY,420.11,406.66,417.19,-0.0045,-0.0072,412.37,427.12,397.62,0.0086
2023-10-30,401.79108,402.84488,398.533,399.8285,86562700,SPY,419.73,406.77,416.59,0.012,0.0047,411.8,427.28,396.32,0.0091
2023-10-31,404.31445,404.63348,400.4569,402.3615,79665200,SPY,419.35,406.88,416.11,0.0063,0.011,411.64,427.38,395.9,0.0088
2023-11-01,408.62634,409.43845,404.74948,405.28122,98068100,SPY,419.08,407.02,415.81,0.0107,0.0218,411.54,427.33,395.75,0.009
2023-11-02,416.45743,416.61212,412.39688,412.4162,94938900,SPY,418.88,407.23,415.84,0.0192,0.0415,411.85,427.78,395.92,0.01
2023-11-03,420.25693,421.8038,418.63272,418.7584,100167800,SPY,418.86,407.48,416.01,0.0091,0.0509,412.1,428.4,395.8,0.0098
2023-11-06,421.22372,421.66846,419.28046,421.01102,67831700,SPY,418.81,407.69,416.22,0.0023,0.0534,412.26,428.87,395.65,0.0097
2023-11-07,422.42252,423.0606,420.0829,421.2237,64256100,SPY,418.73,407.89,416.46,0.0028,0.0563,412.38,429.25,395.51,0.0097
2023-11-08,422.7319,423.544,420.4309,423.02194,61746000,SPY,418.53,408.09,416.71,0.0007,0.057,412.42,429.41,395.43,0.0097
2023-11-09,419.43515,423.91144,419.00977,423.87274,83174400,SPY,418.23,408.27,416.81,-0.0078,0.0488,412.43,429.43,395.43,0.0097
2023-11-10,425.98035,426.28973,419.42548,421.5041,89462200,SPY,418.07,408.47,417.17,0.0156,0.0652,412.87,430.82,394.92,0.0102
2023-11-13,425.57428,426.67642,423.86307,424.64615,52236100,SPY,417.89,408.65,417.5,-0.001,0.0641,413.07,431.51,394.63,0.01
2023-11-14,433.83075,435.11658,431.27838,431.50076,97176900,SPY,417.91,408.91,418.14,0.0194,0.0847,413.68,434.03,393.33,0.0109
2023-11-15,434.74918,436.39273,433.89838,435.1649,77327600,SPY,418.01,409.14,418.79,0.0021,0.087,414.63,437.05,392.21,0.0103
2023-11-16,435.2809,435.59995,433.24097,434.30444,66665800,SPY,418.14,409.35,419.44,0.0012,0.0883,415.78,439.98,391.58,0.0099
2023-11-17,435.82236,436.43146,434.37216,435.2906,83133200,SPY,418.27,409.54,420.08,0.0012,0.0896,417.21,442.63,391.79,0.0093
2023-11-20,439.1772,440.01828,435.56134,435.571,69936200,SPY,418.41,409.76,420.83,0.0077,0.098,418.84,445.53,392.15,0.0093
2023-11-21,438.21997,439.05142,436.95346,438.13297,49244600,SPY,418.59,409.99,421.51,-0.0022,0.0956,420.27,447.93,392.61,0.0093
2023-11-22,439.9119,441.22675,438.81943,439.87323,59394900,SPY,418.78,410.21,422.23,0.0039,0.0999,422.09,449.92,394.26,0.0083
2023-11-24,440.18262,440.37598,439.63156,439.96027,29737400,SPY,418.91,410.45,422.94,0.0006,0.1005,424.15,450.83,397.47,0.0075
2023-11-27,439.3898,440.36624,439.00305,439.55414,50506000,SPY,419.12,410.7,423.58,-0.0018,0.0985,426.27,450.5,402.04,0.0073
2023-11-28,439.82483,441.12033,438.44232,439.00305,62115000,SPY,419.34,410.95,424.22,0.001,0.0996,428.17,450.17,406.17,0.0072
2023-11-29,439.51553,443.1024,439.11917,441.9712,63146000,SPY,419.57,411.17,424.82,-0.0007,0.0989,429.93,449.38,410.48,0.0073
2023-11-30,441.24606,441.59412,438.28766,440.35663,79752700,SPY,419.91,411.4,425.46,0.0039,0.1032,431.56,448.84,414.28,0.0071
2023-12-01,443.85645,444.38818,440.04727,440.637,89183400,SPY,420.45,411.64,426.19,0.0059,0.1097,432.93,449.5,416.36,0.0061
2023-12-04,441.52643,443.87573,439.25446,440.47263,72430900,SPY,420.96,411.9,426.79,-0.0052,0.1039,434.0,449.86,418.14,0.0062
2023-12-05,441.43945,442.39658,439.76688,440.14395,69793500,SPY,421.43,412.16,427.36,-0.0002,0.1037,435.01,449.99,420.03,0.0063
2023-12-06,439.66055,443.60507,439.2255,443.57608,69124700,SPY,421.99,412.45,427.84,-0.004,0.0993,435.87,449.75,421.99,0.0064
2023-12-07,443.01526,443.663,441.13968,441.73907,66995400,SPY,422.61,412.76,428.44,0.0076,0.1076,436.88,449.64,424.12,0.0065
2023-12-08,444.9199,445.45163,442.02914,442.27084,83194400,SPY,423.22,413.07,429.09,0.0043,0.1124,438.16,448.43,427.89,0.0061
2023-12-11,446.65045,446.8245,444.21414,444.42682,65002200,SPY,423.89,413.41,429.77,0.0039,0.1167,439.19,448.4,429.98,0.0053
2023-12-12,448.69043,448.7871,445.30664,446.30243,68327600,SPY,424.6,413.75,430.52,0.0046,0.1219,440.35,448.05,432.65,0.0053
2023-12-13,454.87793,455.1293,448.70975,449.06747,93278000,SPY,425.55,414.13,431.47,0.0138,0.1373,441.4,450.89,431.91,0.0044
2023-12-14,456.3378,458.0007,453.66943,456.81152,119026000,SPY,426.46,414.52,432.45,0.0032,0.141,442.48,453.57,431.39,0.0044
2023-12-15,455.58646,456.91635,453.7421,455.74176,141553700,SPY,427.37,414.9,433.35,-0.0016,0.1392,443.49,455.48,431.5,0.0045
2023-12-18,458.1491,459.12955,456.13004,457.1881,70375300,SPY,428.22,415.26,434.33,0.0056,0.1455,444.61,457.7,431.52,0.0046
2023-12-19,460.9351,461.01276,458.61508,458.69275,55761800,SPY,429.08,415.63,435.37,0.0061,0.1525,445.7,460.41,430.99,0.0045
2023-12-20,454.54776,461.96402,454.12064,460.08084,102921000,SPY,429.77,416.0,436.12,-0.0139,0.1365,446.51,461.28,431.74,0.0057
2023-12-21,458.8578,459.12958,455.1108,457.5279,86667500,SPY,430.51,416.38,437.01,0.0095,0.1473,447.46,462.87,432.05,0.006
2023-12-22,459.7799,461.45926,457.88702,459.98376,67160400,SPY,431.32,416.81,437.91,0.002,0.1496,448.44,464.38,432.5,0.006
2023-12-26,461.72134,462.6241,460.10995,460.18762,55387000,SPY,432.21,417.27,438.84,0.0042,0.1544,449.56,465.95,433.17,0.0059
2023-12-27,462.55618,462.70178,460.9836,461.51752,68000300,SPY,433.03,417.74,439.77,0.0018,0.1565,450.69,467.39,433.99,0.0059
2023-12-28,462.7309,463.5657,462.3135,462.91534,77158100,SPY,433.86,418.18,440.67,0.0004,0.157,451.85,468.51,435.19,0.0059
2023-12-29,461.3913,463.06094,459.44016,462.53674,122283100,SPY,434.77,418.63,441.48,-0.0029,0.1536,452.86,469.25,436.47,0.006
2024-01-02,458.80923,459.79938,456.7125,458.3336,123623700,SPY,435.7,419.03,442.16,-0.0056,0.1471,453.61,469.63,437.59,0.0062
2024-01-03,455.06226,457.39197,454.46042,456.6542,103585900,SPY,436.65,419.43,442.67,-0.0082,0.1377,454.29,469.27,439.31,0.0064
2024-01-04,453.59647,457.1687,453.3732,454.58658,84232200,SPY,437.6,419.81,443.1,-0.0032,0.1341,454.89,468.61,441.17,0.0064
2024-01-05,454.2177,456.6639,452.77133,453.8003,86118900,SPY,438.49,420.17,443.53,0.0014,0.1357,455.62,467.34,443.9,0.0063
2024-01-08,460.7021,460.8477,454.58655,454.71274,74879100,SPY,439.63,420.59,444.21,0.0143,0.1519,456.51,466.81,446.21,0.0068
2024-01-09,460.00317,461.0224,457.54727,458.05203,65931400,SPY,440.85,421.0,444.83,-0.0015,0.1502,457.26,466.09,448.43,0.0068
2024-01-10,462.6047,463.46866,459.99347,460.275,67310600,SPY,442.16,421.42,445.52,0.0057,0.1568,458.06,465.65,450.47,0.0069
2024-01-11,462.40085,464.11902,458.43063,463.60452,77940700,SPY,443.38,421.83,446.19,-0.0004,0.1563,458.74,465.15,452.33,0.0069
2024-01-12,462.72116,464.58496,461.31363,463.8472,58026400,SPY,444.54,422.24,446.83,0.0007,0.1571,459.14,465.51,452.77,0.0062
2024-01-16,461.0224,462.6532,459.20715,461.34274,85014900,SPY,445.59,422.62,447.39,-0.0037,0.1528,459.37,465.65,453.09,0.0063
2024-01-17,458.45978,458.94513,456.11063,458.00354,68843900,SPY,446.43,422.98,447.82,-0.0056,0.1464,459.51,465.56,453.46,0.0064
2024-01-18,462.53674,463.09006,458.58594,460.1294,91856200,SPY,447.28,423.32,448.4,0.0089,0.1566,459.73,465.89,453.57,0.0066
2024-01-19,468.30283,468.58435,462.58533,463.6628,110834500,SPY,448.22,423.69,449.18,0.0125,0.171,460.1,467.34,452.86,0.007
2024-01-22,469.293,471.01117,468.6426,469.8366,75844900,SPY,449.16,424.08,449.97,0.0021,0.1735,460.84,468.68,453.0,0.0061
2024-01-23,470.66162,470.9043,468.74933,469.83655,49945300,SPY,450.12,424.48,450.78,0.0029,0.1769,461.43,470.35,452.51,0.0058
2024-01-24,471.17612,474.45712,470.68103,473.52524,81765000,SPY,451.15,424.87,451.58,0.0011,0.1782,462.0,471.88,452.12,0.0058
2024-01-25,473.7388,474.0106,471.17612,473.30197,72525000,SPY,452.11,425.27,452.45,0.0054,0.1845,462.6,473.78,451.42,0.0059
2024-01-26,473.13705,474.79697,472.29254,473.31177,76641600,SPY,453.06,425.67,453.26,-0.0013,0.183,463.13,475.26,451.0,0.0059
2024-01-29,476.8839,477.02954,472.904,473.4476,61322800,SPY,453.92,426.1,454.19,0.0079,0.1923,463.84,477.44,450.24,0.0061
2024-01-30,476.51514,477.22375,475.75793,476.1948,58618400,SPY,454.75,426.49,455.06,-0.0008,0.1914,464.59,479.26,449.92,0.006
2024-01-31,468.73965,474.7581,468.7202,474.31155,126011100,SPY,455.42,426.86,455.6,-0.0163,0.172,465.09,479.6,450.58,0.0071
2024-02-01,474.87454,474.90366,469.63266,470.43835,91891600,SPY,456.2,427.25,456.36,0.0131,0.1873,466.08,480.42,451.74,0.0072
2024-02-02,479.87375,481.52396,474.97162,475.31137,99228200,SPY,457.02,427.66,457.28,0.0105,0.1998,467.39,481.73,453.05,0.0073
2024-02-05,478.1264,479.90283,475.87436,479.24274,75757100,SPY,457.82,428.06,458.1,-0.0036,0.1955,468.59,482.27,454.91,0.0074
2024-02-06,479.5146,479.84464,477.64108,479.06802,55918600,SPY,458.61,428.48,458.94,0.0029,0.1989,469.53,483.51,455.55,0.0069
2024-02-07,483.51398,483.93137,480.8542,481.757,70556500,SPY,459.47,428.92,459.9,0.0083,0.2089,470.7,485.25,456.15,0.007
2024-02-08,483.72754,484.1061,482.69858,483.51398,52343600,SPY,460.36,429.36,460.83,0.0004,0.2094,471.76,486.89,456.63,0.007
2024-02-09,486.52322,486.96002,483.89255,484.23233,63979400,SPY,461.29,429.84,461.84,0.0058,0.2164,472.97,488.79,457.15,0.007
2024-02-12,486.3096,488.7558,485.59125,486.49405,56502300,SPY,462.23,430.33,462.8,-0.0004,0.2159,474.15,490.27,458.03,0.007
2024-02-13,479.61166,482.53354,476.35007,480.0485,113099200,SPY,463.0,430.75,463.46,-0.0138,0.1991,475.08,490.12,460.04,0.0078
2024-02-14,483.97018,484.45554,479.92227,482.2423,68387800,SPY,463.8,431.18,464.26,0.0091,0.21,476.35,489.69,463.01,0.0077
2024-02-15,487.30948,487.49393,484.19345,484.66913,61683000,SPY,464.72,431.62,465.17,0.0069,0.2184,477.59,490.1,465.08,0.0077
2024-02-16,484.88266,488.14426,484.1449,487.00854,75532900,SPY,465.58,432.07,465.94,-0.005,0.2123,478.42,490.53,466.31,0.0075
2024-02-20,482.2132,483.81488,479.97086,483.14508,71736700,SPY,466.44,432.53,466.58,-0.0055,0.2056,479.07,490.49,467.65,0.0077
2024-02-21,482.65,482.8053,479.10687,480.91245,59293400,SPY,467.23,432.99,467.21,0.0009,0.2067,479.66,490.46,468.86,0.0076
2024-02-22,492.63867,493.59967,488.28986,489.2509,76402500,SPY,468.18,433.48,468.21,0.0207,0.2317,480.74,492.23,469.25,0.0088
2024-02-23,492.97842,495.19165,492.2504,494.3568,61321800,SPY,469.11,433.96,469.18,0.0007,0.2326,481.7,493.92,469.48,0.0088
2024-02-26,491.17288,493.85208,491.0467,493.41522,50386700,SPY,469.96,434.45,470.04,-0.0037,0.228,482.6,494.83,470.37,0.0088
2024-02-27,492.0854,492.30865,489.96924,491.86215,48854500,SPY,470.7,434.92,470.91,0.0019,0.2303,483.36,495.97,470.75,0.0087
2024-02-28,491.43503,492.01743,490.17307,490.53223,56506600,SPY,471.41,435.4,471.71,-0.0013,0.2287,484.11,496.78,471.44,0.0087
2024-02-29,493.20172,494.8131,490.5517,493.19205,83924800,SPY,472.16,435.89,472.55,0.0036,0.2332,485.33,496.38,474.28,0.0076
2024-03-01,497.83197,498.2591,493.6676,494.07532,76844800,SPY,472.95,436.4,473.54,0.0094,0.2447,486.48,497.72,475.24,0.0074
2024-03-04,497.29813,499.14252,497.00693,497.03607,49799300,SPY,473.68,436.92,474.48,-0.0011,0.2434,487.35,499.12,475.58,0.0072
2024-03-05,492.32803,495.74496,490.1245,495.29843,72855600,SPY,474.43,437.39,475.18,-0.01,0.2309,488.06,499.19,476.93,0.0076
2024-03-06,494.82275,497.07483,493.5317,495.5993,68382400,SPY,475.15,437.85,475.95,0.0051,0.2372,488.83,499.58,478.08,0.0076
2024-03-07,499.73462,500.78302,494.88104,498.11353,58652100,SPY,475.95,438.34,476.88,0.0099,0.2495,489.64,501.13,478.15,0.0077
2024-03-08,496.73508,503.0447,496.16235,500.36557,86532500,SPY,476.65,438.81,477.66,-0.006,0.242,490.29,501.84,478.74,0.0079
2024-03-11,496.308,496.89044,493.60944,495.53146,62557200,SPY,477.33,439.31,478.39,-0.0009,0.2409,490.78,502.49,479.07,0.0078
2024-03-12,501.64697,502.22937,495.9003,498.41446,73114400,SPY,478.11,439.84,479.3,0.0108,0.2543,491.54,504.0,479.08,0.0081
2024-03-13,500.86072,502.14206,499.42407,501.96735,55104100,SPY,478.9,440.36,480.15,-0.0016,0.2522,492.61,504.39,480.83,0.0073
2024-03-14,499.87054,501.9867,496.83218,501.83136,110171800,SPY,479.72,440.84,480.92,-0.002,0.2497,493.4,504.87,481.93,0.0072
2024-03-15,496.4381,498.259,494.77304,496.80814,107646300,SPY,480.54,441.31,481.53,-0.0069,0.2411,493.86,505.03,482.69,0.0073
2024-03-18,499.38852,501.9397,498.97955,500.4986,88893300,SPY,481.46,441.8,482.23,0.0059,0.2484,494.58,505.17,483.99,0.0073
2024-03-19,502.16367,502.446,497.6942,498.69717,60755300,SPY,482.42,442.28,483.01,0.0056,0.2554,495.58,504.95,486.21,0.0071
2024-03-20,506.80835,506.94467,501.55023,502.2221,69594600,SPY,483.34,442.77,483.94,0.0092,0.267,496.79,505.33,488.25,0.0073
2024-03-21,508.4832,510.343,508.20078,509.64194,60256100,SPY,484.31,443.26,484.91,0.0033,0.2712,497.58,507.35,487.81,0.0059
2024-03-22,507.5193,508.88248,507.28555,508.3956,79070800,SPY,485.21,443.74,485.79,-0.0019,0.2687,498.31,508.78,487.84,0.006
2024-03-25,506.11703,507.26602,505.9612,506.1462,48512100,SPY,486.08,444.22,486.59,-0.0028,0.2652,499.05,509.51,488.59,0.0059
2024-03-26,505.18222,507.8795,504.78302,507.53864,65463700,SPY,486.93,444.69,487.32,-0.0018,0.2629,499.71,509.97,489.45,0.006
2024-03-27,509.42773,509.46674,505.8444,508.00613,82999800,SPY,487.9,445.18,488.19,0.0084,0.2735,500.61,510.97,490.25,0.0061
2024-03-28,509.3303,510.8298,509.04794,509.4666,96294900,SPY,488.92,445.64,489.02,-0.0002,0.2733,501.41,511.86,490.96,0.0061
2024-04-01,508.44418,510.6059,507.28543,510.07037,62477500,SPY,489.84,446.09,489.78,-0.0017,0.2711,501.95,512.7,491.2,0.0059
2024-04-02,505.2115,505.34778,502.91342,504.6272,74230300,SPY,490.57,446.51,490.38,-0.0064,0.263,502.34,512.95,491.73,0.0061
2024-04-03,505.76645,507.26602,504.07217,504.12085,59155800,SPY,491.3,446.92,490.99,0.0011,0.2644,503.01,512.61,493.41,0.0056
2024-04-04,499.59305,510.10934,499.2912,509.76855,96858100,SPY,491.88,447.3,491.32,-0.0122,0.2489,503.25,512.21,494.29,0.0062
2024-04-05,504.81226,506.76947,500.50836,500.94656,74546500,SPY,492.56,447.72,491.85,0.0104,0.2619,503.51,512.33,494.69,0.0063
2024-04-08,505.09457,506.51624,504.2864,505.51334,48401800,SPY,493.18,448.15,492.37,0.0006,0.2627,503.92,512.17,495.67,0.0061
2024-04-09,505.67892,507.07135,500.83945,506.8279,68049200,SPY,493.83,448.57,492.89,0.0012,0.2642,504.39,511.84,496.94,0.0061
2024-04-10,500.61548,502.60187,498.63882,499.99228,82652800,SPY,494.31,448.99,493.2,-0.01,0.2516,504.34,511.89,496.79,0.0061
2024-04-11,504.3935,505.8346,498.62903,502.13443,70099000,SPY,494.87,449.43,493.64,0.0075,0.2609,504.52,511.89,497.15,0.0063
2024-04-12,497.4313,502.27075,495.7078,500.85883,92561100,SPY,495.44,449.82,493.78,-0.0138,0.2435,504.39,512.15,496.63,0.007
2024-04-15,491.19943,501.7644,490.35226,501.59888,92101400,SPY,495.77,450.17,493.68,-0.0125,0.228,504.13,513.25,495.01,0.0074
2024-04-16,490.30365,493.19565,489.0183,491.6766,73484000,SPY,495.97,450.52,493.55,-0.0018,0.2258,503.68,514.54,492.82,0.0073
2024-04-17,487.4019,492.92297,486.00946,492.75742,75910300,SPY,496.16,450.82,493.31,-0.0059,0.2186,502.94,516.01,489.87,0.0072
2024-04-18,486.39896,490.88788,485.46417,488.79437,74548100,SPY,496.3,451.11,493.04,-0.0021,0.216,501.92,516.79,487.05,0.0067
2024-04-19,482.1534,487.31418,480.88754,486.32098,102212600,SPY,496.27,451.39,492.61,-0.0087,0.2054,500.6,517.54,483.66,0.0068
2024-04-22,486.59372,489.18384,482.4164,484.75336,67961000,SPY,496.33,451.7,492.38,0.0092,0.2165,499.56,517.27,481.85,0.0073
2024-04-23,492.36795,492.7964,486.40872,488.5996,64633600,SPY,496.44,452.05,492.38,0.0119,0.231,498.87,516.57,481.17,0.0079
2024-04-24,492.13422,494.04272,489.9141,493.254,55928100,SPY,496.56,452.4,492.37,-0.0005,0.2304,498.22,515.9,480.54,0.0079
2024-04-25,490.26468,491.0242,484.42227,486.0679,69122400,SPY,496.77,452.72,492.28,-0.0038,0.2257,497.26,514.46,480.06,0.0076
2024-04-26,494.90933,496.4868,492.41656,493.0495,64306100,SPY,496.99,453.04,492.39,0.0095,0.2373,496.54,512.79,480.29,0.008
2024-04-29,496.66214,497.334,493.92596,496.69135,46415400,SPY,497.18,453.36,492.55,0.0035,0.2417,495.95,511.21,480.69,0.0081
2024-04-30,488.79437,496.17526,488.79437,495.2015,77483600,SPY,497.26,453.64,492.41,-0.0158,0.222,495.13,510.05,480.21,0.0087
2024-05-01,487.20718,494.84125,486.73978,488.2101,80242800,SPY,497.36,453.9,492.2,-0.0032,0.2181,494.2,508.63,479.77,0.0086
2024-05-02,491.76422,492.60165,486.42816,490.90732,62550200,SPY,497.54,454.17,492.19,0.0094,0.2296,493.81,508.05,479.57,0.0086
2024-05-03,497.8598,499.0867,495.2015,497.73322,72756700,SPY,497.64,454.47,492.41,0.0124,0.2448,493.46,506.89,480.03,0.0088
2024-05-06,503.00116,503.0401,499.81705,500.25522,47264700,SPY,497.84,454.81,492.82,0.0103,0.2577,493.36,506.43,480.29,0.0091
2024-05-07,503.55618,504.9486,502.8843,503.96515,52561300,SPY,498.09,455.15,493.24,0.0011,0.259,493.25,505.93,480.57,0.0091
2024-05-08,503.60477,504.14032,501.6086,501.72546,42047200,SPY,498.32,455.48,493.65,0.0001,0.2592,493.4,506.51,480.29,0.0088
2024-05-09,506.50644,506.54544,503.13736,503.78973,43643700,SPY,498.62,455.82,494.15,0.0058,0.2665,493.51,507.02,480.0,0.0087
2024-05-10,507.15906,508.91177,505.9419,508.10355,52233200,SPY,498.9,456.16,494.66,0.0013,0.2681,493.99,508.74,479.24,0.0081
2024-05-13,507.22702,508.9408,506.08777,508.8337,36716400,SPY,499.09,456.51,495.16,0.0001,0.2682,494.79,510.6,478.98,0.0074
2024-05-14,509.55423,510.07034,506.8862,507.42175,57535900,SPY,499.34,456.86,495.72,0.0046,0.2741,495.76,512.72,478.8,0.0074
2024-05-15,515.86414,516.15625,511.38492,512.0179,59504900,SPY,499.81,457.24,496.51,0.0124,0.2899,497.18,515.88,478.48,0.0075
2024-05-16,514.8027,517.55835,514.6566,515.9614,50244800,SPY,500.21,457.61,497.23,-0.0021,0.2872,498.6,518.15,479.05,0.0075
2024-05-17,515.5428,515.61096,513.46875,514.91956,59187600,SPY,500.52,458.02,497.95,0.0014,0.289,500.27,519.61,480.93,0.007
2024-05-20,516.1367,517.5973,515.2701,515.6596,37764200,SPY,500.91,458.44,498.66,0.0012,0.2905,501.75,521.2,482.3,0.0069
2024-05-21,517.40247,517.5583,515.17267,515.37714,33437000,SPY,501.33,458.87,499.4,0.0025,0.2937,503.0,523.12,482.88,0.0066
2024-05-22,515.9128,517.42206,513.74133,516.71124,48390000,SPY,501.62,459.28,500.04,-0.0029,0.29,504.19,524.42,483.96,0.0067
2024-05-23,512.1444,519.0676,510.93692,518.9605,57211200,SPY,501.84,459.68,500.52,-0.0073,0.2806,505.28,524.69,485.87,0.0069
2024-05-24,515.533,516.34125,513.0403,513.98474,41291100,SPY,502.16,460.11,501.11,0.0066,0.289,506.31,525.59,487.03,0.0067
2024-05-28,515.8933,516.57495,513.2642,516.34125,36269600,SPY,502.55,460.54,501.69,0.0007,0.2899,507.27,526.44,488.1,0.0067
2024-05-29,512.28076,513.459,511.56995,511.8718,45190300,SPY,502.8,460.96,502.1,-0.007,0.2809,508.45,525.63,491.27,0.0057
2024-05-30,508.88235,511.40436,507.63602,510.74222,46377600,SPY,502.94,461.34,502.37,-0.0066,0.2724,509.53,523.5,495.56,0.006
2024-05-31,513.51733,513.6439,504.744,509.83667,90785800,SPY,503.07,461.78,502.81,0.0091,0.284,510.62,521.89,499.35,0.0059
2024-06-03,513.9361,515.40643,508.87268,515.1241,46835700,SPY,503.18,462.23,503.24,0.0008,0.285,511.42,521.03,501.81,0.0054
2024-06-04,514.51056,515.2506,511.17065,512.6313,34632700,SPY,503.32,462.7,503.68,0.0011,0.2865,512.0,520.84,503.16,0.005
2024-06-05,520.6256,520.6451,514.8416,516.82806,47610400,SPY,503.61,463.2,504.35,0.0119,0.3018,512.85,521.55,504.15,0.0056
2024-06-06,520.61597,521.356,518.688,520.92755,30808500,SPY,503.92,463.69,504.99,-0.0,0.3018,513.7,521.91,505.49,0.0056
2024-06-07,519.9829,522.7873,518.5515,519.6421,43224500,SPY,504.13,464.18,505.57,-0.0012,0.3002,514.38,522.31,506.45,0.0055
2024-06-10,521.5896,521.91095,518.5808,519.17474,35686100,SPY,504.38,464.65,506.2,0.0031,0.3042,515.1,522.89,507.31,0.0055
2024-06-11,522.8457,522.9041,518.0744,520.0413,36383400,SPY,504.66,465.16,506.85,0.0024,0.3074,515.88,523.47,508.29,0.0055
2024-06-12,527.13995,529.82745,526.1078,527.4029,63251300,SPY,505.1,465.68,507.65,0.0082,0.3181,516.76,525.28,508.24,0.0057
2024-06-13,528.2013,529.05817,525.41644,528.88293,44760900,SPY,505.55,466.19,508.46,0.002,0.3207,517.37,527.29,507.45,0.0051
2024-06-14,528.5227,528.5519,525.6696,526.6726,40089900,SPY,506.13,466.66,509.24,0.0006,0.3215,518.06,529.07,507.05,0.0051
2024-06-17,532.72906,534.1216,527.3833,527.84094,55839500,SPY,506.69,467.16,510.16,0.008,0.3321,518.92,531.65,506.19,0.0053
2024-06-18,534.0826,534.20917,532.3688,532.7875,41376400,SPY,507.27,467.66,511.1,0.0025,0.3354,519.82,534.15,505.49,0.0053
2024-06-20,532.6319,535.6699,530.8597,535.0078,70328200,SPY,507.81,468.15,511.95,-0.0027,0.3318,520.58,535.95,505.21,0.0054
2024-06-21,531.91766,533.0313,530.46216,531.81024,64338600,SPY,508.43,468.64,512.73,-0.0013,0.3301,521.38,537.39,505.37,0.0053
2024-06-24,530.18866,534.30133,530.0714,531.74194,45528700,SPY,508.95,469.14,513.41,-0.0033,0.3257,522.28,538.13,506.43,0.005
2024-06-25,532.23035,532.5918,529.8956,531.4097,37936200,SPY,509.65,469.66,514.15,0.0039,0.3309,523.12,539.23,507.01,0.0049
2024-06-26,532.8946,533.60767,530.472,531.1167,38550600,SPY,510.48,470.18,514.89,0.0012,0.3325,523.97,540.27,507.67,0.0049
2024-06-27,533.7346,534.311,532.0153,532.75775,35041500,SPY,511.35,470.69,515.63,0.0016,0.3346,525.04,540.92,509.16,0.0045
2024-06-28,531.6344,537.5543,530.3938,534.5064,76144500,SPY,512.23,471.2,516.25,-0.0039,0.3294,526.18,540.35,512.01,0.0042
2024-07-01,532.7285,533.256,529.9737,533.0118,40297800,SPY,513.16,471.71,516.9,0.0021,0.3322,527.14,540.26,514.02,0.0039
2024-07-02,536.3136,536.3136,531.0776,531.1264,40434800,SPY,514.24,472.22,517.66,0.0067,0.3411,528.26,540.42,516.1,0.0041
2024-07-03,538.70703,539.0685,535.96204,536.0011,32789900,SPY,515.28,472.77,518.49,0.0045,0.3471,529.47,540.65,518.29,0.0041
2024-07-05,541.8134,542.2139,538.3748,539.00977,41488400,SPY,516.27,473.34,519.4,0.0058,0.355,530.53,542.19,518.87,0.0035
2024-07-08,542.43866,543.38617,541.37384,542.5949,36110500,SPY,517.28,473.91,520.3,0.0012,0.3566,531.62,543.46,519.78,0.0035
2024-07-09,542.96606,544.2946,542.67303,543.3959,27289700,SPY,518.33,474.5,521.19,0.001,0.3579,532.77,544.31,521.23,0.0034
2024-07-10,548.339,548.68085,543.8942,544.18726,38701200,SPY,519.4,475.16,522.26,0.0099,0.3714,534.1,546.37,521.83,0.0038
2024-07-11,543.6108,549.3255,542.9758,548.4561,53054200,SPY,520.34,475.8,523.1,-0.0086,0.3596,535.14,546.9,523.38,0.0046
2024-07-12,547.03973,550.63464,544.26544,544.7343,53084400,SPY,521.51,476.44,524.03,0.0063,0.3682,536.14,548.4,523.88,0.0044
2024-07-15,548.54407,551.7775,546.688,549.03253,40584300,SPY,522.73,477.13,525.0,0.0027,0.3718,537.15,550.0,524.3,0.0045
2024-07-16,551.797,552.09,549.1008,549.853,36475300,SPY,523.93,477.83,526.05,0.0059,0.3799,538.32,552.07,524.57,0.0045
2024-07-17,544.06024,547.54767,543.73785,545.8772,57119000,SPY,524.86,478.48,526.75,-0.014,0.3606,538.88,552.59,525.17,0.0056
2024-07-18,539.8792,546.5806,537.7008,545.59393,56270400,SPY,525.6,479.11,527.27,-0.0077,0.3501,539.17,552.7,525.64,0.0059
2024-07-19,536.29407,541.26636,535.239,539.6447,65509100,SPY,526.25,479.73,527.62,-0.0066,0.3412,539.36,552.61,526.11,0.0061
2024-07-22,541.8232,542.42883,538.2771,540.2113,43346700,SPY,527.01,480.4,528.18,0.0103,0.355,539.85,552.66,527.04,0.0065
2024-07-23,540.9733,543.8648,540.48486,541.7157,34439600,SPY,527.7,481.05,528.68,-0.0016,0.3529,540.39,552.37,528.41,0.0064
2024-07-24,528.7135,536.4699,527.7952,536.16705,74515300,SPY,528.13,481.64,528.68,-0.0227,0.3222,540.22,552.8,527.64,0.0083
2024-07-25,525.9587,534.79944,525.02094,528.8307,61158300,SPY,528.51,482.19,528.57,-0.0052,0.3153,539.87,553.62,526.12,0.0083
2024-07-26,531.84924,534.53564,528.96747,529.7392,53763800,SPY,528.96,482.76,528.7,0.0112,0.33,539.77,553.72,525.82,0.0087
2024-07-29,532.1619,534.3989,530.16907,533.3928,39515800,SPY,529.28,483.32,528.84,0.0006,0.3308,539.8,553.69,525.91,0.0087
2024-07-30,529.4657,534.68225,526.0662,533.6272,46853600,SPY,529.57,483.86,528.86,-0.0051,0.324,539.64,553.95,525.33,0.0088
2024-07-31,538.07196,540.69977,534.9167,536.28424,65663400,SPY,530.03,484.46,529.22,0.0163,0.3456,539.73,553.98,525.48,0.0094
2024-08-01,530.4524,542.0381,526.95514,539.7913,76428700,SPY,530.31,485.02,529.27,-0.0142,0.3265,539.31,554.15,524.47,0.0099
2024-08-02,520.57623,524.5716,516.3756,523.3603,82789100,SPY,530.38,485.52,528.93,-0.0186,0.3018,538.25,555.22,521.28,0.0105
2024-08-05,505.41507,511.4717,498.46948,499.80783,146267400,SPY,530.17,485.94,528.01,-0.0291,0.264,536.4,558.69,514.11,0.0121
2024-08-06,510.07483,517.499,505.89377,507.21252,84826300,SPY,530.12,486.41,527.31,0.0092,0.2756,534.76,559.71,509.81,0.0124
2024-08-07,506.6654,519.29645,506.06952,516.24854,70698300,SPY,529.95,486.88,526.5,-0.0067,0.267,532.67,559.71,505.63,0.012
2024-08-08,518.3782,519.00336,509.7719,511.794,63276600,SPY,530.0,487.44,526.18,0.0231,0.2963,531.41,558.66,504.16,0.0134
2024-08-09,520.664,522.14886,516.3365,517.55756,45619600,SPY,530.16,488.01,525.96,0.0044,0.302,530.09,556.7,503.48,0.0133
2024-08-12,520.9376,523.3407,518.67126,521.8559,42542100,SPY,530.4,488.56,525.77,0.0005,0.3027,528.71,554.12,503.3,0.0133
2024-08-13,529.5047,529.7392,523.8779,524.1222,52333100,SPY,530.72,489.19,525.91,0.0164,0.324,527.6,550.59,504.61,0.0138
2024-08-14,531.1752,532.35724,527.6291,530.29596,42446900,SPY,531.07,489.85,526.12,0.0032,0.3283,526.95,548.69,505.21,0.0136
2024-08-15,540.27966,540.5629,536.1866,536.79224,60846800,SPY,531.58,490.57,526.67,0.0171,0.351,526.97,548.76,505.18,0.0141
2024-08-16,541.491,542.18463,538.5116,538.66785,44430700,SPY,532.0,491.27,527.25,0.0022,0.3539,527.23,549.6,504.86,0.014
2024-08-19,546.66846,546.66846,541.05145,541.9013,39121800,SPY,532.52,491.98,528.02,0.0096,0.3669,527.47,550.6,504.34,0.014
2024-08-20,545.77954,547.87006,544.4412,546.2191,33732300,SPY,533.04,492.67,528.71,-0.0016,0.3648,527.71,551.52,503.9,0.014
2024-08-21,547.65515,549.11066,541.90137,546.8248,41514600,SPY,533.56,493.32,529.46,0.0034,0.3694,528.66,554.09,503.23,0.0128
2024-08-22,543.3569,550.15594,542.14557,549.5503,56121500,SPY,533.97,493.94,530.0,-0.0078,0.3587,529.53,555.75,503.31,0.0129
2024-08-23,549.13025,550.06805,544.40216,546.5904,50639400,SPY,534.41,494.58,530.75,0.0106,0.3731,530.4,558.04,502.76,0.0129
2024-08-26,547.82117,550.869,546.1214,550.1559,35788600,SPY,534.8,495.2,531.42,-0.0024,0.3698,531.18,559.9,502.46,0.0129
2024-08-27,548.57336,549.0618,545.4083,546.5512,32693900,SPY,535.2,495.83,532.09,0.0014,0.3717,532.13,561.86,502.4,0.0129
2024-08-28,545.3888,548.6614,542.20416,548.2315,41066000,SPY,535.46,496.46,532.61,-0.0058,0.3638,532.5,562.71,502.29,0.0125
2024-08-29,545.4375,550.6442,544.29456,547.3522,38715200,SPY,535.68,497.06,533.12,0.0001,0.3639,533.25,563.99,502.51,0.012
2024-08-30,550.64435,551.15234,544.2556,547.8017,62700100,SPY,536.04,497.69,533.8,0.0095,0.3769,534.75,565.82,503.68,0.0111
2024-09-03,539.3126,547.8407,536.80206,547.50854,60600100,SPY,536.19,498.21,534.02,-0.0206,0.3485,536.45,564.31,508.59,0.0099
2024-09-04,538.20874,541.6082,536.75323,537.4761,47224900,SPY,536.35,498.73,534.18,-0.002,0.3458,537.85,562.79,512.91,0.0099
2024-09-05,536.8998,540.99286,534.4478,538.1502,44264300,SPY,536.45,499.24,534.29,-0.0024,0.3426,539.37,559.57,519.17,0.0097
2024-09-06,527.86365,538.8437,526.96497,537.2221,68493800,SPY,536.35,499.7,534.04,-0.0168,0.32,539.84,558.34,521.34,0.0095
2024-09-09,533.77374,535.0437,530.13,532.0545,40445800,SPY,536.35,500.17,534.03,0.0112,0.3348,540.5,556.95,524.05,0.0097
2024-09-10,536.0988,536.45056,530.81396,535.6788,36394600,SPY,536.44,500.66,534.11,0.0044,0.3407,541.25,555.1,527.4,0.0097
2024-09-11,541.59845,542.5167,527.4729,536.01074,75248600,SPY,536.61,501.17,534.4,0.0103,0.3545,541.86,554.56,529.16,0.0093
2024-09-12,546.1605,546.4634,539.95734,542.17487,51819600,SPY,536.81,501.7,534.86,0.0084,0.3659,542.61,554.39,530.83,0.0095
2024-09-13,549.01294,550.0094,546.51215,546.7661,39310500,SPY,537.02,502.25,535.42,0.0052,0.373,543.04,555.1,530.98,0.0088
2024-09-16,549.8238,550.0875,546.9518,548.7492,36656100,SPY,537.18,502.8,535.98,0.0015,0.375,543.46,555.87,531.05,0.0088
2024-09-17,550.04846,553.4773,547.82117,552.0315,49321000,SPY,537.33,503.35,536.54,0.0004,0.3756,543.63,556.31,530.95,0.0085
2024-09-18,548.4171,555.5385,547.8603,550.70294,59044900,SPY,537.44,503.89,537.0,-0.003,0.3715,543.76,556.59,530.93,0.0086
2024-09-19,557.7756,559.63165,554.9427,557.80493,75315500,SPY,537.63,504.46,537.82,0.0171,0.3949,544.27,558.47,530.07,0.0093
2024-09-20,556.81134,557.85,553.79333,556.4096,77503100,SPY,537.89,505.03,538.56,-0.0017,0.3925,544.94,560.19,529.69,0.0091
2024-09-23,558.20276,558.8495,556.66437,557.87946,44116900,SPY,538.11,505.62,539.33,0.0025,0.396,545.39,561.67,529.11,0.0089
2024-09-24,559.7999,559.8587,556.1744,558.9964,46805700,SPY,538.34,506.22,540.13,0.0029,0.4001,545.99,563.48,528.5,0.0088
2024-09-25,558.5653,560.3781,557.45807,559.6432,38428600,SPY,538.47,506.79,540.86,-0.0022,0.397,546.49,564.84,528.14,0.0089
2024-09-26,560.77985,563.14136,558.4282,562.818,48336000,SPY,538.81,507.37,541.64,0.004,0.4026,547.26,566.68,527.84,0.0088
2024-09-27,559.96655,562.6612,558.9377,561.84796,42100900,SPY,539.21,507.94,542.36,-0.0015,0.4005,547.99,568.19,527.79,0.0088
2024-09-30,562.2105,562.81805,556.64484,558.93774,63557400,SPY,539.73,508.51,543.14,0.004,0.4061,548.57,569.73,527.41,0.0086
2024-10-01,557.1739,562.5044,554.6066,561.8577,72668800,SPY,540.04,509.02,543.69,-0.009,0.3934,549.46,570.49,528.43,0.0074
2024-10-02,557.409,558.4281,553.8913,556.28217,38097800,SPY,540.36,509.52,544.22,0.0004,0.394,550.42,571.03,529.81,0.0073
2024-10-03,556.3901,558.3302,554.10693,555.93933,40846500,SPY,540.92,510.03,544.7,-0.0018,0.3915,551.39,571.14,531.64,0.0073
2024-10-04,561.44617,561.81854,556.66437,560.82886,42939100,SPY,541.63,510.54,545.36,0.0091,0.4041,553.07,569.88,536.26,0.006
2024-10-07,556.3705,560.4468,555.22406,559.80005,49964700,SPY,542.12,511.02,545.79,-0.009,0.3915,554.2,568.38,540.02,0.0063
2024-10-08,561.63226,562.23004,558.06555,558.9376,37398700,SPY,542.71,511.56,546.41,0.0095,0.4047,555.48,567.18,543.78,0.0065
2024-10-09,565.52246,566.081,561.02484,561.62256,37912200,SPY,543.43,512.09,547.16,0.0069,0.4144,556.68,567.24,546.12,0.0063
2024-10-10,564.53265,565.9535,562.92566,564.17993,44138100,SPY,543.96,512.61,547.84,-0.0018,0.4119,557.59,567.48,547.7,0.0062
2024-10-11,567.9133,568.64825,564.31714,564.45435,42268000,SPY,544.71,513.15,548.63,0.006,0.4203,558.54,568.59,548.49,0.0062
2024-10-14,572.55786,573.4888,569.0401,569.5202,36217200,SPY,545.75,513.7,549.57,0.0082,0.432,559.68,570.67,548.69,0.0064
2024-10-15,568.1093,573.1262,566.8942,572.8225,54203600,SPY,547.0,514.22,550.29,-0.0078,0.4208,560.58,571.2,549.96,0.0067
2024-10-16,570.57855,571.0979,567.30585,568.1093,30725400,SPY,548.21,514.77,551.09,0.0043,0.4269,561.69,571.57,551.81,0.0067
2024-10-17,570.6275,574.32166,570.44135,574.11584,34393700,SPY,549.49,515.33,551.86,0.0001,0.4271,562.33,572.79,551.87,0.0056
2024-10-18,572.82245,573.6063,570.8529,572.3129,37416800,SPY,550.58,515.92,552.68,0.0038,0.4325,563.13,574.25,552.01,0.0056
2024-10-21,571.8818,573.0772,568.9127,572.0973,36439000,SPY,551.6,516.51,553.43,-0.0016,0.4302,563.81,575.32,552.3,0.0056
2024-10-22,571.57794,572.7342,568.69714,569.35364,34183800,SPY,552.62,517.09,554.14,-0.0005,0.4295,564.4,576.25,552.55,0.0056
2024-10-23,566.35535,570.0005,562.8572,569.5596,49314600,SPY,553.35,517.62,554.62,-0.0091,0.4165,564.79,576.34,553.24,0.0061
2024-10-24,567.5802,568.3837,564.964,568.3053,34979900,SPY,554.08,518.16,555.13,0.0022,0.4196,565.13,576.58,553.68,0.006
2024-10-25,567.38403,572.69495,566.4434,569.8043,47268200,SPY,554.62,518.68,555.61,-0.0003,0.4192,565.5,576.73,554.27,0.006
2024-10-28,569.1382,570.98035,568.8344,570.85297,30174700,SPY,555.18,519.22,556.14,0.0031,0.4236,565.85,577.08,554.62,0.006
2024-10-29,570.05914,571.17615,566.7864,568.17773,42899700,SPY,555.64,519.75,556.69,0.0016,0.4258,566.49,577.08,555.9,0.0055
2024-10-30,568.3346,571.57794,567.629,569.5888,41435800,SPY,556.09,520.29,557.14,-0.003,0.4216,567.04,576.75,557.33,0.0056
2024-10-31,557.1935,564.0428,556.9975,563.9742,60182500,SPY,556.29,520.79,557.15,-0.0196,0.3937,567.08,576.61,557.55,0.0072
2024-11-01,559.5452,563.9645,559.1337,559.81964,45667500,SPY,556.61,521.27,557.24,0.0042,0.3996,566.99,576.79,557.19,0.007
2024-11-04,558.3399,560.97577,556.45856,559.6823,38217000,SPY,556.79,521.72,557.28,-0.0022,0.3965,567.08,576.46,557.7,0.0067
2024-11-05,565.0911,565.1303,559.0355,559.2511,39478300,SPY,557.14,522.2,557.59,0.0121,0.4134,567.26,576.34,558.18,0.0069
2024-11-06,579.14264,580.0147,573.6064,577.3397,68182000,SPY,557.75,522.74,558.43,0.0249,0.4486,567.94,578.41,557.47,0.0088
2024-11-07,583.6206,584.6397,581.0632,581.14154,47233200,SPY,558.51,523.3,559.42,0.0077,0.4597,568.89,581.34,556.44,0.0088
2024-11-08,586.1486,587.56946,584.16925,584.16925,46444900,SPY,559.33,523.87,560.47,0.0043,0.466,569.8,584.43,555.17,0.0088
2024-11-11,586.7072,588.0888,584.9826,587.7361,37586800,SPY,560.05,524.43,561.5,0.001,0.4675,570.51,586.96,554.06,0.0087
2024-11-12,584.88464,587.2265,582.4055,586.6288,43006100,SPY,560.96,524.97,562.42,-0.0031,0.4629,571.35,588.95,553.75,0.0085
2024-11-13,585.1687,587.1676,582.9836,585.3451,47388600,SPY,561.9,525.52,563.31,0.0005,0.4636,572.08,590.73,553.43,0.0084
2024-11-14,581.406,585.77625,580.72015,585.29614,38904100,SPY,562.79,526.08,564.02,-0.0064,0.4543,572.62,591.71,553.53,0.0086
2024-11-15,573.9591,578.3195,572.1071,577.8492,75988800,SPY,563.71,526.58,564.41,-0.0128,0.4357,572.68,591.78,553.58,0.0091
2024-11-18,576.3108,577.6238,573.5574,574.4196,37001700,SPY,564.56,527.06,564.87,0.0041,0.4415,572.9,592.06,553.74,0.0091
2024-11-19,578.4175,579.1426,572.27374,572.94006,49412000,SPY,565.41,527.56,565.41,0.0037,0.4469,573.24,592.54,553.94,0.0092
2024-11-20,578.6134,578.8975,572.8616,578.49585,50032600,SPY,566.15,528.06,565.92,0.0003,0.4473,573.85,593.01,554.69,0.0089
2024-11-21,581.71967,583.1405,575.6249,581.45514,46750300,SPY,566.86,528.55,566.54,0.0054,0.4551,574.56,593.79,555.33,0.0089
2024-11-22,583.5226,584.1497,581.2101,581.7098,38226400,SPY,567.55,529.05,567.21,0.0031,0.4596,575.37,594.69,556.05,0.0089
2024-11-25,585.502,588.76495,583.2189,587.45197,42441400,SPY,568.27,529.54,567.93,0.0034,0.4646,576.18,595.77,556.59,0.0089
2024-11-26,588.55914,589.22546,586.03107,586.74634,45621300,SPY,569.04,530.05,568.74,0.0052,0.4722,577.11,597.22,557.0,0.009
2024-11-27,586.7758,588.7551,585.257,588.373,34000200,SPY,569.8,530.59,569.44,-0.003,0.4678,578.03,598.14,557.92,0.009
2024-11-29,590.4209,591.2048,587.3147,587.58905,30177400,SPY,570.46,531.12,570.27,0.0062,0.4769,579.69,597.96,561.42,0.0075
2024-12-02,591.4791,592.1552,590.34247,590.8324,31746000,SPY,571.15,531.64,571.1,0.0018,0.4796,581.29,597.62,564.96,0.0075
2024-12-03,591.7535,591.9985,590.21515,591.24396,26906600,SPY,571.82,532.17,571.91,0.0005,0.4803,582.96,595.89,570.03,0.0074
2024-12-04,595.42804,595.67303,592.77264,593.4389,42787600,SPY,572.53,532.74,572.83,0.0062,0.4895,584.48,595.57,573.39,0.0071
2024-12-05,594.4481,596.2315,594.0954,595.428,28762200,SPY,573.25,533.3,573.68,-0.0016,0.4871,585.24,596.88,573.6,0.0049
2024-12-06,595.575,596.80963,594.80096,595.21246,31241500,SPY,573.95,533.81,574.54,0.0019,0.4899,585.84,598.33,573.35,0.0047
2024-12-09,592.50806,595.624,591.92017,595.45746,34742700,SPY,574.6,534.31,575.24,-0.0051,0.4823,586.16,599.0,573.32,0.0048
2024-12-10,590.66595,593.6056,590.00946,593.1842,37234500,SPY,575.17,534.81,575.85,-0.0031,0.4777,586.36,599.35,573.37,0.0049
2024-12-11,595.2321,596.18256,593.3115,593.58594,28677700,SPY,575.93,535.33,576.61,0.0077,0.4891,586.87,600.43,573.31,0.0051
2024-12-12,592.1651,594.9381,592.1651,594.3698,31543800,SPY,576.62,535.83,577.22,-0.0052,0.4814,587.22,600.95,573.49,0.0052
2024-12-13,592.04755,594.90875,590.6757,594.1935,35904700,SPY,577.34,536.32,577.8,-0.0002,0.4811,587.76,601.37,574.15,0.005
2024-12-16,594.57556,595.54565,593.0274,593.8015,43695200,SPY,578.0,536.81,578.46,0.0043,0.4874,588.79,601.06,576.52,0.0038
2024-12-17,592.12585,592.98816,590.7541,592.0279,55773500,SPY,578.71,537.28,578.99,-0.0041,0.4813,589.58,600.42,578.74,0.004
2024-12-18,574.4785,594.20325,574.0964,591.8222,108248700,SPY,578.97,537.69,578.82,-0.0298,0.4372,589.38,601.17,577.59,0.008
2024-12-19,574.3021,581.06323,574.0571,579.45624,85919500,SPY,579.15,538.09,578.64,-0.0003,0.4368,589.16,601.9,576.42,0.008
2024-12-20,581.2,585.72253,571.1323,571.9779,125716700,SPY,579.48,538.5,578.74,0.012,0.454,589.14,601.94,576.34,0.0084
2024-12-23,584.6804,585.28015,577.76874,580.9444,57635800,SPY,579.81,538.94,578.97,0.006,0.4627,589.2,601.91,576.49,0.0085
2024-12-24,591.1792,591.21857,585.4473,586.0274,33160100,SPY,580.19,539.41,579.45,0.0111,0.479,589.48,602.09,576.87,0.0088
2024-12-26,591.2185,592.3393,588.01337,589.4094,41219100,SPY,580.65,539.86,579.91,0.0001,0.4791,589.61,602.24,576.98,0.0087
2024-12-27,584.995,587.7184,580.8165,587.48236,64969300,SPY,580.94,540.28,580.11,-0.0105,0.4636,589.52,602.26,576.78,0.009
2024-12-30,578.3193,581.78,574.5734,577.9949,56578800,SPY,581.09,540.67,580.04,-0.0114,0.4469,588.92,602.59,575.25,0.0092
2024-12-31,576.2153,580.6985,574.5832,579.9808,57052700,SPY,581.16,541.07,579.89,-0.0036,0.4417,588.16,602.89,573.43,0.0092
2025-01-02,574.79956,581.1803,570.72925,579.4696,50204000,SPY,581.22,541.45,579.69,-0.0025,0.4381,587.31,603.09,571.53,0.0092
2025-01-03,581.9865,582.62555,576.5594,577.6409,37888500,SPY,581.43,541.85,579.78,0.0125,0.4561,586.64,602.1,571.18,0.0096
2025-01-06,585.3391,589.6061,583.6087,586.2338,47679400,SPY,581.81,542.24,580.0,0.0058,0.4645,586.18,601.2,571.16,0.0097
2025-01-07,578.7224,587.6889,576.90356,587.36444,60393100,SPY,582.03,542.59,579.95,-0.0113,0.448,585.34,600.03,570.65,0.01
2025-01-08,579.5679,580.6395,575.3501,578.7912,47304700,SPY,582.27,542.95,579.93,0.0015,0.4501,584.69,599.19,570.19,0.0099
2025-01-10,570.71936,576.08746,568.812,576.0187,73105000,SPY,582.3,543.27,579.57,-0.0153,0.4279,583.69,599.17,568.21,0.0104
2025-01-13,571.60425,571.9582,565.6659,566.07886,47910100,SPY,582.33,543.61,579.26,0.0016,0.4302,582.51,597.89,567.13,0.0102
2025-01-14,572.3908,575.1535,568.6154,574.5243,48420600,SPY,582.42,543.92,578.99,0.0014,0.4322,581.52,596.83,566.21,0.0102
2025-01-15,582.8025,583.94293,579.2827,580.39374,56900200,SPY,582.93,544.29,579.14,0.0182,0.4583,581.06,595.57,566.55,0.0112
2025-01-16,581.68176,584.3461,580.9837,584.1691,43319700,SPY,583.37,544.65,579.24,-0.0019,0.4555,580.42,593.47,567.37,0.0111
2025-01-17,587.5218,589.2718,585.5849,586.91223,58070600,SPY,583.95,545.07,579.56,0.01,0.4701,580.19,592.52,567.86,0.0113
2025-01-21,592.89954,592.90936,588.59326,590.5596,42532900,SPY,584.51,545.5,580.09,0.0092,0.4836,581.11,594.36,567.86,0.0091
2025-01-22,596.2326,597.58936,595.1708,595.7213,48196000,SPY,584.85,545.98,580.72,0.0056,0.4919,582.2,596.65,567.75,0.0092
2025-01-23,599.4869,599.4869,595.3281,595.60333,41152100,SPY,585.17,546.46,581.46,0.0055,0.5001,583.12,599.49,566.75,0.0089
2025-01-24,597.7368,600.4996,596.58655,599.5459,34604700,SPY,585.4,546.92,582.1,-0.0029,0.4958,583.77,601.4,566.14,0.0089
2025-01-27,589.2816,589.59625,584.6312,584.7984,70361100,SPY,585.45,547.34,582.38,-0.0141,0.4747,583.68,601.16,566.2,0.0092
2025-01-28,594.34485,595.18054,587.1972,590.5105,44433300,SPY,585.64,547.81,582.85,0.0086,0.4874,583.83,601.65,566.01,0.0094
2025-01-29,591.68054,593.9615,589.1341,593.55835,37177400,SPY,585.77,548.24,583.19,-0.0045,0.4807,584.17,602.32,566.02,0.0091
2025-01-30,594.8562,596.38995,590.6089,593.79443,39281300,SPY,586.04,548.73,583.65,0.0054,0.4887,584.99,603.53,566.45,0.0087
2025-01-31,591.69037,599.69336,590.9333,597.2748,66566900,SPY,586.4,549.23,583.97,-0.0053,0.4808,585.77,604.05,567.49,0.0088
2025-02-03,587.7085,590.18604,580.551,582.6943,65857200,SPY,586.62,549.72,584.11,-0.0067,0.4708,586.41,603.96,568.86,0.0089
2025-02-04,591.651,592.16223,587.22675,587.76746,33457800,SPY,586.89,550.24,584.41,0.0067,0.4807,586.9,604.47,569.33,0.0086
2025-02-05,594.05,594.1975,588.50494,590.5303,30653100,SPY,587.2,550.78,584.79,0.0041,0.4868,587.33,605.17,569.49,0.0086
2025-02-06,596.1146,596.24243,592.48676,595.79016,35771500,SPY,587.48,551.35,585.23,0.0035,0.492,588.2,605.96,570.44,0.0081
2025-02-07,590.6581,597.89417,589.9502,596.67505,50788500,SPY,587.63,551.87,585.44,-0.0092,0.4783,588.76,606.08,571.44,0.0085
2025-02-10,594.6693,595.3084,592.59485,593.86316,26048700,SPY,587.81,552.38,585.8,0.0068,0.4883,589.95,605.2,574.7,0.0076
2025-02-11,595.12164,595.66235,592.2901,592.4081,30056700,SPY,587.94,552.9,586.17,0.0008,0.4895,591.13,603.84,578.42,0.0076
2025-02-12,593.20447,594.37445,588.4361,589.1145,45076100,SPY,588.07,553.41,586.45,-0.0032,0.4847,592.17,601.34,583.0,0.0077
2025-02-13,599.4672,599.6737,593.0472,594.3056,40921300,SPY,588.25,553.93,586.96,0.0106,0.5005,593.0,601.59,584.41,0.007
2025-02-14,599.4377,600.70593,598.8183,599.67365,26910400,SPY,588.41,554.45,587.45,-0.0,0.5005,593.89,601.12,586.66,0.007
2025-02-18,601.19763,601.19763,598.14,600.5979,26749000,SPY,588.6,555.01,587.99,0.0029,0.5048,594.57,601.85,587.29,0.0067
2025-02-19,602.6133,602.9082,599.3,599.8113,31011100,SPY,588.74,555.59,588.56,0.0024,0.5084,595.06,603.12,587.0,0.0065
2025-02-20,600.10626,601.3844,596.80286,601.2467,36554000,SPY,588.86,556.13,589.01,-0.0042,0.5021,595.25,603.61,586.89,0.0065
2025-02-21,589.8421,600.0277,589.38,599.8901,76519800,SPY,588.74,556.59,589.04,-0.0171,0.4764,594.77,603.22,586.32,0.0074
2025-02-24,587.15796,592.88,586.4501,591.887,50737200,SPY,588.63,557.01,588.97,-0.0046,0.4696,594.24,603.21,585.27,0.0074
2025-02-25,584.238,587.82654,579.6368,587.09906,58266500,SPY,588.51,557.41,588.78,-0.005,0.4623,593.99,603.8,584.18,0.0069
2025-02-26,584.53284,589.48804,581.89795,585.8995,43321600,SPY,588.29,557.82,588.62,0.0005,0.463,593.5,604.18,582.82,0.0065
2025-02-27,575.2027,587.9544,574.80945,586.8041,74196700,SPY,587.95,558.16,588.09,-0.016,0.4396,592.68,606.13,579.23,0.0073
2025-02-28,584.17896,584.70984,572.6366,575.70404,88744100,SPY,587.8,558.55,587.94,0.0156,0.462,592.14,606.06,578.22,0.0081
2025-03-03,573.94415,587.28577,570.1393,586.14526,74249200,SPY,587.38,558.88,587.39,-0.0175,0.4365,591.25,607.38,575.12,0.0089
2025-03-04,567.15045,575.5369,562.61804,569.9525,109648200,SPY,586.88,559.17,586.6,-0.0118,0.4195,590.23,609.61,570.85,0.0091
2025-03-05,573.24603,575.0354,563.434,566.9833,71230500,SPY,586.86,559.45,586.07,0.0107,0.4347,589.31,610.1,568.52,0.0094
2025-03-06,563.0704,570.4048,560.5239,565.7937,80094900,SPY,586.63,559.7,585.17,-0.0178,0.4092,587.76,611.47,564.05,0.0099
2025-03-07,566.22626,567.6716,556.1095,561.2908,81158800,SPY,586.33,559.95,584.43,0.0056,0.4171,586.26,611.47,561.05,0.01
2025-03-10,551.1446,559.95374,546.2386,558.0366,99326600,SPY,585.66,560.12,583.12,-0.0266,0.3794,584.29,613.87,554.71,0.0113
2025-03-11,546.56287,554.52655,542.7285,549.9843,88102100,SPY,584.77,560.27,581.69,-0.0083,0.3679,581.88,615.46,548.3,0.0111
2025-03-12,549.46326,553.6319,544.3704,552.7077,69588200,SPY,583.94,560.44,580.42,0.0053,0.3752,579.6,615.51,543.69,0.0112
2025-03-13,542.1386,549.69916,540.4279,549.0896,74079400,SPY,583.08,560.59,578.92,-0.0133,0.3569,577.05,616.02,538.08,0.0114
2025-03-14,553.337,554.33984,542.2075,546.74976,62660300,SPY,582.58,560.78,577.92,0.0207,0.385,574.74,613.59,535.89,0.0123
2025-03-17,557.6039,560.1208,552.88464,553.3172,49008700,SPY,582.21,560.99,577.12,0.0077,0.3956,572.65,610.39,534.91,0.0126
2025-03-18,551.5771,555.50977,549.6501,555.29346,66041400,SPY,581.74,561.18,576.12,-0.0108,0.3806,570.17,606.5,533.84,0.0126
2025-03-19,557.58417,561.3399,552.17676,553.35657,66556000,SPY,581.26,561.43,575.39,0.0109,0.3956,567.92,601.24,534.6,0.0129
2025-03-20,555.9719,560.96643,553.13055,553.8483,62958200,SPY,580.67,561.64,574.63,-0.0029,0.3916,565.71,595.74,535.68,0.0129
2025-03-21,556.1552,557.0526,550.28784,551.52045,83763000,SPY,580.22,561.85,573.91,0.0003,0.392,564.02,592.06,535.98,0.0126
2025-03-24,566.1152,567.17035,562.289,562.8807,58766800,SPY,579.95,562.11,573.6,0.0179,0.4169,562.97,588.85,537.09,0.0134
2025-03-25,567.47595,568.4127,565.73047,567.3181,38355700,SPY,579.88,562.34,573.36,0.0024,0.4203,562.13,586.13,538.13,0.0134
2025-03-26,560.70135,568.334,559.32074,567.2098,51848300,SPY,579.66,562.54,572.87,-0.0119,0.4034,560.94,582.5,539.38,0.0136
2025-03-27,559.2123,562.9793,557.1019,559.31085,42164200,SPY,579.4,562.74,572.33,-0.0027,0.3996,560.14,580.63,539.65,0.0132
2025-03-28,547.9507,558.4135,547.3689,557.6838,71662700,SPY,578.7,562.87,571.37,-0.0201,0.3715,558.33,576.1,540.56,0.0132
2025-03-31,551.6289,552.9306,539.2826,542.20154,95328200,SPY,578.1,563.01,570.6,0.0067,0.3807,557.22,573.61,540.83,0.0129
2025-04-01,553.187,555.1297,545.99817,549.7159,54609600,SPY,577.42,563.14,569.92,0.0028,0.3845,556.52,572.31,540.73,0.0127
2025-04-02,556.6877,559.5474,547.11237,547.34906,76014500,SPY,576.69,563.29,569.4,0.0063,0.3932,555.69,569.38,542.0,0.0126
2025-04-03,529.2538,540.3674,529.2538,537.54706,125986000,SPY,575.35,563.29,567.82,-0.0493,0.3246,554.0,571.64,536.36,0.0162
2025-04-04,498.26968,518.57404,498.05273,516.40454,217965100,SPY,573.33,563.12,565.1,-0.0585,0.2471,550.6,580.35,520.85,0.0202
2025-04-07,497.3822,515.9115,475.11545,482.40295,256611400,SPY,571.32,562.93,562.44,-0.0018,0.2448,547.91,586.0,509.82,0.0197
2025-04-08,489.5918,517.69635,482.37335,514.6196,165816600,SPY,569.33,562.72,559.58,-0.0157,0.2253,545.06,591.24,498.88,0.0198
2025-04-09,541.0084,541.0084,486.20938,486.594,241867300,SPY,568.26,562.76,558.86,0.105,0.3539,544.64,590.8,498.48,0.0316
2025-04-10,517.30194,526.09814,502.25366,524.7866,162331200,SPY,566.77,562.7,557.23,-0.0438,0.2946,543.4,591.15,495.65,0.033
2025-04-11,526.53204,528.9875,512.8545,515.7537,97866300,SPY,565.41,562.67,556.02,0.0178,0.3177,542.06,590.14,493.98,0.0329
2025-04-14,531.6402,536.72864,526.4532,536.5018,68034000,SPY,564.21,562.66,555.07,0.0097,0.3305,540.76,588.48,493.04,0.0329
2025-04-15,530.1511,535.6931,529.36224,532.18256,56892900,SPY,563.05,562.65,554.09,-0.0028,0.3267,539.69,587.35,492.03,0.0329
2025-04-16,518.36694,530.4273,513.0715,524.30347,83484800,SPY,561.59,562.58,552.69,-0.0222,0.2973,537.73,585.51,489.95,0.033
2025-04-17,519.1065,523.8005,516.6412,520.31946,79868100,SPY,560.09,562.51,551.37,0.0014,0.2991,535.89,583.55,488.23,0.0331
2025-04-21,506.75037,514.46185,501.40555,513.9293,69368100,SPY,558.3,562.36,549.62,-0.0238,0.2682,533.42,581.78,485.06,0.0334
2025-04-22,519.9349,521.9564,511.9867,512.9235,75948100,SPY,556.89,562.27,548.46,0.026,0.3011,531.11,577.25,484.97,0.0337
2025-04-23,527.99146,537.8626,526.47284,532.93195,90590700,SPY,555.55,562.2,547.65,0.0155,0.3213,529.13,571.98,486.28,0.0339
2025-04-24,539.10516,539.8349,528.0211,529.27344,64150400,SPY,554.43,562.19,547.32,0.021,0.3491,528.05,568.58,487.52,0.0343
2025-04-25,543.00037,543.40466,536.1468,539.06573,61119600,SPY,553.43,562.19,547.15,0.0072,0.3588,527.24,565.74,488.74,0.0343
2025-04-28,543.20734,545.8699,537.45825,543.73987,47613800,SPY,552.3,562.16,547.0,0.0004,0.3593,527.0,565.02,488.98,0.034
2025-04-29,546.6294,547.7437,540.93945,541.29443,47775100,SPY,551.25,562.17,546.98,0.0063,0.3679,526.75,564.15,489.35,0.034
2025-04-30,546.8462,548.79877,534.0069,539.9729,93101500,SPY,550.16,562.17,546.98,0.0004,0.3684,526.44,562.99,489.89,0.034
2025-05-01,550.7216,556.24396,550.1201,552.5953,63186100,SPY,549.12,562.18,547.12,0.0071,0.3781,526.14,561.74,490.54,0.034
2025-05-02,558.8966,560.49414,554.5774,556.8947,60717300,SPY,548.3,562.22,547.58,0.0148,0.3985,527.62,566.11,489.13,0.0321
2025-05-05,555.69183,558.78827,553.9069,554.7649,38659200,SPY,547.62,562.28,547.9,-0.0057,0.3906,530.49,568.33,492.65,0.0288
2025-05-06,551.0472,555.53406,549.2327,550.1893,48264700,SPY,546.89,562.33,548.03,-0.0084,0.3789,533.18,568.67,497.69,0.0289
2025-05-07,553.36456,555.9975,548.32544,552.3784,55588000,SPY,546.28,562.42,548.24,0.0042,0.3847,536.36,566.4,506.32,0.0285
2025-05-08,557.22034,562.3975,553.907,557.3978,65130800,SPY,545.73,562.5,548.59,0.007,0.3944,537.18,568.59,505.77,0.0166
2025-05-09,556.51025,559.6264,554.95215,558.62054,37603400,SPY,545.36,562.57,548.9,-0.0013,0.3926,539.14,570.22,508.06,0.0128
2025-05-12,574.9015,574.9114,569.03406,573.4026,78993600,SPY,545.17,562.81,549.92,0.033,0.4385,541.55,575.86,507.24,0.014
2025-05-13,578.6981,580.90704,574.7536,575.3157,67947200,SPY,545.27,563.07,551.05,0.0066,0.448,543.91,581.64,506.18,0.014
2025-05-14,579.43774,580.8084,577.41614,579.65466,66283500,SPY,545.51,563.31,552.16,0.0013,0.4499,546.37,586.67,506.07,0.0139
2025-05-15,582.2679,582.77075,576.9822,577.43585,71268100,SPY,545.69,563.56,553.34,0.0049,0.457,549.57,590.65,508.49,0.0124
2025-05-16,585.95605,586.2519,581.1043,583.047,76052100,SPY,546.15,563.84,554.62,0.0063,0.4662,552.91,594.43,511.39,0.0124
2025-05-19,586.5969,587.27734,579.94055,579.94055,68168500,SPY,546.56,564.08,555.87,0.0011,0.4678,556.9,594.94,518.86,0.0103
2025-05-20,584.6247,585.80804,581.4198,584.8614,60614500,SPY,547.23,564.35,557.0,-0.0034,0.4628,560.14,595.88,524.4,0.0095
2025-05-21,574.7733,584.3585,573.74774,580.27594,95197700,SPY,547.79,564.62,557.7,-0.0169,0.4381,562.47,595.36,529.58,0.0105
2025-05-22,575.0002,578.4812,573.34344,574.5761,70860400,SPY,548.3,564.97,558.38,0.0004,0.4387,564.27,595.67,532.87,0.0098
2025-05-23,571.0754,573.7379,567.6141,567.9888,76029000,SPY,548.88,565.28,558.87,-0.0068,0.4289,565.67,595.54,535.8,0.01
2025-05-27,582.94836,583.10614,570.4048,577.93884,72588500,SPY,549.47,565.66,559.82,0.0208,0.4586,567.66,596.51,538.81,0.0108
2025-05-28,579.57574,584.54584,578.846,583.3526,68445500,SPY,549.91,565.96,560.59,-0.0058,0.4501,569.31,596.84,541.78,0.0109
2025-05-29,581.8636,584.9699,577.93884,584.83185,69973300,SPY,550.52,566.27,561.43,0.0039,0.4558,571.06,596.98,545.14,0.0109
2025-05-30,581.21277,582.9286,575.1481,580.75916,90601200,SPY,550.99,566.57,562.2,-0.0011,0.4542,572.58,597.0,548.16,0.0109
2025-06-02,584.4867,584.56555,576.9428,579.60535,61630500,SPY,551.56,566.85,563.08,0.0056,0.4623,573.86,597.94,549.78,0.0106
2025-06-03,587.81976,588.796,583.63855,584.12177,63606200,SPY,552.19,567.13,564.05,0.0057,0.4707,575.47,598.72,552.22,0.0104
2025-06-04,587.6619,589.65393,587.228,588.6777,57314200,SPY,552.63,567.37,564.97,-0.0003,0.4702,577.3,598.09,556.51,0.0101
2025-06-05,584.82196,590.6894,582.84973,589.33844,92278700,SPY,552.97,567.58,565.75,-0.0048,0.4632,578.87,596.57,561.17,0.0103
2025-06-06,590.82745,592.494,588.57904,590.35406,66588700,SPY,553.57,567.8,566.74,0.0103,0.4782,580.55,595.81,565.29,0.0104
2025-06-09,591.3599,592.90814,590.18646,591.39935,53016400,SPY,554.22,568.03,567.7,0.0009,0.4796,582.3,593.38,571.22,0.0103
2025-06-10,594.7128,595.09735,590.7782,591.89246,66247000,SPY,555.15,568.27,568.76,0.0057,0.488,583.29,595.11,571.47,0.0076
2025-06-11,593.01666,596.66534,590.9557,595.80743,73658200,SPY,555.98,568.52,569.71,-0.0029,0.4837,584.0,596.37,571.63,0.0076
2025-06-12,595.37354,595.37354,591.2023,591.6854,64129000,SPY,556.82,568.75,570.72,0.004,0.4896,584.8,597.96,571.64,0.0076
2025-06-13,588.71716,593.4999,587.21826,590.19635,89506000,SPY,557.47,568.95,571.42,-0.0112,0.4729,585.12,598.33,571.91,0.0081
2025-06-16,594.31836,596.06384,591.89246,592.07,79984100,SPY,558.77,569.18,572.32,0.0095,0.4869,585.54,599.38,571.7,0.0082
2025-06-17,589.23987,593.4013,588.4805,591.8827,82209400,SPY,560.59,569.4,572.99,-0.0085,0.4743,585.67,599.6,571.74,0.0085
2025-06-18,589.15106,592.8786,588.1945,590.1372,76605000,SPY,562.42,569.62,573.62,-0.0002,0.474,585.9,599.91,571.89,0.0084
2025-06-20,587.7674,592.8906,586.3629,591.82245,94051400,SPY,564.38,569.8,574.17,-0.0023,0.4706,586.55,599.55,573.55,0.0074
2025-06-23,593.57306,593.95874,585.40356,588.51904,87426000,SPY,565.44,570.07,574.93,0.0099,0.4852,587.48,599.64,575.32,0.0077
2025-06-24,600.1304,601.1886,596.79724,597.7072,67735300,SPY,567.09,570.38,575.92,0.011,0.5015,588.93,599.7,578.16,0.0077
2025-06-25,600.4666,601.94025,598.90393,601.2479,62114800,SPY,568.57,570.7,576.89,0.0006,0.5024,589.8,601.34,578.26,0.0064
2025-06-26,605.1646,605.5998,601.70294,602.31616,78548400,SPY,570.04,571.09,577.99,0.0078,0.5141,591.08,603.49,578.67,0.0063
2025-06-27,608.1712,609.635,604.136,606.16345,86258400,SPY,571.6,571.46,579.18,0.005,0.5217,592.4,606.19,578.61,0.0063
2025-06-30,611.07904,612.434,608.29987,610.6142,92502500,SPY,573.46,571.84,580.43,0.0048,0.529,593.89,608.99,578.79,0.0063
2025-07-01,610.8813,612.04834,608.7746,609.6054,70030100,SPY,575.29,572.18,581.62,-0.0003,0.5285,595.21,611.42,579.0,0.0062
2025-07-02,613.65063,613.6902,609.85266,610.47577,66510400,SPY,577.43,572.52,582.88,0.0045,0.5354,596.5,614.27,578.73,0.0062
2025-07-03,618.487,619.4167,615.6088,615.62866,51065800,SPY,579.4,572.87,584.28,0.0079,0.5475,598.05,617.83,578.27,0.0063
2025-07-07,613.878,617.1913,611.0988,616.5286,74814500,SPY,581.12,573.19,585.44,-0.0075,0.5359,599.5,619.45,579.55,0.0065
2025-07-08,613.5418,615.29236,612.7308,614.5407,59024600,SPY,582.61,573.5,586.54,-0.0005,0.5352,600.63,621.09,580.17,0.0063
2025-07-09,617.221,617.8738,614.1055,615.9452,66113300,SPY,584.09,573.85,587.74,0.006,0.5444,601.93,623.17,580.69,0.0063
2025-07-10,618.96173,620.0002,616.18256,617.3595,57529000,SPY,585.61,574.15,588.97,0.0028,0.5487,603.14,625.39,580.89,0.0063
2025-07-11,616.7859,618.01227,614.7188,615.9155,63670200,SPY,587.01,574.45,590.06,-0.0035,0.5433,604.33,626.84,581.82,0.0063
2025-07-14,617.96277,618.3089,614.9857,616.3308,51898500,SPY,588.43,574.75,591.15,0.0019,0.5462,605.46,628.35,582.57,0.0063
2025-07-15,615.3221,620.9794,615.2429,620.6431,74317300,SPY,589.72,575.03,592.1,-0.0043,0.5396,606.79,628.65,584.93,0.0057
2025-07-16,617.3792,617.8836,611.27686,616.9045,88987500,SPY,590.89,575.33,593.09,0.0033,0.5447,607.94,629.46,586.42,0.0054
2025-07-17,621.15735,621.5134,617.33966,617.5573,68885700,SPY,592.2,575.63,594.19,0.0061,0.5541,609.54,629.92,589.16,0.0049
2025-07-18,620.70245,622.5717,619.5947,622.40356,65621600,SPY,593.6,575.93,595.23,-0.0007,0.553,611.11,629.65,592.57,0.0049
2025-07-21,621.8794,624.619,621.4541,621.8794,63375000,SPY,594.97,576.23,596.28,0.0019,0.5559,612.82,628.35,597.29,0.0048
2025-07-22,621.96844,622.8289,619.3277,622.2058,60046300,SPY,596.26,576.55,597.28,0.0001,0.5561,614.24,627.37,601.11,0.0045
2025-07-23,627.25977,627.25977,622.8288,624.6289,70511000,SPY,597.68,576.9,598.46,0.0085,0.5693,615.6,628.18,603.02,0.0043
2025-07-24,627.4674,629.17847,627.0421,627.64545,71307100,SPY,598.73,577.26,599.6,0.0003,0.5698,616.95,628.45,605.45,0.0043
2025-07-25,630.1181,630.5929,627.88293,628.1302,56865400,SPY,599.76,577.6,600.79,0.0042,0.5764,618.19,629.72,606.66,0.0041
2025-07-28,629.9599,631.04785,628.5752,630.49396,54917100,SPY,600.77,577.97,601.94,-0.0003,0.5759,619.28,630.94,607.62,0.0041
2025-07-29,628.29834,631.67096,627.3884,631.35443,60556300,SPY,601.69,578.3,602.97,-0.0026,0.5718,620.14,631.79,608.49,0.0042
2025-07-30,627.5071,630.6918,624.619,628.95105,80418900,SPY,602.52,578.61,603.93,-0.0013,0.5698,620.98,632.21,609.75,0.0042
2025-07-31,625.15314,632.83795,623.8575,632.4523,103385200,SPY,603.29,578.92,604.77,-0.0038,0.5638,621.55,632.37,610.73,0.0043
2025-08-01,614.9066,619.476,612.50323,619.43646,140103600,SPY,603.9,579.15,605.16,-0.0164,0.5382,621.37,632.52,610.22,0.0055
2025-08-04,624.2531,624.30255,618.7244,618.8134,73218000,SPY,604.88,579.41,605.91,0.0152,0.5615,621.89,632.53,611.25,0.0062
2025-08-05,621.08813,625.6773,620.16833,624.8663,68051400,SPY,605.81,579.67,606.51,-0.0051,0.5536,622.27,632.17,612.37,0.0063
2025-08-06,625.84546,626.4982,621.2464,622.1563,64357500,SPY,606.9,579.95,607.27,0.0077,0.5655,622.7,632.42,612.98,0.0064
2025-08-07,625.3212,629.9994,622.21564,629.2675,74205800,SPY,607.75,580.22,607.97,-0.0008,0.5643,623.02,632.64,613.4,0.0064
2025-08-08,630.1972,630.6621,626.7949,627.1114,64051600,SPY,608.76,580.51,608.84,0.0078,0.5765,623.69,633.36,614.02,0.0065
2025-08-11,628.95105,631.9479,627.70483,630.4742,58742300,SPY,609.7,580.8,609.63,-0.002,0.5733,624.24,633.78,614.7,0.0066
2025-08-12,635.64685,635.80505,629.81146,631.29504,64730800,SPY,610.79,581.12,610.65,0.0106,0.59,625.25,635.12,615.38,0.0068
2025-08-13,637.8228,639.1086,635.637,637.8425,60092800,SPY,611.86,581.47,611.72,0.0034,0.5954,626.28,636.92,615.64,0.0068
2025-08-14,637.8821,638.54474,635.3007,635.7457,59327500,SPY,612.86,581.82,612.74,0.0001,0.5956,627.11,638.65,615.57,0.0067
2025-08-15,636.3887,639.00964,635.47876,638.9107,68592500,SPY,613.83,582.17,613.67,-0.0023,0.5919,627.9,639.73,616.07,0.0067
2025-08-18,636.2501,636.94244,635.1424,635.81494,43804900,SPY,614.86,582.51,614.56,-0.0002,0.5916,628.61,640.65,616.57,0.0068
2025-08-19,632.7984,637.0513,631.483,636.07214,69750700,SPY,615.7,582.82,615.27,-0.0054,0.583,629.16,640.91,617.41,0.0069
2025-08-20,631.117,632.65,626.01355,632.3929,88890300,SPY,616.5,583.13,615.89,-0.0027,0.5787,629.35,641.1,617.6,0.0067
2025-08-21,628.58514,630.9786,626.8642,629.3072,54805800,SPY,617.18,583.49,616.39,-0.004,0.5724,629.4,641.12,617.68,0.0068
2025-08-22,638.23816,639.4151,630.2665,630.77094,84083200,SPY,618.08,583.88,617.25,0.0154,0.5966,629.81,642.18,617.44,0.0076
2025-08-25,635.42926,638.2184,635.3106,636.98206,51274300,SPY,618.88,584.27,617.96,-0.0044,0.5896,630.08,642.7,617.46,0.0076
2025-08-26,638.0898,638.436,634.5392,635.16223,51581600,SPY,619.87,584.63,618.75,0.0042,0.5963,630.57,643.65,617.49,0.0076
2025-08-27,639.5437,640.2756,637.3579,637.5063,48341100,SPY,620.77,584.94,619.57,0.0023,0.5999,631.18,644.76,617.6,0.0076
2025-08-28,641.80853,642.36237,638.2678,640.147,61519500,SPY,621.82,585.23,620.44,0.0035,0.6055,632.01,646.07,617.95,0.0076
2025-08-29,637.981,640.7405,636.092,640.37445,74522200,SPY,622.8,585.49,621.13,-0.006,0.5959,633.16,644.91,621.41,0.0066
2025-09-02,633.2534,633.471,627.96204,630.51373,81983500,SPY,623.71,585.72,621.6,-0.0074,0.5841,633.61,644.59,622.63,0.0061
2025-09-03,636.68536,637.15027,633.44135,635.6271,70820900,SPY,624.57,585.98,622.19,0.0054,0.5927,634.39,643.71,625.07,0.006
2025-09-04,642.00635,642.0361,636.4578,637.35785,65219200,SPY,625.41,586.26,622.97,0.0084,0.606,635.2,644.2,626.2,0.0061
2025-09-05,640.147,645.06256,636.27985,644.3405,85178900,SPY,626.2,586.56,623.64,-0.0029,0.6014,635.94,643.9,627.98,0.0061
2025-09-08,641.71954,642.7185,640.137,641.51184,63133100,SPY,626.93,586.89,624.35,0.0025,0.6054,636.52,644.39,628.65,0.0059
2025-09-09,643.2031,643.7273,640.12714,641.858,66133900,SPY,627.64,587.23,625.09,0.0023,0.6091,637.23,644.79,629.67,0.0059
2025-09-10,645.0625,647.37683,643.4998,646.45703,78034500,SPY,628.32,587.56,625.88,0.0029,0.6137,637.7,645.99,629.41,0.0055
2025-09-11,650.42316,651.1155,646.4274,647.0109,69934400,SPY,629.11,587.92,626.84,0.0083,0.6271,638.33,648.38,628.28,0.0057
2025-09-12,650.2055,651.8869,649.7012,650.39343,72780100,SPY,629.84,588.26,627.75,-0.0003,0.6266,638.95,650.31,627.59,0.0057
2025-09-15,653.6672,653.7958,652.11444,652.41113,63772400,SPY,630.54,588.61,628.77,0.0053,0.6353,639.81,652.86,626.76,0.0057
2025-09-16,652.7671,654.5276,651.9858,654.22095,61169000,SPY,631.32,588.95,629.71,-0.0014,0.633,640.64,654.78,626.5,0.0058
2025-09-17,651.9561,654.46826,647.1296,652.77704,101952200,SPY,632.09,589.27,630.58,-0.0012,0.631,641.59,656.09,627.09,0.0056
2025-09-18,655.0024,657.6036,653.0342,654.6364,90459200,SPY,632.84,589.61,631.54,0.0047,0.6387,642.79,657.59,627.99,0.0055
2025-09-19,658.2465,659.08954,654.94385,656.88776,97945600,SPY,633.63,589.95,632.59,0.005,0.6469,644.27,659.02,629.52,0.0054
2025-09-22,661.36066,661.8069,656.729,656.7588,69452200,SPY,634.52,590.3,633.72,0.0047,0.6546,645.43,661.73,629.13,0.0045
2025-09-23,657.7606,661.8567,656.5407,661.2417,81708900,SPY,635.32,590.63,634.66,-0.0054,0.6457,646.54,663.01,630.07,0.0045
2025-09-24,655.6678,659.1489,654.2496,659.0498,68082200,SPY,636.12,590.93,635.48,-0.0032,0.6404,647.42,663.87,630.97,0.0046
2025-09-25,652.64294,653.99176,649.03284,652.5339,89622100,SPY,636.83,591.22,636.16,-0.0046,0.6329,648.08,664.25,631.91,0.0048
2025-09-26,656.38196,656.9274,652.4743,654.09094,69179200,SPY,637.53,591.52,636.95,0.0057,0.6422,648.81,665.1,632.52,0.0049
2025-09-29,658.2267,659.8136,656.42163,658.90106,73499000,SPY,638.28,591.85,637.78,0.0028,0.6468,649.82,665.79,633.85,0.0046
2025-09-30,660.7061,661.1723,656.17365,657.48285,86288000,SPY,639.06,592.2,638.68,0.0038,0.653,651.19,665.83,636.55,0.0041
2025-10-01,662.9575,663.86993,657.6118,657.7209,72545400,SPY,639.88,592.54,639.64,0.0034,0.6586,652.51,666.37,638.65,0.0041
2025-10-02,663.72107,665.06,661.30115,664.941,56896000,SPY,640.61,592.9,640.58,0.0012,0.6606,653.59,667.39,639.79,0.0038
2025-10-03,663.71124,667.1527,662.6698,664.4848,70494400,SPY,641.33,593.26,641.49,-0.0,0.6606,654.77,667.73,641.81,0.0036
2025-10-06,666.0915,666.98413,663.95917,666.10144,54623300,SPY,642.05,593.61,642.45,0.0036,0.6666,655.99,668.35,643.63,0.0037
2025-10-07,663.62195,667.46014,662.18384,667.01385,72020100,SPY,642.73,593.97,643.28,-0.0037,0.6604,657.01,668.25,645.77,0.0039
2025-10-08,667.57916,667.6784,663.9195,664.7427,60702200,SPY,643.51,594.44,644.23,0.006,0.6704,658.13,668.83,647.43,0.004
2025-10-09,665.6452,668.4024,663.7113,667.9958,66501900,SPY,644.27,594.89,645.07,-0.0029,0.6656,658.9,669.45,648.35,0.0038
2025-10-10,647.65424,668.41223,647.4757,666.6072,159422600,SPY,644.72,595.23,645.18,-0.027,0.6206,658.77,669.82,647.72,0.0074
2025-10-13,657.5919,659.6648,654.3488,655.2216,79560500,SPY,645.58,595.59,645.66,0.0153,0.6454,658.96,669.76,648.16,0.0081
2025-10-14,656.7886,660.359,647.80304,651.77014,88779600,SPY,646.23,595.92,646.1,-0.0012,0.6434,659.17,669.63,648.71,0.0081
2025-10-15,659.7044,664.72284,653.5157,661.3409,81702600,SPY,647.0,596.26,646.63,0.0044,0.6506,659.55,669.44,649.66,0.0081
2025-10-16,655.21173,663.21545,651.7107,661.34094,110563300,SPY,647.59,596.61,646.97,-0.0068,0.6394,659.56,669.44,649.68,0.0082
2025-10-17,658.93085,660.2896,652.7322,654.081,96500900,SPY,648.26,597.02,647.44,0.0057,0.6488,659.6,669.46,649.74,0.0082
2025-10-20,665.78406,666.6866,661.78723,661.8368,60493400,SPY,648.97,597.46,648.16,0.0104,0.6659,659.82,670.04,649.6,0.0085
2025-10-21,665.7741,667.46014,664.47485,665.9229,56249000,SPY,649.71,597.92,648.85,-0.0,0.6659,660.22,670.72,649.72,0.0084
2025-10-22,662.3128,666.47833,657.8498,666.47833,80564000,SPY,650.24,598.32,649.38,-0.0052,0.6573,660.55,670.87,650.23,0.0084
2025-10-23,666.2403,667.1825,662.3128,662.6302,65604500,SPY,650.81,598.72,650.04,0.0059,0.667,661.23,671.14,651.32,0.0084
2025-10-24,671.6852,672.89514,670.0983,670.9017,74356500,SPY,651.49,599.19,650.89,0.0082,0.6807,662.0,672.66,651.34,0.0085
2025-10-27,679.6095,679.90704,676.51514,677.1201,63339800,SPY,652.35,599.69,652.01,0.0118,0.7005,663.07,676.15,649.99,0.0088
2025-10-28,681.41455,683.2493,679.2029,681.4046,61738100,SPY,653.25,600.24,653.17,0.0027,0.7051,664.1,679.48,648.72,0.0088
2025-10-29,681.7419,684.0329,677.25903,683.0609,85657100,SPY,654.23,600.79,654.29,0.0005,0.706,665.04,682.3,647.78,0.0088
2025-10-30,674.24396,680.3037,674.24396,678.2805,76335800,SPY,655.1,601.3,655.07,-0.011,0.6872,665.57,683.3,647.84,0.0092
2025-10-31,676.4556,679.4508,673.6588,679.41113,87164100,SPY,656.05,601.77,655.91,0.0033,0.6928,666.2,684.55,647.85,0.0093
2025-11-03,677.72516,680.1649,674.3531,680.03595,57315000,SPY,656.84,602.25,656.76,0.0019,0.696,666.79,685.85,647.73,0.0092
2025-11-04,669.6917,674.373,669.0372,670.55457,78427000,SPY,657.53,602.66,657.27,-0.0119,0.6758,667.09,686.13,648.05,0.0096
2025-11-05,672.0125,675.2655,668.6305,669.43384,74402400,SPY,658.21,603.06,657.85,0.0035,0.6817,667.31,686.48,648.14,0.0096
2025-11-06,664.8022,671.8141,663.2252,670.91156,85035300,SPY,658.71,603.4,658.12,-0.0107,0.6637,667.27,686.46,648.08,0.0099
2025-11-07,665.4567,665.56586,655.777,662.4219,100592400,SPY,659.18,603.73,658.41,0.001,0.6653,668.16,685.03,651.29,0.0076
2025-11-10,675.84076,676.57465,669.48346,671.67523,75842900,SPY,659.94,604.12,659.09,0.0156,0.6913,669.07,685.5,652.64,0.0076
2025-11-11,677.3879,677.9532,673.15295,674.363,58953400,SPY,660.82,604.56,659.81,0.0023,0.6952,670.1,685.86,654.34,0.0076
2025-11-12,677.7648,679.3318,675.35474,679.16315,62312500,SPY,661.65,604.98,660.51,0.0006,0.6962,671.0,686.31,655.69,0.0075
2025-11-13,666.51794,675.2655,665.0105,674.90845,103457800,SPY,662.14,605.35,660.75,-0.0166,0.6681,671.57,685.16,657.98,0.0084
2025-11-14,666.40894,670.1083,657.8201,659.9128,96846700,SPY,662.66,605.71,660.97,-0.0002,0.6677,671.94,684.44,659.44,0.0083
2025-11-17,660.20026,668.17426,656.729,664.19714,90456100,SPY,663.03,606.05,660.94,-0.0093,0.6522,671.66,684.96,658.36,0.0082
2025-11-18,654.65625,659.6548,650.4709,656.6596,114467500,SPY,663.26,606.39,660.69,-0.0084,0.6384,671.11,686.25,655.97,0.0084
2025-11-19,657.1853,661.8566,653.33716,655.3505,94703000,SPY,663.5,606.72,660.56,0.0039,0.6447,670.85,686.77,654.93,0.0084
2025-11-20,647.16833,670.0091,646.53357,667.3808,165293500,SPY,663.44,606.98,660.03,-0.0152,0.6197,669.9,688.96,650.84,0.0089
2025-11-21,653.61487,659.0895,645.502,649.66754,123956200,SPY,663.51,607.27,659.78,0.01,0.6359,668.99,689.36,648.62,0.009
2025-11-24,663.23517,664.55426,656.1539,657.2448,80437900,SPY,663.7,607.63,659.92,0.0147,0.66,668.18,688.06,648.3,0.0093
2025-11-25,669.47345,670.6537,659.02,663.1359,81077100,SPY,664.03,608.01,660.29,0.0094,0.6756,667.58,686.48,648.68,0.0095
2025-11-26,674.0952,676.09863,671.1595,672.0621,71879600,SPY,664.47,608.4,660.83,0.0069,0.6872,667.2,685.18,649.22,0.0097
2025-11-28,677.7747,678.05237,674.90845,675.2655,49212000,SPY,664.93,608.82,661.5,0.0055,0.6964,667.37,685.71,649.03,0.0094
2025-12-01,674.68036,677.378,673.1629,673.23236,61201200,SPY,665.26,609.2,662.01,-0.0046,0.6886,667.28,685.45,649.11,0.0095
2025-12-02,675.93005,678.20123,673.7481,676.31683,62953800,SPY,665.55,609.58,662.56,0.0019,0.6918,667.19,685.16,649.22,0.0095
2025-12-03,678.2706,679.2822,674.1051,674.9779,57238500,SPY,665.96,609.97,663.18,0.0035,0.6978,667.62,686.24,649.0,0.0091
2025-12-04,678.76654,679.73846,675.74164,679.669,61970300,SPY,666.42,610.35,663.79,0.0007,0.699,667.96,687.15,648.77,0.0091
2025-12-05,680.0558,682.73364,678.9549,679.8376,79241000,SPY,666.97,610.75,664.42,0.0019,0.7022,668.72,688.58,648.86,0.0087
2025-12-08,678.01276,680.99805,675.96967,680.9485,55231500,SPY,667.4,611.19,664.96,-0.003,0.6971,669.35,689.57,649.13,0.0087
2025-12-09,677.42755,679.7583,676.9813,677.5367,58310100,SPY,667.79,611.64,665.45,-0.0009,0.6955,669.43,689.77,649.09,0.008
2025-12-10,681.9204,683.3089,675.71185,676.95154,85671300,SPY,668.21,612.13,666.09,0.0066,0.7067,669.66,690.47,648.85,0.0081
2025-12-11,683.5072,683.58655,676.5647,679.5104,86173700,SPY,668.62,612.62,666.78,0.0023,0.7107,669.95,691.38,648.52,0.0081
2025-12-12,676.1581,683.21954,673.58936,682.5154,113160300,SPY,668.87,613.13,667.14,-0.0108,0.6922,670.43,691.97,648.89,0.0076
2025-12-15,675.13654,680.12524,673.6687,680.1054,90811000,SPY,669.1,613.58,667.46,-0.0015,0.6896,670.86,692.41,649.31,0.0076
2025-12-16,673.2919,675.4837,669.43384,673.6489,122030600,SPY,669.24,614.08,667.69,-0.0027,0.6851,671.52,692.49,650.55,0.0073
2025-12-17,665.88324,674.84894,665.6849,674.30347,110625200,SPY,669.29,614.57,667.62,-0.011,0.6665,672.08,691.71,652.45,0.0075
2025-12-18,670.9115,675.1464,669.35443,672.0322,108650100,SPY,669.36,615.06,667.74,0.0076,0.6792,672.77,691.13,654.41,0.0076
2025-12-19,676.9923,677.4897,672.89404,673.0134,103599500,SPY,669.58,615.63,668.11,0.0091,0.6945,674.26,688.17,660.35,0.0068
2025-12-22,681.20984,681.737,676.99225,680.3245,69556700,SPY,670.25,616.21,668.62,0.0062,0.705,675.64,685.93,665.35,0.0066
2025-12-23,684.3233,684.562,680.2549,680.3046,64840000,SPY,670.79,616.87,669.24,0.0046,0.7128,676.69,685.89,667.49,0.0059
2025-12-24,686.7305,687.17816,684.1641,684.31335,39445600,SPY,671.39,617.57,669.92,0.0035,0.7188,677.55,687.13,667.97,0.0056
2025-12-26,686.6609,688.0037,685.6264,686.98914,41613300,SPY,671.93,618.26,670.58,-0.0001,0.7187,678.18,688.43,667.93,0.0055
2025-12-29,684.21387,685.55676,682.4433,683.9055,62559500,SPY,672.51,618.97,671.11,-0.0036,0.7125,678.5,689.09,667.91,0.0055
2025-12-30,683.3783,684.9201,682.95056,683.816,47160700,SPY,672.99,619.62,671.59,-0.0012,0.7104,678.94,689.59,668.29,0.0054
2025-12-31,678.31525,683.7265,678.1064,683.5077,74144800,SPY,673.25,620.22,671.86,-0.0074,0.6978,679.06,689.62,668.5,0.0056
2026-01-02,679.5586,683.2391,676.2263,682.0852,89377200,SPY,673.52,620.86,672.16,0.0018,0.7008,679.12,689.67,668.57,0.0056
2026-01-05,684.0846,685.7856,682.7517,682.9108,71927200,SPY,673.96,621.5,672.63,0.0067,0.7122,679.39,690.17,668.61,0.0058
2026-01-06,688.15295,688.6603,684.1443,684.29346,69273800,SPY,674.39,622.16,673.24,0.0059,0.7223,679.79,691.26,668.32,0.0059
2026-01-07,685.93475,690.2916,685.67615,688.53094,75588300,SPY,674.68,622.81,673.73,-0.0032,0.7168,680.19,691.95,668.43,0.0059
2026-01-08,685.8651,686.96924,683.8558,685.1788,64019200,SPY,674.8,623.4,674.21,-0.0001,0.7166,680.61,692.55,668.67,0.0059
2026-01-09,690.401,691.63446,685.53687,686.9792,80125500,SPY,674.98,624.02,674.85,0.0066,0.728,681.04,693.76,668.32,0.0059
2026-01-12,691.4852,692.41034,686.9792,687.02893,63976000,SPY,675.18,624.67,675.5,0.0016,0.7307,681.43,694.95,667.91,0.0059
2026-01-13,690.1026,692.41034,687.6954,691.8135,78309700,SPY,675.5,625.33,676.07,-0.002,0.7273,682.13,695.94,668.32,0.0053
2026-01-14,686.7106,688.06335,682.4134,687.3472,94676700,SPY,675.7,626.02,676.49,-0.0049,0.7188,682.71,696.25,669.17,0.0054
2026-01-15,688.5807,691.77374,687.59595,690.8984,77862000,SPY,675.92,626.71,676.96,0.0027,0.7234,683.47,696.49,670.45,0.0054
2026-01-16,688.0037,690.5801,686.45197,689.99316,79289200,SPY,676.29,627.38,677.4,-0.0008,0.7221,684.58,694.75,674.41,0.0046
2026-01-20,673.99817,681.15015,672.99347,677.88745,111623300,SPY,676.32,627.97,677.26,-0.0204,0.6869,684.74,694.1,675.38,0.0065
2026-01-21,681.77686,685.0992,674.5453,676.05725,127844500,SPY,676.66,628.73,677.44,0.0115,0.7063,684.97,693.72,676.22,0.0067
2026-01-22,685.33795,687.4766,683.2888,686.20337,77112200,SPY,677.06,629.66,677.75,0.0052,0.7152,685.18,693.75,676.61,0.0067
2026-01-23,685.58655,687.30743,683.52747,684.5123,63059600,SPY,677.26,630.61,678.06,0.0004,0.7159,685.24,693.8,676.68,0.0066
2026-01-26,689.0681,690.46075,686.27295,686.83997,60473800,SPY,677.49,631.6,678.49,0.0051,0.7247,685.36,694.07,676.65,0.0067
2026-01-27,691.8135,692.848,689.9036,690.5104,55506100,SPY,677.77,632.36,679.01,0.004,0.7315,685.62,694.79,676.45,0.0067
2026-01-28,691.74384,694.15106,690.27167,693.36523,61172200,SPY,678.28,633.23,679.51,-0.0001,0.7314,685.99,695.53,676.45,0.0067
2026-01-29,690.37115,693.3752,681.2099,692.70874,97486200,SPY,678.76,634.05,679.94,-0.002,0.7279,686.34,695.98,676.7,0.0067
2026-01-30,688.31213,690.54034,683.4878,688.1331,101835100,SPY,679.32,634.83,680.26,-0.003,0.7227,686.84,695.74,677.94,0.0065
2026-02-02,691.7339,693.24585,685.7756,685.93475,79286500,SPY,680.06,635.64,680.71,0.005,0.7313,687.45,695.91,678.99,0.0065
2026-02-03,685.885,693.2757,680.41406,692.52966,107904600,SPY,680.63,636.48,680.92,-0.0085,0.7166,687.54,695.88,679.2,0.0067
2026-02-04,682.5627,687.79486,678.1561,686.7007,105204600,SPY,681.34,637.29,680.98,-0.0048,0.7084,687.26,695.89,678.63,0.0067
2026-02-05,674.03796,680.07587,672.2176,677.3404,113610800,SPY,681.75,638.13,680.71,-0.0125,0.687,686.67,697.13,676.21,0.0072
2026-02-06,686.96924,688.6503,677.25085,677.85767,89127600,SPY,682.22,638.97,680.95,0.0192,0.7194,686.72,697.17,676.27,0.0085
2026-02-09,690.2816,692.19147,684.7013,685.7755,73885200,SPY,682.64,639.78,681.32,0.0048,0.7277,686.72,697.16,676.28,0.0084
2026-02-10,688.4613,692.8579,688.0037,691.27637,65185700,SPY,682.93,640.52,681.6,-0.0026,0.7232,686.57,696.81,676.33,0.0084
2026-02-11,688.3022,693.4548,685.53687,692.70874,76353900,SPY,683.14,641.25,681.86,-0.0002,0.7228,686.48,696.62,676.34,0.0084
2026-02-12,677.6687,691.67426,676.77344,690.5701,118829000,SPY,683.2,641.92,681.7,-0.0154,0.6963,686.02,696.89,675.15,0.009
2026-02-13,678.1461,682.6522,673.9385,678.0864,96267500,SPY,683.24,642.58,681.56,0.0007,0.6975,685.5,696.85,674.15,0.009
2026-02-17,679.2403,681.3193,672.2077,676.5447,81354700,SPY,683.26,643.24,681.47,0.0016,0.7002,685.06,696.68,673.44,0.009
2026-02-18,682.6621,685.507,679.22046,680.4042,73570300,SPY,683.34,643.9,681.52,0.005,0.7087,685.5,695.97,675.03,0.0078
2026-02-19,680.8617,682.55273,677.9472,680.2251,58649400,SPY,683.36,644.51,681.49,-0.0026,0.7043,685.45,695.99,674.91,0.0074
2026-02-20,685.7856,686.41223,678.1263,678.7132,100034000,SPY,683.51,645.16,681.66,0.0072,0.7165,685.47,696.01,674.93,0.0074
2026-02-23,678.7828,686.35254,676.77344,684.19403,90558100,SPY,683.54,645.8,681.55,-0.0102,0.699,685.13,696.09,674.17,0.0078
2026-02-24,683.7165,684.7112,676.4054,678.29535,73798700,SPY,683.57,646.45,681.63,0.0073,0.7114,684.87,695.69,674.05,0.0079
2026-02-25,689.4859,690.01306,686.45197,686.53156,56369500,SPY,683.69,647.11,681.94,0.0084,0.7258,684.75,695.3,674.2,0.0081
2026-02-26,685.6562,689.6351,680.73236,689.6152,71671000,SPY,683.88,647.76,682.08,-0.0056,0.7161,684.45,694.49,674.41,0.0082
2026-02-27,682.3637,683.2291,678.03674,679.47906,83308900,SPY,684.03,648.3,682.1,-0.0048,0.7079,684.05,693.72,674.38,0.0082
2026-03-02,682.75165,684.9798,674.43585,675.11224,87477200,SPY,684.22,648.82,682.12,0.0006,0.7089,683.77,693.25,674.29,0.0082
2026-03-03,676.7337,679.00165,666.12006,671.4915,105003100,SPY,684.43,649.3,681.91,-0.0088,0.6939,683.02,692.21,673.83,0.0083
2026-03-04,681.5083,683.45795,676.0274,678.0268,79182200,SPY,684.65,649.8,681.89,0.0071,0.7059,682.8,691.91,673.69,0.0083
2026-03-05,677.70844,681.9062,672.0386,678.47437,106606500,SPY,684.66,650.26,681.73,-0.0056,0.6964,682.56,691.95,673.17,0.0083
2026-03-06,668.8256,672.5359,666.2195,669.85016,100687000,SPY,684.41,650.67,681.22,-0.0131,0.6741,682.3,692.9,671.7,0.0084
2026-03-09,674.6845,676.32574,658.8884,662.8673,102667700,SPY,684.22,651.12,680.97,0.0088,0.6889,681.68,692.56,670.8,0.0074
2026-03-10,673.6003,679.7476,671.1931,674.1374,81505300,SPY,683.96,651.61,680.68,-0.0016,0.6862,680.85,691.51,670.19,0.0072
2026-03-11,672.7548,676.485,669.78064,673.9982,68441700,SPY,683.68,652.1,680.37,-0.0013,0.684,680.06,690.67,669.45,0.0072
2026-03-12,662.53906,668.09955,662.35004,667.61206,108882200,SPY,683.25,652.56,679.67,-0.0152,0.6584,678.77,691.26,666.28,0.0079
2026-03-13,658.789,668.78595,657.86395,665.7321,97200200,SPY,682.75,652.94,678.85,-0.0057,0.6489,677.83,693.19,662.47,0.0073
2026-03-16,665.4934,668.51733,663.59344,664.8468,82023100,SPY,682.5,653.37,678.33,0.0102,0.6658,677.2,693.52,660.88,0.0077
2026-03-17,667.244,670.87476,666.1598,668.8356,87128000,SPY,682.25,653.8,677.89,0.0026,0.6701,676.6,693.48,659.72,0.0077
2026-03-18,657.93353,666.1797,657.6948,664.8269,82062600,SPY,681.73,654.18,677.11,-0.014,0.6467,675.36,693.91,656.81,0.0081
2026-03-19,656.31213,659.47534,651.7066,653.4971,111272500,SPY,681.09,654.54,676.29,-0.0025,0.6426,674.13,694.32,653.94,0.0081
2026-03-20,646.90344,655.00256,643.0633,654.82306,163617500,SPY,680.31,654.83,675.14,-0.0143,0.6191,672.19,694.98,649.4,0.0083
2026-03-23,653.6959,660.9173,652.25964,656.379,134802700,SPY,679.67,655.16,674.3,0.0105,0.6361,670.94,694.93,646.95,0.0086
2026-03-24,651.5016,655.34174,648.2101,649.64636,96457500,SPY,678.89,655.5,673.41,-0.0034,0.6305,669.32,694.01,644.63,0.0084
2026-03-25,655.1322,659.1918,652.55884,656.9774,90653800,SPY,678.16,655.82,672.69,0.0056,0.6397,667.61,691.15,644.07,0.0082
2026-03-26,643.4324,653.16724,643.163,650.38446,96494400,SPY,677.23,656.08,671.54,-0.0179,0.6103,665.5,689.78,641.22,0.0089
2026-03-27,632.46063,641.00854,631.4831,640.849,103649400,SPY,676.14,656.27,670.01,-0.0171,0.5828,663.0,690.08,635.92,0.0094
2026-03-30,630.34607,638.7245,627.663,638.46515,99275900,SPY,674.98,656.46,668.45,-0.0033,0.5776,660.38,689.48,631.28,0.0093
2026-03-31,648.6689,649.8657,636.3406,637.29816,152534100,SPY,674.19,656.72,667.68,0.0291,0.6235,658.98,687.46,630.5,0.0118
2026-04-01,653.5563,656.8279,651.322,652.2197,97841500,SPY,673.78,657.05,667.12,0.0075,0.6356,657.58,684.08,631.08,0.0118
2026-04-02,654.1448,656.50867,643.4523,644.7589,68358700,SPY,673.23,657.34,666.62,0.0009,0.6371,656.4,681.17,631.63,0.0118
2026-04-06,657.2368,658.0248,653.83563,654.1747,39105800,SPY,672.67,657.68,666.25,0.0047,0.6448,655.82,679.9,631.74,0.0116
2026-04-07,657.526,657.91504,649.387,654.96265,69980400,SPY,672.11,658.03,665.91,0.0004,0.6455,654.96,677.37,632.55,0.0114
2026-04-08,674.27295,675.3402,669.7347,674.652,93606100,SPY,671.81,658.46,666.23,0.0255,0.6874,655.0,677.53,632.47,0.0128
2026-04-09,678.16284,679.4096,672.03864,673.1059,57134400,SPY,671.54,658.88,666.7,0.0058,0.6972,655.27,678.81,631.73,0.0129
2026-04-10,677.71405,680.27747,676.70667,679.5693,42253500,SPY,671.26,659.27,667.13,-0.0007,0.696,656.03,681.46,630.6,0.0124
2026-04-13,684.337,684.5365,674.8415,675.6693,54185800,SPY,671.14,659.69,667.81,0.0098,0.7126,657.3,685.7,628.9,0.0124
2026-04-14,692.67554,692.7952,685.89294,685.9229,63480500,SPY,671.22,660.13,668.78,0.0122,0.7335,658.66,691.04,626.28,0.0125
2026-04-15,698.1414,698.4806,692.4162,693.47345,58240400,SPY,671.35,660.58,669.93,0.0079,0.7472,660.21,696.96,623.46,0.0125
2026-04-16,699.857,700.9742,696.7351,699.25854,49972400,SPY,671.63,661.02,671.11,0.0025,0.7516,662.3,703.07,621.53,0.0119
2026-04-17,708.31525,710.55945,703.9465,704.3255,70661900,SPY,672.15,661.51,672.57,0.0121,0.7728,664.9,710.42,619.38,0.012
2026-04-20,706.8988,708.08575,704.3255,706.9587,43546800,SPY,672.8,661.97,673.91,-0.002,0.7693,667.9,716.24,619.56,0.0113
2026-04-21,702.2708,709.45233,700.83453,708.4549,58941400,SPY,673.11,662.39,675.03,-0.0065,0.7577,670.33,720.51,620.15,0.0115
2026-04-22,709.3825,709.6219,706.40015,707.3278,42518500,SPY,673.49,662.87,676.37,0.0101,0.7755,673.23,725.47,620.99,0.0115
2026-04-23,706.6296,710.5295,700.47546,707.6769,56174000,SPY,673.86,663.34,677.56,-0.0039,0.7686,675.8,729.35,622.25,0.0116
2026-04-24,712.10547,712.6341,707.1882,708.92365,45182000,SPY,674.33,663.81,678.91,0.0077,0.7822,679.24,732.86,625.62,0.0104
2026-04-27,713.3323,713.79114,710.46967,711.3374,33135900,SPY,675.05,664.28,680.26,0.0017,0.7852,683.28,734.17,632.39,0.0091
2026-04-28,709.8612,711.04816,707.4275,709.9909,43117400,SPY,675.68,664.75,681.42,-0.0049,0.7765,687.25,732.88,641.62,0.0092
2026-04-29,709.7515,710.36993,706.54974,709.173,41859200,SPY,676.29,665.21,682.54,-0.0002,0.7761,690.31,733.16,647.46,0.0075
2026-04-30,716.8133,717.94037,708.62445,712.7937,67240900,SPY,676.97,665.71,683.88,0.0099,0.7937,693.47,734.18,652.76,0.0075
2026-05-01,718.7982,723.0073,718.61865,719.39667,43049800,SPY,677.73,666.22,685.25,0.0028,0.7987,696.7,734.42,658.98,0.0075
2026-05-04,716.165,720.2644,713.1527,718.21967,51950600,SPY,678.34,666.7,686.46,-0.0037,0.7921,699.65,733.39,665.91,0.0077
2026-05-05,721.9102,723.17694,719.63605,719.91534,36933200,SPY,679.2,667.2,687.85,0.008,0.8064,702.87,731.6,674.14,0.0077
2026-05-06,731.94434,732.7024,725.94977,726.2889,53288900,SPY,680.17,667.75,689.58,0.0139,0.8315,705.75,733.97,677.53,0.0064
2026-05-07,729.70013,734.2384,727.8748,733.1612,51724600,SPY,680.97,668.29,691.15,-0.0031,0.8258,708.33,735.33,681.33,0.0066
2026-05-08,735.7246,736.1835,732.68243,733.0415,47227100,SPY,681.97,668.83,692.9,0.0083,0.841,711.23,736.8,685.66,0.0066
2026-05-11,737.40027,738.8864,734.5576,734.5576,44024000,SPY,683.07,669.38,694.65,0.0023,0.8452,713.88,738.71,689.05,0.0065
2026-05-12,736.28314,736.94147,729.94946,734.99646,54185300,SPY,684.14,669.91,696.28,-0.0015,0.8425,716.06,740.7,691.42,0.0062
2026-05-13,740.4025,741.9984,733.5801,736.5724,44200200,SPY,685.42,670.47,698.01,0.0056,0.8528,718.18,743.59,692.77,0.0062
2026-05-14,746.2475,747.60406,741.64935,741.73914,45307600,SPY,686.71,671.06,699.9,0.0079,0.8674,720.5,747.3,693.7,0.0063
2026-05-15,737.2706,741.5496,736.0638,739.8839,60410800,SPY,687.9,671.6,701.37,-0.012,0.845,721.94,749.09,694.79,0.0068
2026-05-18,736.75195,739.5148,731.50543,737.9289,47843900,SPY,689.26,672.16,702.75,-0.0007,0.8437,723.44,750.39,696.49,0.0067
2026-05-19,731.8446,735.7546,729.6503,732.89197,54255900,SPY,690.4,672.75,703.9,-0.0067,0.8314,724.92,750.17,699.67,0.0067
2026-05-20,739.3453,739.9637,732.0042,733.8195,45768000,SPY,691.72,673.32,705.29,0.0102,0.85,726.41,751.34,701.48,0.0067
2026-05-21,740.81146,742.95593,735.13617,736.742,43332200,SPY,693.08,673.92,706.68,0.002,0.8537,728.12,752.0,704.24,0.0066
2026-05-22,743.724,747.0155,742.56696,744.32245,41762000,SPY,694.7,674.51,708.13,0.0039,0.861,729.7,753.3,706.1,0.0065
2026-05-26,748.6613,750.1973,746.44696,748.08276,41123600,SPY,696.5,675.13,709.72,0.0066,0.8733,731.47,755.2,707.74,0.0066
2026-05-27,748.5316,749.4492,746.2973,748.9505,42106300,SPY,698.16,675.72,711.24,-0.0002,0.8729,733.4,755.99,710.81,0.0064
2026-05-28,752.66095,753.2096,747.30475,748.32214,41562600,SPY,699.87,676.34,712.87,0.0055,0.8832,735.55,756.79,714.31,0.0064
2026-05-29,754.53613,756.1321,752.75073,753.95764,55075700,SPY,701.8,676.93,714.5,0.0025,0.8879,737.44,758.37,716.51,0.0061
2026-06-01,756.5908,758.3264,752.75073,753.419,43634900,SPY,703.81,677.53,716.15,0.0027,0.893,739.33,760.0,718.66,0.0061
2026-06-02,757.6182,758.4461,754.8055,755.0848,31581900,SPY,706.02,678.13,717.78,0.0014,0.8956,741.4,760.55,722.25,0.006
2026-06-03,752.3019,756.85016,751.6336,756.20184,51402500,SPY,708.0,678.7,719.13,-0.007,0.8824,742.92,760.3,725.54,0.0062
2026-06-04,755.1446,756.36145,749.539,750.16736,49923000,SPY,710.07,679.3,720.54,0.0038,0.8895,744.08,761.47,726.69,0.0056
2026-06-05,735.6548,750.88556,733.64,750.3769,93989400,SPY,711.68,679.81,721.14,-0.0258,0.8408,744.38,760.92,727.84,0.0083
2026-06-08,737.32043,743.42474,736.2931,741.4498,49319100,SPY,713.56,680.34,721.77,0.0023,0.845,744.46,760.84,728.08,0.0081
2026-06-09,735.15607,744.9808,720.7333,741.7192,87683500,SPY,715.61,680.88,722.3,-0.0029,0.8397,744.34,760.95,727.73,0.0081
2026-06-10,723.5659,736.48267,723.4662,731.5055,60341300,SPY,717.47,681.3,722.35,-0.0158,0.8106,743.71,762.46,724.96,0.0088
2026-06-11,735.86426,738.0985,722.5485,726.8874,86330500,SPY,719.22,681.81,722.88,0.017,0.8414,743.48,762.5,724.46,0.0096
2026-06-12,739.844,742.5271,733.1413,738.8067,57079500,SPY,720.94,682.31,723.54,0.0054,0.8513,743.16,762.2,724.12,0.0095
2026-06-15,752.8904,754.7356,749.82825,749.91797,60176400,SPY,722.92,682.88,724.69,0.0176,0.8839,743.94,763.24,724.64,0.0099
2026-06-16,748.402,753.49884,747.9531,752.6111,67093100,SPY,724.74,683.41,725.62,-0.006,0.8726,744.52,763.61,725.43,0.01
2026-06-17,739.056,750.2173,737.32043,749.35944,85945200,SPY,726.37,683.92,726.15,-0.0125,0.8492,744.88,763.22,726.54,0.0103
2026-06-18,746.74,748.23,743.86,747.76,80875700,SPY,727.82,684.49,726.96,0.0104,0.8684,745.25,763.42,727.08,0.0103
2026-06-22,744.39,750.18,743.13,747.7,46628100,SPY,729.15,685.03,727.64,-0.0031,0.8626,745.43,763.49,727.37,0.0103
2026-06-23,733.58,739.63,732.3,733.81,66846800,SPY,730.26,685.48,727.87,-0.0145,0.8356,744.93,763.74,726.12,0.0108
2026-06-24,733.24,739.95,730.84,735.17,57439500,SPY,731.24,685.95,728.08,-0.0005,0.8347,744.15,763.57,724.73,0.0107
2026-06-25,734.3,739.37,729.6,738.91,53934400,SPY,732.07,686.41,728.33,0.0014,0.8373,743.44,763.23,723.65,0.0107
2026-06-26,728.99,736.53,716.58,728.95,71034000,SPY,732.69,686.84,728.35,-0.0072,0.824,742.26,762.55,721.97,0.0107
2026-06-29,741.0,741.56,732.09,736.53,57953900,SPY,733.51,687.32,728.85,0.0165,0.8541,741.58,761.03,722.13,0.0114
