index,Date,Close_AAPL,Close_MSFT,Close_SPY,High_AAPL,High_MSFT,High_SPY,Low_AAPL,Low_MSFT,Low_SPY,Open_AAPL,Open_MSFT,Open_SPY,Volume_AAPL,Volume_MSFT,Volume_SPY
0,2021-07-02,136.42632,266.45978,405.3681,136.4653,266.7957,405.72327,134.27211,261.51733,402.37726,134.41832,261.82446,403.45212,78852600,26458000,57697700
1,2021-07-06,138.43427,266.4694,404.6297,139.53572,268.11047,405.63913,136.53351,263.24478,401.9006,136.53351,266.82446,405.42413,108181800,31565600,68710400
2,2021-07-07,140.91988,268.64795,406.0597,141.2318,269.37732,406.3401,139.05809,265.97998,403.30255,139.91586,268.1393,405.312,104911600,23260000,63549500
3,2021-07-08,139.62346,266.2391,402.75107,140.42274,267.4963,403.50812,137.11833,263.79187,399.5733,138.00537,265.74005,400.75095,105575500,24618600,97595200
4,2021-07-09,141.44624,266.73813,407.05038,141.9726,266.8437,407.3495,139.04834,264.22372,402.5548,139.14583,264.6076,404.25586,99890800,23916700,76238600
5,2021-07-12,140.85167,266.1431,408.5084,142.62573,268.49432,408.76077,140.36429,265.4329,406.53635,142.51851,267.90894,406.96625,76299700,18931700,52889600
6,2021-07-13,141.96284,269.65558,407.11575,143.7369,271.4502,409.21866,140.0036,266.21027,406.85406,140.3935,266.33502,407.72327,100827100,26120100,52911300
7,2021-07-14,145.38423,271.1239,407.72327,145.79364,272.22754,409.29346,143.95134,269.2429,406.48022,144.36075,270.97034,408.80743,127050800,23113700,64130400
8,2021-07-15,144.73112,269.70355,406.33078,146.21275,271.1239,407.05978,143.37622,268.5519,404.43347,145.47194,270.63446,406.38684,106820300,22604200,55126400
9,2021-07-16,142.6939,269.43484,403.14365,145.9788,272.64984,407.5551,142.19678,268.19684,402.75113,144.71164,270.70166,407.5084,93251400,26186800,75874700
10,2021-07-19,138.85342,265.84558,397.1901,140.43253,269.07016,403.2091,138.09312,263.38876,394.3862,140.1206,267.68817,398.33035,121434600,32935600,147987000
11,2021-07-20,142.45998,268.06253,402.88193,143.386,269.64603,404.15305,139.35052,265.12585,397.05917,139.8379,266.82452,397.8536,96350000,26259700,99608200
12,2021-07-21,141.72894,270.05865,406.14377,142.44052,270.17383,406.284,140.9784,266.11432,402.8352,141.85567,267.65942,404.07825,74993500,24364300,64724400
13,2021-07-22,143.09358,274.60764,406.99432,144.45822,274.87634,407.23734,142.12857,271.99725,405.34003,142.2553,272.40033,406.32138,77338200,23384100,47878500
14,2021-07-23,144.80914,277.9954,411.18143,144.9651,278.30246,411.51788,143.21056,274.95312,408.23734,143.82465,275.7881,408.91962,71447400,22768100,63766600
15,2021-07-26,145.22833,277.4004,412.1909,146.04712,278.01462,412.20026,143.9709,275.08755,410.54596,144.5265,277.35242,410.59268,72434100,23176100,43719200
16,2021-07-27,143.06433,274.99152,410.31223,145.44273,277.90897,411.18143,141.87514,271.5462,407.48962,145.355,277.765,411.15338,104818600,33604100,67397100
17,2021-07-28,141.31953,274.68445,410.14395,143.2593,278.45605,411.51785,138.94113,272.39075,408.72333,141.15382,277.3428,410.9384,118931200,33566900,52472400
18,2021-07-29,141.96284,274.95312,411.845,142.84987,276.98767,412.91983,140.92961,274.55005,411.0599,141.03683,274.70358,411.06927,56699500,18168300,47435300
19,2021-07-30,142.17732,273.4272,409.8449,142.63545,275.10666,411.29358,140.47151,272.4675,409.15326,140.7347,273.67673,409.28412,70440600,20944800,68951200
20,2021-08-02,141.8459,273.34085,408.98505,143.23979,275.21225,412.10672,141.58272,272.30435,408.62988,142.66469,274.81876,411.55527,62880000,16267400,58783300
21,2021-08-03,143.63943,275.54816,412.3124,144.30226,275.65375,412.43393,141.51447,272.5539,407.59253,142.12857,273.9167,409.77957,64786600,17879000,58053900
22,2021-08-04,143.23978,274.9627,410.2842,144.05856,275.99918,412.2843,142.5867,273.17764,410.05057,143.5517,274.6844,411.0319,56368300,16191300,46732200
23,2021-08-05,143.34703,277.85138,412.88245,144.10733,277.95697,412.96655,142.4795,274.56924,411.12534,143.26904,275.3178,411.4431,46397700,13900200,38969700
24,2021-08-06,142.6637,277.79376,413.56473,143.61063,277.83215,413.98532,142.16583,276.02792,412.91983,142.86871,276.88208,413.20023,54126800,16589300,46930000
25,2021-08-09,142.61487,276.70935,413.22833,143.21036,279.79956,413.85452,142.05844,276.21033,412.4619,142.72226,278.07214,413.53674,48908700,16117600,41222600
26,2021-08-10,142.13652,274.8955,413.7423,144.19633,277.59225,414.45264,141.84366,273.7055,412.99463,142.95653,277.16037,413.67688,69023100,18616600,43339300
27,2021-08-11,142.39032,275.385,414.77036,143.22986,277.0261,414.86383,142.06816,274.33893,413.6862,142.5758,275.63452,414.80774,48493500,13955900,44034300
28,2021-08-12,145.34825,278.1297,416.01352,145.50446,278.28326,416.15375,142.3708,274.79956,413.7237,142.71248,275.07788,414.62094,72282600,14561300,38909400
29,2021-08-13,145.55328,281.04715,416.7706,145.8852,281.09512,416.78928,144.74303,277.6402,415.97617,145.42638,277.813,416.46216,59375000,18249000,39470300
30,2021-08-16,147.52522,282.72665,417.75186,147.59357,282.93777,417.8827,142.98584,278.33124,413.91986,145.00659,281.37347,415.47137,103296000,22507600,73740000
31,2021-08-17,146.61732,281.2679,415.01352,148.07187,281.60382,415.87335,145.54349,279.3485,412.03204,146.65637,280.60574,415.20044,92229700,20075300,92673900
32,2021-08-18,142.87842,279.54672,410.4711,147.1347,283.4794,415.56485,142.6734,279.1044,410.22812,146.23659,280.80634,414.004,86326000,21813000,89351900
33,2021-08-19,143.21039,285.3544,411.10672,144.47946,286.0275,412.30307,141.06273,277.53714,407.6112,141.58011,277.5852,407.7514,86960300,29850500,92812200
34,2021-08-20,144.66489,292.65247,414.37787,144.96751,294.07556,414.705,143.28842,286.59482,410.96646,143.93272,288.19095,411.45248,60549600,40817600,72008700
35,2021-08-23,146.14874,292.9313,418.0229,146.61732,293.65247,418.92947,144.37202,290.239,414.4526,144.78204,291.58517,416.06015,60131800,22830200,54973000
36,2021-08-24,146.06088,290.9794,418.68658,147.2714,293.89285,419.21933,145.60207,290.38324,418.17255,145.89493,293.28708,418.68658,48606400,18175800,38744700
37,2021-08-25,144.83087,290.39288,419.5651,146.74425,292.87363,420.07913,144.2842,288.86404,418.4996,146.24638,292.5948,418.87347,58991300,20006100,40529700
38,2021-08-26,144.03038,287.58517,417.08835,145.5728,290.7967,419.51837,144.0011,287.45056,416.99487,144.82112,289.41208,419.2847,48597200,17666100,57829600
39,2021-08-27,145.06514,288.19098,420.8175,145.21156,289.29672,421.19135,143.33723,285.41214,417.83603,143.97177,287.48904,417.89212,55802400,22605700,77235100
40,2021-08-30,149.47762,291.9121,422.6681,149.83882,292.51788,423.4532,145.0749,289.47943,421.24744,145.45563,289.5371,421.49045,90956700,16348100,48357400
41,2021-08-31,148.21832,290.2679,422.0418,149.16525,292.78714,422.911,147.69116,289.90253,421.44366,149.02858,292.7102,422.57455,86453100,26285300,59300200
42,2021-09-01,148.88216,290.2198,422.26617,151.2934,293.45056,423.49054,148.7162,289.89288,422.03253,149.19455,291.2198,422.9765,80313700,18983800,48721400
43,2021-09-02,149.99503,289.56595,423.56528,151.03958,291.69092,424.36905,148.77477,288.63327,422.36896,150.2098,290.57556,423.6868,71115500,16285600,42501000
44,2021-09-03,150.62955,289.55637,423.46255,150.9517,290.9602,423.97662,149.44832,288.7102,422.03256,150.10239,289.4121,422.43448,57808700,14747900,47170500
45,2021-09-07,152.96272,288.6333,421.94843,153.51915,289.5083,423.21017,150.71744,286.7295,421.27548,151.28363,289.4314,423.1167,82278300,17180400,51671500
46,2021-09-08,151.4203,288.6621,421.43436,153.30438,289.04672,422.14468,150.31718,286.02753,419.51834,153.24582,288.24866,421.41568,74420200,15046800,56181900
47,2021-09-09,150.40503,285.81598,419.63052,152.3965,290.51788,422.98584,150.28787,285.5756,419.3875,151.79124,289.24866,421.2381,57305700,19927000,57970400
48,2021-09-10,145.42638,284.33514,416.32193,151.78151,288.3832,421.97644,145.1628,284.01785,416.2004,151.31294,286.94092,421.55588,140893200,19633400,89948200
49,2021-09-13,145.99254,285.56595,417.38736,147.81805,287.05634,419.57443,145.21156,282.76788,415.07883,147.04684,286.1044,419.3127,102404300,23652900,83738600
50,2021-09-14,144.59657,288.2583,415.13495,147.47641,289.79675,419.03235,143.41536,286.6333,414.24704,146.77354,288.03714,418.82672,109296300,21853400,78197100
51,2021-09-15,145.48492,293.0948,418.60248,145.88518,293.57556,419.09784,142.8882,290.21017,414.45273,145.02611,291.5948,415.55557,83281300,28356300,78792200
52,2021-09-16,145.25061,293.47943,417.93887,145.42633,293.56598,419.05106,143.71797,289.191,414.99475,144.90895,292.0756,418.07907,68034100,19550800,77786700
53,2021-09-17,142.58556,288.3352,413.86768,145.2799,292.7871,417.59006,142.2927,288.0083,413.51138,145.2799,292.46982,417.16812,129868800,41372500,118425000
54,2021-09-20,139.53984,282.97937,406.9668,141.39464,287.22937,409.3296,137.90956,278.38324,402.10986,140.37938,284.93127,407.7544,123478900,38278700,166445500
55,2021-09-21,140.01814,283.46014,406.58243,141.16032,286.09476,410.59546,139.3836,282.75824,406.05737,140.50626,284.31592,409.30154,75834000,22364100,92526100
56,2021-09-22,142.38058,287.0948,410.54846,142.94678,288.67172,412.58313,140.28172,283.18137,406.69482,141.01389,285.31598,408.85135,76404300,26626300,102350100
57,2021-09-23,143.33725,288.03714,415.53665,143.5813,289.3256,417.14,142.17555,286.08524,412.17996,143.16153,287.35446,412.41437,64838200,18604600,76396000
58,2021-09-24,143.42513,287.8352,416.22116,143.96205,288.26788,416.93378,142.09747,285.50827,413.68958,142.1951,286.7583,413.9052,53477900,14999000,62094800
59,2021-09-27,141.91197,282.85446,415.0304,142.48795,285.06598,416.35242,140.39885,281.67175,414.33655,142.0096,284.7487,415.1898,74150700,23571700,61371100
60,2021-09-28,138.5343,272.61407,406.66672,141.30675,279.59482,412.59253,138.31953,271.87372,405.93536,139.84242,278.6525,412.26434,108972300,43186200,130436300
61,2021-09-29,139.4324,273.0757,407.3512,141.01387,275.73917,409.77963,138.65143,272.1238,406.7886,139.08096,274.13342,408.04504,74602000,26353700,82329200
62,2021-09-30,138.13402,271.0757,402.37238,140.94551,276.75836,409.52643,137.91925,270.78723,402.03482,140.24265,274.7199,408.8232,89056700,32343600,140506000
63,2021-10-01,139.25667,277.9795,407.15427,139.52025,278.82565,408.8326,135.80089,270.4699,400.58154,138.5245,271.26797,404.09763,94639600,30086300,129240100
64,2021-10-04,135.83018,272.21982,401.9036,138.82716,276.68134,406.89172,134.98088,269.46985,399.76578,138.38786,276.34482,405.99164,98322000,31350700,128570000
65,2021-10-05,137.75333,277.6526,406.08542,138.85645,279.2295,408.32632,136.04495,273.12375,402.60684,136.17186,273.12375,403.4038,80861100,24993000,90682500
66,2021-10-06,138.62216,281.8352,407.7731,138.76859,282.33524,407.97937,135.0785,274.52756,400.8722,136.15234,274.78717,402.49426,83221100,28002600,113032200
67,2021-10-07,139.88147,283.50833,411.29858,140.78935,285.2295,414.1302,139.32504,282.6141,410.86728,139.65695,283.82562,411.04544,61732700,20430500,72437500
68,2021-10-08,139.50073,283.50833,410.54846,140.75029,285.2295,412.45187,139.16882,282.46027,409.92026,140.60385,284.82562,412.06744,58773200,17685700,74557400
69,2021-10-11,139.41287,282.91223,407.57626,141.3653,286.50836,412.79883,138.43666,281.48914,407.51062,138.88573,281.65262,409.8922,64452200,19298600,65233300
70,2021-10-12,138.14381,281.6141,406.57297,139.84242,284.07562,408.8983,137.685,281.1045,405.78537,139.8229,283.97946,408.49512,73035900,17974100,71181200
71,2021-10-13,137.55807,284.9121,408.03564,138.0364,285.8448,408.85138,135.88875,282.20056,404.6227,137.88023,283.56598,407.59497,78762700,23416300,72974000
72,2021-10-14,140.3403,291.10443,414.89908,140.45746,291.60443,415.0491,138.14383,286.37366,411.22357,138.72955,287.7006,411.69238,69907100,27262900,70236800
73,2021-10-15,141.39458,292.50827,418.05878,141.45314,292.73904,418.42447,140.0962,288.9602,416.3898,140.35004,290.7102,417.00864,67940300,25384800,66260200
74,2021-10-18,143.0639,295.4698,419.29654,143.347,296.35437,419.63406,139.75455,291.04672,415.62103,140.03764,291.89288,416.27737,85589200,22729300,62213200
75,2021-10-19,145.22131,296.37357,422.53134,145.62157,297.40237,422.59695,143.06389,295.4024,420.30914,143.51294,296.48895,420.91864,76378900,17682100,46996800
76,2021-10-20,145.70946,295.58514,424.19092,146.1878,297.78708,424.49097,144.59657,294.33514,422.87823,145.16278,297.3159,422.99075,58418800,16537100,49571600
77,2021-10-21,145.92422,298.80627,425.2973,146.08043,299.05624,425.5223,144.35252,294.5755,423.15952,145.27016,295.35437,423.59082,61421000,16918100,41305400
78,2021-10-22,145.15295,297.26785,424.85663,146.6075,299.1236,426.30997,145.10414,295.96014,422.91574,146.12917,298.46014,424.86603,58883400,17449300,58845100
79,2021-10-25,145.10422,296.27744,427.135,145.81685,297.49857,427.4632,144.10847,294.67166,424.17215,145.14326,297.4601,425.94424,50720600,17554500,45214500
80,2021-10-26,145.76804,298.18127,427.51947,147.25186,300.3832,429.89166,145.4654,296.72937,427.14444,145.77779,299.03705,428.68216,60893400,28107300,56075100
81,2021-10-27,145.3092,310.73898,425.62546,146.16826,313.55627,428.64462,144.95776,303.84476,425.55045,145.80707,303.84476,427.9789,56094900,52588700,72438000
82,2021-10-28,148.94072,311.87354,429.73233,149.52644,312.37354,429.80734,146.15851,308.99854,427.04135,146.25613,311.85428,427.05072,100077900,26297900,51437900
83,2021-10-29,146.23662,318.8639,430.6043,146.37329,319.22928,430.89496,142.92726,311.44086,427.14447,143.71799,311.66202,427.43512,124953200,34766000,70162400
84,2021-11-01,145.41658,316.7004,431.34503,146.13896,318.73886,431.96387,144.28416,313.8158,429.6198,145.44586,318.61386,431.5888,74588300,27073200,48433600
85,2021-11-02,146.4514,320.31586,433.08902,147.96454,320.62357,433.39844,145.11398,317.30624,431.38254,145.12375,317.6043,431.51382,69122000,26487100,48908400
86,2021-11-03,147.88641,321.15234,435.73315,148.355,322.01773,436.13632,146.25613,317.9312,432.0858,146.81258,321.05618,432.52646,54511500,21500100,52509800
87,2021-11-04,147.36902,323.49854,437.78647,148.80403,323.5947,437.87085,147.05663,316.8351,435.9862,147.97426,320.0851,436.33313,60394600,23992200,52847100
88,2021-11-05,147.89694,323.13312,439.30545,148.79637,325.75812,441.2932,146.70422,321.5562,437.7959,148.4933,325.4889,440.00867,65463900,22570100,66390600
89,2021-11-08,147.07573,324.02737,439.6805,148.18047,324.662,440.89944,146.80199,321.57547,438.99606,148.02403,324.32544,440.4025,55020900,20897000,50405200
90,2021-11-09,147.43745,323.0273,438.22714,148.04358,325.69077,440.28055,146.70422,321.66193,436.8207,146.8411,324.14267,440.04614,56787900,21307400,51149100
91,2021-11-10,144.61209,318.07544,434.70172,146.77267,321.75812,438.2272,144.54367,317.2293,433.22028,146.66513,321.70044,436.53946,65187100,25500900,69429700
92,2021-11-11,144.56317,319.6428,434.84232,146.08829,320.93124,436.26752,144.37741,317.79666,434.82358,145.6288,318.50818,436.1925,41000000,16849800,34848500
93,2021-11-12,146.6358,323.76773,438.12402,147.03662,324.25812,438.67722,144.18193,320.95044,435.16113,145.11067,321.07544,436.10812,63804000,23831000,53466700
94,2021-11-15,146.64558,323.14276,438.27408,148.48355,324.88315,439.568,146.08832,321.1812,437.14896,147.00731,324.5562,439.40863,59222800,16723000,46980500
95,2021-11-16,147.62323,326.45044,440.0087,148.10228,327.56583,441.14322,146.00035,322.6043,437.93655,146.58693,322.76776,438.01157,59256200,20886800,48857500
96,2021-11-17,150.05754,326.67197,438.93976,151.53377,329.62927,439.92426,147.61345,325.59308,438.32092,147.62321,326.49857,439.7461,88807000,19053400,47858300
97,2021-11-18,154.33958,328.74307,440.43057,155.1217,329.8798,440.6931,149.62738,324.74542,437.252,150.27263,325.7665,439.97113,137827700,22463500,50625600
98,2021-11-19,156.95964,330.51544,439.64294,157.41913,332.4324,441.56506,153.02954,329.6389,439.27725,154.12448,330.0627,440.318,117305600,21963400,57315600
99,2021-11-22,157.41911,327.35587,438.40533,161.99445,336.8347,444.00296,157.39955,327.08615,438.19907,158.06435,331.97006,441.51825,117467900,31031100,72762000
100,2021-11-23,157.80038,325.28482,438.98666,158.18166,326.98987,439.8399,155.50293,321.31607,435.47995,157.51686,324.67795,438.07718,96041900,30427600,73206500
101,2021-11-24,158.31856,325.50638,440.15866,158.51408,325.7472,440.28055,156.06999,321.6532,436.17377,157.15517,323.93622,436.98947,69463600,21661300,61858800
102,2021-11-26,153.30327,317.5785,430.3418,156.86186,325.52567,434.9643,152.86334,316.07574,429.21664,156.00156,322.0771,433.5016,76959800,24217200,112669600
103,2021-11-29,156.65657,324.27338,435.62048,157.58533,326.58527,437.45822,155.23898,322.45273,432.9295,155.80602,322.64542,435.12354,88748200,28563500,86268800
104,2021-11-30,161.60342,318.45508,427.14444,161.81851,325.38116,435.08612,156.34373,316.91382,426.90063,156.41217,323.01147,433.18274,174048100,42885600,148559600
105,2021-12-01,161.08525,317.96375,422.4001,166.49158,326.82605,435.68625,160.85062,317.2991,422.2032,163.73463,322.8284,432.84525,152052500,33337600,131939200
106,2021-12-02,160.09784,317.39542,428.86966,160.528,321.2486,430.43552,154.27113,315.76746,422.2219,155.19011,318.1757,422.61572,136739200,30766000,127637800
107,2021-12-03,158.22076,311.1533,425.13794,161.271,320.4876,431.58878,156.14818,306.35608,420.91864,160.35202,319.80365,430.5293,118023100,41779300,137331600
108,2021-12-06,161.62297,314.21655,430.17294,164.12572,315.4303,432.0482,160.60622,307.51205,425.26917,160.616,312.05878,427.67886,107497000,30032600,98977500
109,2021-12-07,167.35191,322.6261,439.07108,167.74298,323.4738,439.63367,164.57542,317.98303,430.04175,165.29889,319.4665,435.44247,120405400,31021900,95484700
110,2021-12-08,171.16469,322.67432,440.2337,172.02501,323.18488,440.68378,166.88263,318.65738,437.7115,168.28065,323.00183,439.46487,116998900,24761000,72238800
111,2021-12-09,170.6563,320.87296,437.26144,172.79732,324.1385,440.33685,170.03061,319.92892,437.06454,170.99847,322.13486,438.94916,108923700,22214200,61272600
112,2021-12-10,175.43694,329.9664,441.37756,175.61292,330.40952,441.5276,170.78339,322.5009,437.41144,171.29176,322.6839,439.96176,115402700,38095700,77159800
113,2021-12-13,171.80995,326.9417,437.46774,178.05705,331.1706,441.20886,171.60464,326.63345,437.18643,177.06963,328.1747,440.86194,153237000,28899400,87724700
114,2021-12-14,170.43146,316.2877,434.45782,173.7652,322.35645,436.68936,168.35887,312.21295,431.54184,171.33089,320.98856,434.20468,139380400,44438700,97264100
115,2021-12-15,175.29031,322.36603,441.2464,175.48584,322.8862,441.49017,168.45662,312.58862,432.0014,171.19402,316.54773,434.51425,131063300,35381100,116899300
116,2021-12-16,168.40778,312.97388,437.3552,177.0892,324.39856,443.37473,166.93155,311.16287,435.80807,175.2708,323.3871,443.09344,150185800,35034800,116568600
117,2021-12-17,167.31282,311.91428,432.70047,169.59071,312.9932,437.28275,165.89525,305.6047,430.9974,166.12987,309.10147,434.28122,195432700,47750300,135511600
118,2021-12-20,165.95393,308.16705,428.09946,166.76538,310.95096,428.49463,163.71515,305.91296,424.48633,164.5168,308.3019,427.629,107499100,28326500,107134800
119,2021-12-21,169.12148,315.2762,435.70206,169.32677,315.70007,435.8432,165.33801,308.06113,429.35086,167.72345,311.42303,431.51495,91185900,24740600,69806300
120,2021-12-22,171.71216,320.9693,440.05847,171.92725,321.36423,440.1714,168.3002,313.79276,435.25037,169.1703,316.24915,435.44797,92135300,24831500,58890200
121,2021-12-23,172.33784,322.40457,442.7966,172.89511,324.04218,444.29266,171.35043,320.51654,440.9524,171.91747,320.53577,441.0559,68356600,19617800,56439700
122,2021-12-27,176.2973,329.87964,449.06308,176.38528,329.90854,449.1101,173.11021,323.1173,444.12326,173.12975,323.1462,444.1703,74919600,19947000,56808600
123,2021-12-28,175.28055,328.72375,448.69598,177.27493,331.1898,450.52136,174.53755,327.8279,447.93384,176.1311,330.55402,449.49576,79144300,15661500,47274600
124,2021-12-29,175.36853,329.39807,449.27005,176.59058,331.66177,450.28622,174.15625,327.21136,447.80222,175.31964,328.7719,448.7996,62348900,15042000,54503000
125,2021-12-30,174.21492,326.8646,448.02795,176.53194,330.53473,450.70016,174.10738,326.38293,447.56693,175.45653,329.35953,449.69336,59773000,15994500,55329000
126,2021-12-31,173.59901,323.9747,446.8989,175.22188,326.90308,448.68665,173.29593,323.52194,446.62604,174.10738,326.08432,447.53873,64062300,18000800,65237400
127,2022-01-03,177.93971,322.4623,449.48645,178.79027,325.59302,449.6182,173.73589,317.67474,445.85452,173.8532,323.04028,448.15976,104487900,28865100,72668200
128,2022-01-04,175.68137,316.9331,449.3359,178.84892,322.8959,451.62238,175.11433,314.14917,447.4823,178.54585,322.53946,450.90726,99310400,32674300,71178700
129,2022-01-05,171.00832,304.76672,440.70773,176.14091,314.10104,449.74057,170.73457,304.3814,440.61365,175.59344,313.8987,448.969,94537600,40054300,104538900
130,2022-01-06,168.15358,302.35852,440.29373,171.37979,307.0016,443.00357,167.80164,300.05624,437.932,168.83792,301.6553,440.2467,96904000,39646100,86858900
131,2022-01-07,168.31976,302.51257,438.55295,170.24571,304.88226,441.47922,167.20526,298.70755,437.19803,169.02367,302.61853,440.30307,86709100,32720000,85111600
132,2022-01-10,168.33934,302.73407,438.00723,168.64241,303.16757,438.22363,164.40924,293.50574,429.62363,165.29889,298.12952,435.36325,106765600,44289500,119362000
133,2022-01-11,171.16469,303.41812,441.99673,171.26244,304.98825,442.09082,166.99995,298.51495,434.75165,168.46642,301.87683,437.7438,76138300,29386800,74303100
134,2022-01-12,171.60463,306.58725,443.19165,173.21773,311.5386,445.2429,170.91052,305.44092,441.23456,172.18143,307.93588,443.72797,74805200,34372200,67605400
135,2022-01-13,168.33934,293.6117,437.08514,172.67027,309.10147,444.94183,167.94827,292.84106,436.05954,171.84906,308.7065,444.2926,84505800,45366000,91173100
136,2022-01-14,169.19969,298.81357,437.26395,169.8938,299.4108,437.6121,167.26396,292.6003,432.7287,167.50836,293.08197,433.9425,80440800,39846400,95890900
137,2022-01-18,166.00282,291.54068,429.52014,168.68153,298.42822,432.78513,165.62155,290.6641,428.40985,167.67458,292.90857,432.57812,90956700,42333200,109709100
138,2022-01-19,162.51262,292.19562,425.06027,167.25417,302.38727,432.45587,162.22911,291.58878,424.78738,166.19832,295.047,431.06335,94815000,45933900,109357600
139,2022-01-20,160.83107,290.52917,420.35565,165.88545,300.21027,431.63727,160.50845,290.08606,418.2386,163.24583,297.72498,426.94208,91420500,35380700,122379700
140,2022-01-21,158.77806,285.1637,412.1038,162.6104,292.94708,421.58826,158.67052,284.7591,412.07556,160.7431,291.57922,419.23593,122848900,57984400,202271200
141,2022-01-24,158.00568,285.49127,413.85385,158.67047,286.2041,414.36197,151.24043,265.91714,395.90112,156.44147,281.47437,406.50528,162294600,85731500,251783900
142,2022-01-25,156.20685,277.90045,408.80112,159.12021,284.16187,413.74094,153.50858,274.70233,401.91357,155.42473,280.8192,407.47443,115798400,72848600,167997300
143,2022-01-26,156.11888,285.81873,407.77557,160.71378,297.17596,417.8058,154.29071,282.2738,403.5226,159.84367,296.68466,414.68192,108275300,90428900,186391100
144,2022-01-27,155.65936,288.83383,405.762,160.17604,296.02,415.50052,154.74039,286.99393,404.07776,158.81712,291.55032,412.36728,121954600,53481300,149878300
145,2022-01-28,166.52095,296.94473,415.83917,166.54051,297.15665,415.8862,159.15935,283.64166,402.54398,162.00427,289.2095,407.11682,179935700,49743700,164457400
146,2022-01-31,170.87141,299.56494,423.32892,171.0865,300.91354,423.67706,165.71927,295.12415,413.82562,166.35474,297.60947,415.17114,115541600,46444500,152251400
147,2022-02-01,170.70522,297.4264,426.18933,170.93007,299.22775,426.82916,168.45665,293.92963,420.5344,170.11862,299.0158,424.05344,86213900,40950400,123155400
148,2022-02-02,171.90768,301.95386,430.32935,171.9468,303.55292,431.05383,169.45383,297.542,426.2834,170.84206,298.26447,428.58865,84914300,36636000,117361000
149,2022-02-03,169.03343,290.19208,420.21445,172.29875,299.80576,426.2081,168.27087,288.94943,419.377,170.5781,298.1296,424.30746,89418100,43730000,118024400
150,2022-02-04,168.74957,294.70987,422.19043,170.42346,297.46487,426.02936,167.07568,288.959,417.60812,168.05457,289.1902,419.97928,82465400,35096500,118454400
151,2022-02-07,168.03502,289.90308,420.83545,170.27666,296.54016,424.34506,167.34001,288.8916,419.50876,169.20967,294.93146,422.9525,77251200,28533300,84472900
152,2022-02-08,171.13805,293.38058,424.29803,171.64706,294.34387,425.22015,167.80983,288.93982,418.916,168.1035,290.19208,420.33676,74829200,32421200,81012000
153,2022-02-09,172.55742,299.78644,430.50815,172.9196,300.48,430.82806,171.20656,296.1067,428.12762,172.33228,298.49564,428.3252,71285000,31284700,92589900
154,2022-02-10,168.48529,291.28058,422.77374,171.77434,297.77316,430.66803,167.92734,289.66226,420.779,170.46263,292.87964,424.67438,90865900,45386200,140103700
155,2022-02-11,165.07877,284.20993,414.43726,169.425,293.1204,424.9285,164.49142,283.42,413.00708,168.69084,292.06076,422.8585,98670700,39175600,153214600
156,2022-02-14,165.3137,284.17145,413.08224,165.99892,285.86685,415.50983,163.0427,280.65543,409.61966,163.83559,282.98657,413.9291,86185500,36359500,123006300
157,2022-02-15,169.14111,289.4407,419.74402,169.29774,289.75858,419.9134,166.65475,286.11734,416.99652,167.35956,288.9976,417.51404,62527400,27058300,88482700
158,2022-02-16,168.90617,289.10284,420.21445,169.67949,290.4253,421.5882,166.45897,283.4849,415.82977,168.22096,288.01205,417.70218,61177400,29982100,84863600
159,2022-02-17,165.3137,280.6374,411.23813,168.27972,286.49664,420.18628,164.91235,279.9327,410.63596,167.4183,286.07193,417.03418,69589300,32461600,102259100
160,2022-02-18,163.76706,277.93448,408.5753,166.93863,283.6586,412.74356,162.6805,276.37073,406.30768,166.23384,282.87674,411.49213,82772700,34264000,132642900
161,2022-02-22,160.84998,277.73178,404.1906,163.16992,281.4192,409.77026,158.72578,274.62357,400.69977,161.49603,275.1062,406.37357,91162800,41736100,124391800
162,2022-02-23,156.68973,270.54037,397.0208,162.64133,281.5736,407.6626,156.37648,270.37628,396.45627,162.0442,280.10635,407.09805,90009200,37811200,132578000
163,2022-02-24,159.30336,284.36328,402.99557,159.41104,284.9135,403.4284,148.79016,262.09415,386.37897,149.35791,263.0498,386.7365,141147500,56989700,213942900
164,2022-02-25,161.36882,286.9889,411.8873,161.6331,287.2978,411.972,157.47285,281.52536,402.5816,160.38014,284.89423,404.2282,91974200,32546700,121804500
165,2022-02-28,161.6331,288.41745,410.8335,161.92677,288.7553,412.31076,158.99991,282.82843,405.25385,159.61661,284.09296,406.50525,95056600,34627500,145615000
166,2022-03-01,159.75366,284.71082,404.5763,163.08188,289.55655,411.3415,158.54964,282.008,401.87582,161.22198,286.11047,409.33734,83474400,31217800,137785900
167,2022-03-02,163.04271,289.76892,412.01907,163.82582,291.0045,413.74094,159.50894,283.50424,406.07245,160.91853,285.10657,406.8252,79724800,31873000,117726500
168,2022-03-03,162.71965,285.64716,409.96783,165.34306,292.60684,415.0488,162.05402,283.84204,408.1707,164.91235,292.37518,414.44662,76678400,27314500,105501700
169,2022-03-04,159.72429,279.7975,406.63702,162.05403,285.39615,407.7661,158.6769,277.2009,402.60046,161.01642,284.07373,406.24182,83737200,32356500,113978200
170,2022-03-07,155.93602,269.22757,394.64972,161.53523,279.63333,406.75934,155.6815,268.86075,394.58386,159.91028,278.5136,406.05365,96418800,43157200,137896600
171,2022-03-08,154.1153,266.27383,391.65756,159.44041,274.1023,401.97003,152.50993,260.62692,390.59433,155.46616,268.15613,394.82846,131148300,48159500,164772700
172,2022-03-09,159.50893,278.4847,402.15823,159.95921,279.54654,404.13416,156.04369,271.0327,397.83942,158.06996,273.60037,400.02237,91454900,35204500,116990800
173,2022-03-10,155.17247,275.67572,400.34222,157.00298,276.65067,401.23608,152.6861,270.83963,395.59998,156.81699,273.19492,397.5571,105342000,30628000,93972700
174,2022-03-11,151.46252,270.3473,395.2519,155.91644,279.4596,403.43787,151.23738,269.7295,394.74377,155.57382,277.96338,402.8263,96970100,27209300,95636300
175,2022-03-14,147.43929,266.84335,392.36328,150.86537,275.4923,399.46722,146.93028,266.24487,391.22476,148.25175,270.60797,396.02347,108732100,30660700,95729200
176,2022-03-15,151.81491,277.18155,400.99152,152.28479,277.8283,401.62192,147.20438,269.05386,393.6994,147.7134,270.6176,394.9696,92964300,34245100,106219100
177,2022-03-16,156.21991,284.17026,409.8832,156.62126,284.344,409.93967,151.19826,273.3687,399.70245,153.73355,279.07352,404.49176,102300200,37826300,144954800
178,2022-03-17,157.22815,284.9714,415.0112,157.60013,285.34784,415.0112,154.3013,279.3245,407.59674,155.2606,283.1084,407.9731,75615400,30816600,102676900
179,2022-03-18,160.51717,290.00046,419.55673,161.0066,290.5507,419.87762,156.38628,282.56778,412.6667,157.12044,285.11612,413.4029,123511700,43390600,106345500
180,2022-03-21,161.88759,288.77457,419.43405,162.83711,289.72055,421.3878,159.56763,284.66245,415.93237,160.05707,288.51395,419.38684,95811400,28351200,88349800
181,2022-03-22,165.25499,293.5045,424.34195,165.84232,294.41187,425.27634,161.42755,288.39813,420.8214,162.01488,289.39236,420.8214,81532000,27599700,74650400
182,2022-03-23,166.61565,289.09317,418.87717,168.99432,292.70337,423.3038,164.1097,287.3846,418.79224,164.44252,290.0778,421.81253,98062700,25715400,79426100
183,2022-03-24,170.39412,293.54315,425.1914,170.46263,293.63968,425.20087,166.61563,287.9638,419.7832,167.44768,288.75534,420.89694,90131400,24484500,64736900
184,2022-03-25,171.0304,293.13773,427.26782,171.57857,294.89456,427.54153,169.10199,288.90015,423.24704,170.20815,294.63394,425.82373,80546200,22566500,77101300
185,2022-03-28,171.89182,299.91406,430.30713,172.01906,300.01056,430.30713,168.36783,293.76517,424.78564,168.53424,293.76517,426.67334,90371900,29578200,68529800
186,2022-03-29,175.18086,304.46057,435.63034,175.2298,304.85635,436.12115,172.61618,298.32135,431.50577,172.9588,303.01263,434.18625,100589400,30393400,86581500
187,2022-03-30,174.01598,302.96432,432.94034,175.81712,304.9818,435.29996,172.96857,300.7635,430.83557,174.77951,302.86783,434.48822,92633200,28163600,79666900
188,2022-03-31,170.9227,297.60693,426.2769,174.27048,304.19986,432.99704,170.71713,297.20154,425.82382,174.08449,303.00287,432.1759,103049300,33422100,121699900
189,2022-04-01,170.62903,298.67853,427.485,171.187,299.36386,427.99463,168.30908,294.93323,423.91727,170.35495,298.63025,427.85306,78751300,27110500,89048800
190,2022-04-04,174.67183,304.0358,431.1471,174.72078,304.17093,431.25095,170.7563,298.95837,426.86206,170.88356,299.3252,427.6832,76468400,24289600,59601000
191,2022-04-05,171.36319,300.08774,425.7011,174.53477,303.9392,432.11923,170.73671,299.1128,424.55908,173.75166,302.39474,429.65582,73401800,23156700,74214500
192,2022-04-06,168.2014,289.10284,421.4444,169.9634,296.34247,423.71906,166.53731,286.4097,418.5657,168.72021,294.5953,421.79364,89058800,40110400,106898000
193,2022-04-07,168.50484,290.9079,423.56802,169.69908,293.10873,425.38022,166.2632,286.06216,418.6223,167.54553,286.36142,420.56662,77594700,31411200,78097200
194,2022-04-08,166.49815,286.66064,422.43546,168.15247,290.66656,425.3236,165.62695,285.9946,420.897,168.15247,290.0102,422.813,76575500,24361900,79272700
195,2022-04-11,162.24977,275.35718,415.21512,165.46051,282.452,420.00983,162.00505,275.1062,414.71487,165.14726,281.6605,419.1698,72246700,34569300,89770500
196,2022-04-12,164.11948,272.26825,413.67657,166.28279,280.6469,420.71762,163.12102,270.75275,412.12866,164.47188,279.19897,418.19757,79265200,30966700,84363600
197,2022-04-13,166.8016,277.63522,418.41467,167.42809,278.5619,419.16974,163.24828,271.5346,413.25186,163.85518,272.915,413.43118,70618900,21907200,74070400
198,2022-04-14,161.79948,270.1157,413.2047,167.65321,278.30133,419.75497,161.55476,269.6234,413.10086,167.01694,278.08896,418.64124,75329400,28221600,97869500
199,2022-04-18,161.58417,270.7817,413.37454,163.08186,272.65436,415.05457,160.11584,268.6774,411.14706,160.45845,269.2276,412.2797,69023900,20778000,66002500
200,2022-04-19,163.86496,275.3958,420.04752,164.27611,276.23563,420.76483,160.44867,268.74503,413.10083,161.53523,269.68134,413.27072,67723800,22297700,77821000
201,2022-04-20,163.6985,276.41898,419.73602,165.31366,279.64307,422.43542,162.59238,275.46335,418.5751,165.1962,279.35345,421.82193,67929800,22906700,65224400
202,2022-04-21,162.90567,271.06165,413.4595,167.90776,283.11804,424.73843,162.40645,270.33768,412.55344,165.3431,278.5619,423.35098,87227800,29454600,85417300
203,2022-04-22,158.3734,264.51703,402.1146,164.32501,273.3687,413.47842,158.08952,263.8896,401.54828,162.9448,271.90146,412.37415,84882400,29405800,132471800
204,2022-04-25,159.44043,270.97476,404.44577,159.7243,271.3512,404.61566,155.11377,261.37018,395.31882,157.71759,263.8027,399.87756,96046400,35678900,119647700
205,2022-04-26,153.48878,260.8393,392.73273,158.91179,268.6967,402.11453,153.41048,260.62692,392.7044,158.82368,267.86658,401.9163,95623200,46518400,103996300
206,2022-04-27,153.26366,273.38803,393.837,156.41565,280.869,399.16974,152.09879,269.46896,391.70395,152.61758,272.30692,393.8087,88063200,63477700,122030000
207,2022-04-28,160.18433,279.57544,403.7851,161.04575,280.87857,405.51233,155.57378,271.68906,394.14847,155.88704,275.28958,398.5751,130216800,33646600,105449100
208,2022-04-29,154.32085,267.8858,388.86295,162.69029,279.81674,401.95404,153.9293,266.9012,388.1173,158.42236,278.59082,399.80206,131747600,37073900,145491100
209,2022-05-02,154.6243,274.59454,391.2038,154.88858,275.04822,392.56293,150.03334,266.63095,382.27502,153.4007,268.0692,388.92914,123055300,35151100,158312500
210,2022-05-03,156.11221,271.99802,392.997,157.31625,274.26645,395.4038,153.01895,270.4246,390.14658,154.8103,274.10233,391.70395,88966500,25978600,100028200
211,2022-05-04,162.51411,279.91333,404.96494,162.96439,280.78207,405.53125,155.89685,267.1233,390.47696,156.2982,272.77985,393.65768,108256500,33599300,144247900
212,2022-05-05,153.45943,267.7218,390.57135,160.61505,276.40936,401.13293,151.67786,264.81628,386.44678,160.38992,275.6275,400.70822,130525300,43260400,172929100
213,2022-05-06,154.18488,265.19272,388.24,156.30237,269.5558,391.50568,151.14587,261.8528,382.94504,152.93987,265.26993,388.0135,116124600,37780300,151770800
214,2022-05-09,149.0676,255.39507,375.80966,152.76341,262.90497,383.5869,148.50882,254.17883,374.23343,151.88112,260.68484,382.3505,131577900,47726000,155586100
215,2022-05-10,151.46936,260.14423,376.67798,153.65549,264.24667,383.27542,149.92046,255.86803,372.6478,152.45949,262.2582,381.77472,115366700,39336400,132497200
216,2022-05-11,143.61702,251.50496,370.694,152.39088,261.9397,381.34998,142.9406,250.29836,369.94836,150.47926,256.45688,375.71524,142689800,48975900,142361000
217,2022-05-12,139.75453,246.48549,370.307,143.3229,250.85823,373.5727,136.06853,241.34052,363.52078,139.9604,248.74425,367.50378,182602000,51033800,125090800
218,2022-05-13,144.21501,252.05519,379.16025,145.18553,253.90855,380.53824,140.29373,246.4855,373.39337,141.7446,248.41608,374.43158,113990900,34925100,104174400
219,2022-05-16,142.67593,252.42198,377.62183,144.61697,256.592,381.28394,141.3427,246.90056,375.27167,142.68575,250.93544,377.518,86643800,32550900,78622400
220,2022-05-17,146.3031,257.55734,385.38962,146.82266,259.0149,385.62558,143.79347,253.34868,379.97195,145.93057,256.87198,383.70013,78336300,28828800,83029700
221,2022-05-18,138.04877,245.83083,369.85397,144.46005,255.04175,381.12344,137.14687,244.56335,368.61755,143.9601,254.46121,380.8403,109742900,31356000,117674500
222,2022-05-19,134.64706,244.92133,367.5887,138.87224,249.30426,372.00592,133.91182,243.70224,365.37067,137.12727,245.65665,366.7959,136095600,32692300,98510700
223,2022-05-20,134.88232,244.36015,367.7493,137.93112,250.14601,374.73373,130.00034,238.43886,359.16977,136.3528,248.8882,371.16602,137426100,39199300,131432200
224,2022-05-23,140.2937,252.18752,374.62985,140.44075,253.00992,375.39435,134.94115,245.20192,368.45712,135.07838,247.19505,370.7695,117726300,33175400,76414900
225,2022-05-24,137.59784,251.19093,371.77002,139.17616,252.84541,372.95923,134.62747,245.26964,365.22916,138.03899,249.51712,370.51468,104132700,29043900,91448800
226,2022-05-25,137.75468,253.99675,375.05453,138.99968,255.98987,377.01773,135.61758,248.78177,369.8823,135.7058,249.75899,370.2787,92482700,28547900,91472900
227,2022-05-26,140.95053,257.2671,382.5486,141.49951,258.4378,384.18146,134.44121,252.94221,376.07388,134.68628,253.75494,376.28152,90601500,25002100,82168300
228,2022-05-27,146.6952,264.3687,391.9399,146.7344,264.46548,392.05316,142.4014,258.87314,384.80447,142.52884,259.76328,385.00266,90978500,26910800,84768700
229,2022-05-31,145.91093,263.04327,389.74075,147.69513,265.84912,393.0725,143.95029,260.19873,387.00363,146.13641,263.68185,390.32593,103718400,37827700,95937000
230,2022-06-01,145.78352,263.57535,386.58835,148.75389,268.67422,392.8649,144.77377,261.2726,384.07773,146.95009,266.26508,391.855,74286600,25292200,86585800
231,2022-06-02,148.23433,265.6652,393.95032,148.29315,265.73294,393.9975,143.96992,253.10663,384.18155,144.92084,255.8641,386.4279,72348100,44008200,79609600
232,2022-06-03,142.51904,261.25336,387.48492,145.05807,264.57202,390.78836,141.61716,259.69565,386.51276,144.00912,261.53394,389.24045,88570300,28059000,71874300
233,2022-06-06,143.26407,260.02457,388.66473,145.64626,265.27826,393.21402,142.04846,258.54425,387.49435,144.13655,263.2271,391.48682,71598400,22400300,57508900
234,2022-06-07,145.78352,263.65277,392.39294,146.06781,264.26233,392.846,141.26424,257.30576,384.7195,141.50932,257.98303,385.182,67808200,22860700,59272400
235,2022-06-08,145.04828,261.63068,388.12683,146.92068,264.1366,392.4685,144.55812,260.85663,387.334,145.65607,262.88846,390.68463,53950200,17372300,64350000
236,2022-06-09,139.83296,256.19305,378.89597,145.03847,263.8559,388.61752,139.72513,256.03824,378.89597,144.1856,259.08597,386.35233,69473000,26439700,86289800
237,2022-06-10,134.43143,244.77621,367.90967,137.98997,252.11977,373.55386,134.3628,244.33115,367.8625,137.51944,252.11977,372.7044,91437900,31422800,132893900
238,2022-06-13,129.28473,234.39459,353.94083,132.53938,240.93512,360.36838,128.85338,233.6883,352.33627,130.25523,237.15207,358.51846,122207100,46135800,170004900
239,2022-06-14,130.14743,236.5522,352.8742,131.2552,237.76161,356.71564,128.89262,233.66895,349.7784,130.51016,235.94264,355.68686,84784300,28651500,104011800
240,2022-06-15,132.76485,243.58614,357.90494,134.63727,247.01122,362.34097,129.5592,238.41951,351.22253,131.64728,240.24815,356.16824,91533000,33111700,125666800
241,2022-06-16,127.50052,237.01662,346.05972,129.78467,239.38707,350.10883,126.50059,235.12993,343.63403,129.48077,237.99382,349.70297,108123900,33169200,134473300
242,2022-06-17,128.97098,239.60956,346.80573,130.46107,242.36703,350.14243,127.25542,236.10709,343.30792,127.51031,236.75534,346.47397,134520300,43084800,111113900
243,2022-06-21,133.19618,245.50189,355.53607,134.36276,246.4791,356.92,130.69638,241.40921,352.44583,130.7944,242.13487,352.5217,81000500,29928300,76811900
244,2022-06-22,132.68645,244.91165,354.89154,135.04901,248.8205,358.99603,131.27478,242.24126,350.9008,132.13745,243.7119,351.31787,73409200,25939900,90059400
245,2022-06-23,135.549,250.45561,358.37033,135.86269,250.94907,359.10022,132.96095,245.39543,353.4696,134.12753,247.27245,357.0243,72433800,25861400,79292100
246,2022-06-24,138.87227,259.00867,369.76434,139.11736,259.27957,369.77383,137.01947,253.22281,361.50797,137.1469,253.30988,361.5364,89116800,33923200,98050300
247,2022-06-27,138.87227,256.2898,368.35196,140.66626,259.58905,370.9777,138.19585,254.73206,367.26187,139.8918,259.50198,370.68384,70207900,24615100,66009600
248,2022-06-28,134.7353,248.15292,360.82544,140.59763,258.2443,372.68393,134.61768,247.99811,360.7117,139.33301,255.40942,369.90652,67083400,27295500,86548900
249,2022-06-29,136.49005,251.81015,360.5316,137.90172,253.46463,362.36105,133.98044,247.45624,358.7116,134.7549,249.22682,361.37524,66242400,20069800,65676000
250,2022-06-30,134.02948,248.49153,357.6026,135.647,251.10388,360.83502,131.13754,244.68913,353.15686,134.54904,248.70439,356.6452,98964500,31730900,112508300
251,2022-07-01,136.19595,251.15228,361.38474,136.30379,251.33612,361.8208,132.99031,246.34366,354.3322,133.36282,248.06587,356.9485,71051600,22837700,74839700
252,2022-07-05,138.77423,254.31615,362.0672,138.82326,254.44193,362.08618,134.23534,246.46945,353.47906,135.05882,247.84335,356.30386,73353800,22941000,81438000
253,2022-07-06,140.10748,257.567,363.28998,141.28386,259.28918,365.77353,138.3037,253.88069,359.83008,138.56839,255.18686,362.20935,74064300,23824400,70426200
254,2022-07-07,143.46996,259.68594,368.73114,143.66602,260.32452,369.52737,140.46036,256.41568,363.30905,140.47015,256.51242,365.06268,66253700,20859900,64525900
255,2022-07-08,144.14638,258.9699,368.42783,144.64635,259.39563,370.29523,142.14653,254.74179,365.5746,142.40141,256.19308,367.1007,64547800,19658800,72397800
256,2022-07-11,142.01906,255.92223,364.2191,143.75423,257.87662,366.7216,140.95052,253.66786,363.5271,142.80331,257.0252,365.7547,63141600,19455200,58366900
257,2022-07-12,142.98961,245.43413,360.99612,145.52864,257.30576,366.04855,142.19556,243.85704,359.25195,142.89157,257.2477,363.66925,77588800,35868500,62219200
258,2022-07-13,142.62689,244.51497,359.10028,143.568,245.31802,362.0294,139.3232,240.05464,355.14746,140.17609,242.06711,355.56458,71185600,29497400,84224600
259,2022-07-14,145.54826,245.83083,358.22824,146.01881,246.85641,359.30887,140.43098,237.95511,351.71603,141.24466,242.43478,354.15216,78140700,25102800,89704800
260,2022-07-15,147.21478,248.3851,365.0722,147.8912,251.9166,365.18594,145.28355,246.49841,360.72125,146.83246,247.41757,362.62656,76259900,29774100,79060400
261,2022-07-18,144.1758,245.99529,362.0578,148.58723,252.37132,368.82593,143.81306,245.07613,360.835,147.77357,251.31671,368.15292,81420900,20975000,63203600
262,2022-07-19,148.02849,251.10388,371.8403,148.25395,251.28772,372.40906,144.01898,245.4438,365.31863,145.0091,249.21718,365.9727,82982400,25012600,78506000
263,2022-07-20,150.02829,253.75493,374.2101,150.69492,256.2705,375.62253,147.41083,250.50403,370.66492,148.14607,251.46188,372.0299,64823400,22788300,71843800
264,2022-07-21,152.29285,256.24146,378.02075,152.50851,256.28986,378.06815,148.94995,248.68503,371.23364,151.45956,251.35542,373.63187,65086600,22404700,64903900
265,2022-07-22,151.05762,251.90692,374.51346,153.20453,256.71558,379.33838,150.391,250.65883,372.29532,152.33203,256.62848,378.144,66675400,21881300,72197300
266,2022-07-25,149.9401,250.42662,374.9684,151.98897,253.00995,375.82153,149.28328,248.47221,372.73132,150.97923,252.52618,375.13904,53623900,21056000,53631500
267,2022-07-26,148.61662,243.72159,370.53226,150.07729,251.44252,373.53714,147.83237,241.46725,369.6412,149.26363,251.42314,373.3286,55138700,39348000,52946400
268,2022-07-27,153.70451,260.01486,380.15353,154.2339,261.28232,381.8977,149.16563,250.44597,373.52756,149.57738,252.68097,373.8214,78620700,45994000,82342100
269,2022-07-28,154.2535,267.43585,384.9216,154.53778,268.81943,385.61356,151.37135,259.1731,377.41406,153.89076,260.99207,380.9593,81378700,33459300,73966600
270,2022-07-29,159.31194,271.62534,390.53326,160.40991,272.84445,391.5191,156.36118,267.64877,385.5851,158.06694,268.68405,386.35294,101786900,32152800,87003700
271,2022-08-01,158.33163,268.98392,389.37677,160.3707,272.14774,391.8793,157.72385,266.88437,387.13022,157.84148,268.80008,387.84116,67829400,21539600,69997500
272,2022-08-02,156.86115,265.89746,386.80792,159.21393,268.8678,391.49063,156.48863,263.53668,385.6325,156.94939,267.03915,387.8127,59907000,22754200,63435400
273,2022-08-03,162.86075,273.2991,392.86514,163.31169,274.29565,394.03107,157.58661,267.62933,388.64688,157.67484,267.7745,388.93124,82507500,23518900,67820600
274,2022-08-04,162.54703,274.44083,392.59973,163.89987,274.58594,393.4718,161.19418,271.07382,390.9598,162.74309,272.65088,392.7893,55474100,18098700,45656600
275,2022-08-05,162.32123,273.72485,391.93622,162.81207,274.44083,392.5808,160.01427,269.63217,388.26776,160.22043,270.0869,388.32465,56697000,16774600,56814900
276,2022-08-08,161.85002,271.2189,391.48117,164.73618,276.6371,395.87006,161.19229,270.25137,390.3816,163.32254,274.8278,393.62347,60276900,18739200,53886100
277,2022-08-09,161.89912,273.13458,389.92657,162.78265,273.88925,391.25366,160.25972,268.59686,388.8554,161.01561,270.56097,390.75125,63135500,23405200,44931800
278,2022-08-10,166.13997,279.77182,398.1166,166.23813,280.4007,398.25882,163.84282,277.6239,395.01694,164.60854,278.81396,396.96964,70170500,24687800,68665700
279,2022-08-11,165.40369,277.7013,398.1166,167.8579,281.75525,402.8183,165.10918,277.2079,397.37723,166.94492,281.40695,400.96036,57149200,20065900,59489700
280,2022-08-12,168.94759,282.43262,404.85632,169.0163,282.43262,404.96057,166.29703,277.62396,399.10245,166.70935,279.11398,400.05035,68039400,22619700,61694500
281,2022-08-15,170.01761,283.94196,406.5247,170.21394,284.6289,407.04605,168.21132,280.69104,402.59082,168.3782,281.55215,402.6477,54091700,18085700,54048300
282,2022-08-16,169.86055,283.20663,407.32092,170.5281,284.49347,409.2452,168.51566,280.991,404.6478,169.61513,282.51,405.45352,56377100,18102900,59289000
283,2022-08-17,171.3527,282.46008,404.42975,172.92339,284.42834,407.13132,169.40898,280.66635,402.42966,169.60532,280.92813,403.7283,79542000,18253400,63563400
284,2022-08-18,170.96004,281.34506,405.6052,171.6963,283.03214,406.28766,169.9489,280.28818,403.33966,170.56737,281.36444,404.6288,62290100,17186200,49023200
285,2022-08-19,168.37822,277.44724,400.15472,170.55756,280.45297,403.1122,168.17206,276.87518,399.28262,169.86055,280.1136,402.8468,70346300,20570000,68016900
286,2022-08-22,164.50053,269.30267,391.82242,166.74858,273.86942,395.50034,164.0784,268.7888,390.92188,166.5817,273.50098,395.3297,69026800,25061100,77695600
287,2022-08-23,164.16676,268.03262,390.87454,165.61966,270.379,393.78467,163.59738,267.02423,390.32474,164.01952,268.03262,391.39587,54147100,17527400,49105200
288,2022-08-24,164.46129,267.40234,392.12582,165.03067,268.79855,393.4908,163.20474,266.743,389.96457,164.25514,267.0339,390.64703,53841500,18137000,49177800
289,2022-08-25,166.9155,270.36932,397.6617,167.02348,270.53415,397.7091,165.26628,266.171,392.524,165.6884,268.89554,393.61407,51218200,16583400,50942300
290,2022-08-26,160.62292,259.93652,384.2011,167.91684,271.81396,398.08813,160.56403,259.8299,384.14423,167.44563,270.5923,397.54782,78961000,27549300,103087000
291,2022-08-29,158.42397,257.16357,381.66074,159.9161,259.26755,384.70355,156.89255,255.82555,380.3052,158.19817,257.7647,381.25314,73314000,20338500,65370800
292,2022-08-30,155.99919,254.97227,377.47095,159.58232,258.92816,383.0542,154.831,252.73253,375.37607,159.16022,258.55975,382.81723,77906200,22767100,85652400
293,2022-08-31,154.34016,253.51788,374.59875,157.63863,258.98633,380.34314,154.26163,253.38213,374.46606,157.37357,257.31866,379.10138,87991100,24791800,76029700
294,2022-09-01,155.0666,252.48041,375.77423,155.51817,252.95552,376.11548,151.83685,247.64218,369.7265,153.77078,250.99695,372.42807,74229900,23263400,78740100
295,2022-09-02,152.95598,248.27242,371.81186,157.42264,256.68842,380.64648,152.13136,246.73077,370.00134,156.8238,253.7409,379.43314,76957800,22855400,99632100
296,2022-09-06,151.69943,245.5479,370.40897,154.21254,249.98859,373.59396,150.87482,244.27774,368.19083,153.6039,248.40819,372.65552,73714800,21328200,76637400
297,2022-09-07,153.1032,250.24066,377.06332,153.80019,250.95815,377.83115,150.79623,245.51878,369.8781,151.98409,246.95377,370.0961,87449600,24126700,70964200
298,2022-09-08,151.63074,250.6576,379.52795,153.49593,252.5095,379.98294,149.88333,247.04103,373.59396,151.80743,249.67833,374.79785,84923800,20319900,80821700
299,2022-09-09,154.48741,256.41693,385.42395,154.92918,257.16354,386.28656,151.9154,252.37376,381.49954,152.62222,252.57738,381.76495,68028800,22084700,76706900
300,2022-09-12,160.43639,258.54034,389.5665,161.25119,259.31604,390.28693,156.38205,257.09567,387.18723,156.66673,257.6968,387.49054,104956000,18747700,69256300
301,2022-09-13,151.02205,244.3262,372.62708,157.59932,252.48042,382.10626,150.56065,243.93835,371.50854,156.97104,250.96786,380.9024,122656600,33353300,122947100
302,2022-09-14,152.46512,244.5492,374.049,154.22234,246.49806,375.56567,150.79626,242.26097,370.75024,151.95464,245.81935,373.92578,87965400,23913000,85023700
303,2022-09-15,149.57896,237.9172,369.80225,152.39641,243.7541,375.3381,148.6071,236.59857,368.53204,151.8172,242.17369,372.49432,90481100,31530900,87633800
304,2022-09-16,147.93956,237.29669,366.98114,148.57767,237.83966,367.63788,145.65224,234.6982,363.6974,148.44023,236.83128,365.62958,162278800,39791800,103084800
305,2022-09-19,151.65033,237.08339,369.827,151.72887,237.68452,369.827,146.36888,233.52501,363.76395,146.57503,235.09573,363.84012,81474200,26826900,73278500
306,2022-09-20,154.02603,235.07631,365.5819,155.18442,236.10406,367.5141,150.27602,232.35178,362.83118,150.59015,234.70787,366.50516,107689800,26660300,77274900
307,2022-09-21,150.90427,231.68279,359.20474,155.83232,240.1279,370.55032,150.78647,231.63431,359.19522,154.45795,236.84099,367.50452,101696800,28625600,106746600
308,2022-09-22,149.94225,233.65103,356.18753,151.64055,236.44345,360.07092,148.14577,230.34476,355.44513,149.58884,230.63562,358.4338,86652500,31061200,89472600
309,2022-09-23,147.67453,230.68411,350.2197,148.6955,233.7965,352.76102,145.83879,228.04683,345.78424,148.42062,232.25484,352.72293,96029900,34176000,122346900
310,2022-09-26,148.0083,230.22838,346.75507,150.95335,234.10672,352.37076,146.899,229.6951,345.53674,146.91862,229.84055,348.75388,93339400,27694200,92581200
311,2022-09-27,148.98016,229.22002,345.86984,151.88596,234.44609,352.55157,147.20332,227.3681,343.48077,149.94223,232.68143,350.28625,84442700,27018700,108294100
312,2022-09-28,147.09529,233.7383,352.67535,147.88065,234.95998,354.36005,142.18687,227.59111,345.12747,144.9356,229.60785,346.82172,146691400,29029700,110802200
313,2022-09-29,139.87015,230.27689,345.3083,144.03249,232.65237,349.4201,138.10312,227.28087,342.3672,143.42384,231.62462,349.13455,128138200,27484200,112952300
314,2022-09-30,135.66855,225.8168,339.96866,140.4788,233.22444,348.27798,135.47221,225.65198,339.83542,138.69214,231.04288,344.36603,124925300,35694800,153711200
315,2022-10-03,139.8407,233.41835,348.94418,140.44936,234.26189,350.7907,135.1679,227.52325,341.9008,135.67838,228.25046,343.68066,114311700,28880400,89756500
316,2022-10-04,143.42386,241.31079,359.75687,143.54166,242.74577,359.78543,141.61755,237.52939,348.9062,142.37344,237.63605,354.45526,87830100,34888400,103602800
317,2022-10-05,143.71835,241.62105,358.91925,144.68042,242.95908,361.17505,140.39044,236.67616,353.07513,141.43105,238.50868,355.39755,79471000,20347100,88065700
318,2022-10-06,142.7661,239.28433,355.2167,144.83745,242.72636,360.4707,142.55995,238.59593,354.72174,143.13914,240.38966,357.52008,68402200,20239900,82333500
319,2022-10-07,137.52391,227.11601,345.3083,140.47879,233.98068,355.30234,136.89563,226.07855,343.54742,139.92903,233.57346,351.1905,85925600,37769600,107789500
320,2022-10-10,137.84787,222.2778,342.67175,139.29094,227.4263,346.65985,136.03177,219.83444,340.43503,137.84787,225.96223,346.4219,74899000,29743600,76042800
321,2022-10-11,136.43423,218.55461,340.50156,138.76083,222.0936,345.53665,135.68816,217.29414,338.56937,137.33739,220.69739,340.97748,77033700,30474000,92482800
322,2022-10-12,135.80595,218.88423,339.37854,137.78896,220.93005,342.48148,135.62926,217.14868,339.13107,136.5815,218.54488,340.91098,70433700,21903900,76991800
323,2022-10-13,140.37083,227.11601,348.33508,140.95984,228.91945,349.80087,131.90872,212.46556,331.3357,132.51736,213.16367,332.3827,113224000,42551800,147254500
324,2022-10-14,135.84525,221.6088,340.39694,141.87277,230.02481,352.41833,135.65872,221.39548,339.75922,141.66661,228.37651,350.7907,88598000,30198600,123737000
325,2022-10-17,139.80144,230.30597,349.14413,140.28246,231.69249,350.24823,137.70064,227.98866,340.06384,138.486,228.64798,346.46954,85250900,28142300,93168200
326,2022-10-18,141.11687,231.24648,353.24643,144.01283,236.51132,357.35828,138.03438,228.21167,349.81036,142.825,235.84232,357.05368,99136600,26329600,97162900
327,2022-10-19,141.22487,229.28793,350.7432,142.2949,232.32274,353.93176,138.9081,227.16454,347.93533,139.09462,229.8309,351.20956,61758300,19985700,79746900
328,2022-10-20,140.76347,228.96791,347.80206,143.21768,233.97098,354.71225,140.03702,227.72684,347.0406,140.40025,228.59947,350.2958,64522000,21811000,88283100
329,2022-10-21,144.57242,234.75636,356.25418,145.1418,235.6096,356.7396,140.03703,227.36812,346.0222,140.253,227.60081,347.52603,86548600,26299700,131038400
330,2022-10-24,146.71248,239.73038,360.61343,147.4782,240.30243,361.7461,143.32568,233.96133,355.13098,144.49388,236.34651,357.77704,75981900,24911200,85436900
331,2022-10-25,149.54955,243.03665,366.37195,149.69681,243.40509,366.68604,146.62413,238.35355,360.42313,147.34076,239.74005,360.53732,74732300,34775500,78846300
332,2022-10-26,146.61429,224.28485,363.61166,149.20593,231.05257,368.90375,145.32828,223.06316,362.97397,148.1948,224.1394,363.23096,88194300,82543200,104087300
333,2022-10-27,142.14766,219.85382,361.67,146.31981,226.58275,366.44812,141.48993,218.91331,361.0513,145.35777,224.01334,364.6111,109180200,40424600,81971800
334,2022-10-28,152.8873,228.69644,370.27435,154.61505,229.40425,370.75027,145.11237,219.17511,361.38443,145.4854,219.35933,361.56528,164762400,40647700,100302000
335,2022-10-31,150.5312,225.07019,367.59976,151.41473,227.77533,369.68423,149.13722,224.11998,366.69556,150.3545,226.6506,367.8187,97943200,28357300,96631300
336,2022-11-01,147.89047,221.23064,365.99118,152.60255,228.57042,371.57834,146.39833,220.41618,364.82047,152.23933,227.46509,371.3404,80379300,30592300,85407600
337,2022-11-02,142.37341,213.4061,356.80624,149.38263,224.26547,369.9032,142.34396,213.34792,356.70157,146.2216,222.48143,365.40112,93604600,38407000,126990400
338,2022-11-03,136.33609,207.73401,353.13223,140.18428,213.70667,356.16852,136.20847,207.47221,351.0192,139.45784,213.3964,353.57007,97918500,36633900,87100100
339,2022-11-04,136.07057,214.65683,358.21487,140.28897,214.85074,360.61343,132.13733,206.93892,352.17087,139.71864,210.93362,358.83356,140814800,36789100,103505200
340,2022-11-07,136.60155,220.93976,361.64145,136.8277,221.46335,362.23157,133.40579,214.55019,357.43442,134.82176,215.2386,359.50937,83374600,33498000,68286900
341,2022-11-08,137.17188,221.90936,363.59268,139.06966,224.60481,366.56235,135.19542,218.97151,359.51892,138.0667,221.74454,362.74554,89908500,28192500,84641100
342,2022-11-09,132.61916,217.68195,356.10187,136.23775,221.67665,362.77408,132.34383,217.50743,355.6069,136.18858,220.45497,361.62238,74917800,27852900,78495500
343,2022-11-10,144.41888,235.59021,375.67114,144.41888,235.92957,376.00427,137.17189,227.8529,367.05725,138.88286,228.26982,369.35107,118854000,46268000,141455800
344,2022-11-11,147.20169,239.59462,379.30707,147.50652,240.44786,380.1066,141.96063,234.57216,374.64316,143.38646,235.59993,376.52777,93979700,34620200,93839900
345,2022-11-14,145.80534,234.2037,376.08047,147.77197,236.49193,380.89664,144.96953,231.93488,375.80444,146.48383,234.63033,377.54626,73374100,31123300,71903500
346,2022-11-15,147.53598,234.61092,379.28806,151.02673,239.48793,382.92398,146.08069,232.72992,375.4808,149.67961,238.18869,381.8199,89868300,31390100,93194500
347,2022-11-16,146.30687,235.03876,376.3945,147.36885,237.05147,378.6122,144.83191,233.76501,375.7663,146.6412,236.06941,377.6604,64218300,24093300,68508500
348,2022-11-17,148.20467,234.99013,375.2428,148.95198,236.51668,375.9186,143.71092,231.05225,371.3404,143.98625,231.19809,371.64496,80389400,23123500,74496300
349,2022-11-18,148.76514,234.54288,376.9466,150.15161,236.99313,378.6408,147.46718,232.4135,374.10068,149.76811,236.76949,378.5742,74829600,27613500,92922500
350,2022-11-21,145.53989,235.3499,375.57596,147.8605,237.89737,376.7467,145.25473,234.5137,373.73895,147.654,234.74706,375.62357,58724100,26394700,51243200
351,2022-11-22,147.67368,238.24738,380.63007,147.90968,238.51962,380.7919,144.47792,234.04697,376.10895,145.6579,236.84723,377.51764,51804100,19665700,60429000
352,2022-11-23,148.54883,240.72682,383.0287,149.29614,241.40744,383.5141,146.84769,237.50845,380.06854,146.95586,238.3252,380.29697,58301400,19508500,68261600
353,2022-11-25,145.63821,240.63933,382.94293,146.39537,241.81583,383.495,144.66473,239.90036,382.191,145.83487,240.46431,382.467,35195900,9200800,30545400
354,2022-11-28,141.8131,235.06786,376.8324,144.1927,239.8225,381.49628,140.98712,234.13445,376.07092,142.71774,239.26828,379.85916,69246000,24778200,67881600
355,2022-11-29,138.81401,233.67749,376.18512,142.39326,236.06938,378.15536,138.0077,231.61618,374.34808,141.88194,234.71786,376.96558,83763800,17956300,52310000
356,2022-11-30,145.55952,248.07755,388.03522,146.238,248.26228,388.03522,138.20436,233.2205,374.5195,139.04016,233.91086,376.43262,111380900,47594200,144566700
357,2022-12-01,145.83488,247.64001,387.7497,146.6412,249.03043,390.24344,144.16325,243.97437,385.24643,145.73656,246.84271,389.0727,71250400,26041500,76398200
358,2022-12-02,145.34323,247.96089,387.30228,145.53006,248.97209,388.20648,143.21927,242.77843,382.76215,143.52411,242.90483,382.86682,65447400,21528500,85342700
359,2022-12-05,144.18289,243.27428,380.33496,148.40129,246.79408,385.41763,143.33725,241.19351,378.9834,145.30386,245.03418,384.4849,68826400,23435300,77289800
360,2022-12-06,140.52496,238.33492,374.85257,144.84169,244.88835,380.71573,139.55148,237.03201,372.76813,144.61554,243.87715,380.17322,64727200,22463700,77972200
361,2022-12-07,138.58786,237.60567,374.2149,140.9773,239.34613,376.5754,137.66354,235.50546,373.08224,139.817,238.05295,374.0055,69721100,20481500,65927900
362,2022-12-08,140.26933,240.55179,377.14645,141.12482,241.8547,378.2125,138.74521,236.33192,374.31958,139.98418,238.06265,376.0995,62128300,22611800,60737900
363,2022-12-09,139.7875,238.6266,374.32907,143.1406,241.4366,378.45993,138.54852,237.40149,374.20532,139.9645,237.92653,375.9091,76097000,20609700,81447700
364,2022-12-12,142.07861,245.52032,379.7259,142.08844,245.5495,379.7259,138.70586,240.32814,374.45285,140.31848,240.60039,375.11908,70462700,30665100,75405800
365,2022-12-13,143.04228,249.80826,382.60025,147.46718,256.6145,390.7097,141.83281,246.06482,379.84,147.00502,254.44621,390.4527,93886200,42196900,123782500
366,2022-12-14,140.82,250.09995,380.1542,144.21243,255.32129,385.96027,138.80421,247.2705,377.2131,142.92429,250.01244,382.2577,82291200,35410900,108111300
367,2022-12-15,134.22195,242.11723,370.855,139.4335,247.16357,376.2042,133.7598,240.49347,369.19885,138.75502,246.69687,375.29996,98931900,35560400,117705900
368,2022-12-16,132.26515,237.91681,366.47656,135.35275,242.92424,369.64154,131.49817,236.76947,364.3443,134.40878,241.66997,368.3029,160156900,86102000,119858000
369,2022-12-19,130.16087,233.79417,363.36905,132.94365,238.42242,367.00256,129.1284,232.10234,361.7053,132.85515,238.0821,366.6679,79592600,29696400,79878100
370,2022-12-20,130.09203,235.10683,363.86618,131.02617,236.1861,365.48215,127.722244,231.82039,361.29404,129.1972,232.77325,362.6136,77432800,25150800,74427200
371,2022-12-21,133.18947,237.66403,369.30685,134.52678,238.82109,370.43515,130.53453,233.46362,365.92197,130.7607,234.9999,366.45743,85928000,23690600,78167400
372,2022-12-22,130.02321,231.59676,364.0384,132.31433,235.29158,369.28784,128.12543,227.39633,358.3491,132.10783,234.58177,366.2663,77852100,28651700,100120900
373,2022-12-23,129.65942,232.12183,366.13242,130.21008,232.25795,366.27585,127.47647,227.46442,361.46625,128.7351,229.57436,363.01526,63814900,21207000,59857300
374,2022-12-27,127.85993,230.4008,364.6885,129.2169,232.31625,366.36182,126.5718,229.30208,363.0152,129.18741,232.09264,366.0176,69007800,16688600,51638200
375,2022-12-28,123.93655,228.03804,360.15622,128.84326,233.08438,366.59134,123.76939,227.688,359.92676,127.50597,230.33272,364.62158,85438400,17457100,70911500
376,2022-12-29,127.44696,234.33868,366.6392,128.30243,235.2235,367.5093,125.598335,229.12704,362.4702,125.854,229.12704,362.99612,75703700,19770700,66970900
377,2022-12-30,127.76162,233.18166,365.67337,127.78129,233.31778,365.8168,125.30335,230.10912,361.84863,126.267,231.61623,363.96182,77034200,21938500,84022200
378,2023-01-03,122.98272,232.94829,364.13397,128.71542,238.9475,369.49814,122.09774,230.82863,361.27496,128.10577,236.35141,367.5284,112117500,25740000,74850700
379,2023-01-04,124.2512,222.75838,366.94513,126.51282,226.42401,368.97223,122.99256,219.70529,363.34985,124.772354,225.85034,366.39053,89113600,50623400,85934100
380,2023-01-05,122.933556,216.15628,362.75708,125.637665,221.25124,365.10928,122.6779,215.6215,362.16425,125.00834,220.91092,364.99454,80962700,39585600,76970500
381,2023-01-06,127.45677,218.70377,371.0759,128.11559,219.51079,372.19464,122.80572,213.27824,362.7858,123.90703,216.8272,365.84558,87754700,43613600,104189600
382,2023-01-09,127.97794,220.83316,370.86545,131.18355,224.83913,376.4496,127.72229,220.14282,370.6838,128.29262,220.1817,373.26547,70790800,27369800,73978100
383,2023-01-10,128.54825,222.51529,373.46637,129.0694,224.90718,373.5333,125.981804,221.03735,369.3452,128.08609,221.45544,370.2823,63896200,27033900,65358100
384,2023-01-11,131.26219,229.24374,378.18982,131.28185,229.41875,378.26633,128.28276,224.71274,374.23123,129.05957,224.88774,375.044,69458900,28669300,68881100
385,2023-01-12,131.18353,231.90787,379.56677,132.01933,233.25938,381.02972,129.24641,227.0949,375.2257,131.64569,228.74783,379.2895,71379600,27269500,90157700
386,2023-01-13,132.51099,232.60793,381.0393,132.66832,232.74405,381.61304,129.46274,228.41724,376.1054,129.82655,230.43965,376.37314,57809700,21333300,63903900
387,2023-01-17,133.67131,233.69695,380.34128,134.99876,234.24144,382.6935,131.89153,230.52718,379.66238,132.57983,231.38283,381.0202,63646600,29831300,62677300
388,2023-01-18,132.95354,229.28261,374.3365,136.29678,235.67075,382.58835,132.77654,229.00064,374.13568,134.53667,234.88318,381.527,69672800,30028700,99632300
389,2023-01-19,133.01247,225.51003,371.6113,133.9761,229.00066,373.94437,131.5375,224.29463,370.29175,131.84233,227.30882,372.2997,58280400,28623000,86958900
390,2023-01-20,135.5691,233.57056,378.53415,135.71661,234.07617,378.68713,131.98003,228.0186,371.36276,133.02234,228.35892,373.00742,80223600,35389800,91806400
391,2023-01-23,138.75502,235.86522,383.07596,140.92815,238.38353,385.00745,135.59859,233.01631,378.3811,135.81491,234.4262,379.33728,81760300,31934000,84178800
392,2023-01-24,140.15134,235.34018,382.66476,140.77083,237.19731,383.57312,137.95856,233.78448,380.21695,137.96838,235.78746,381.4026,66435100,40234400,59524900
393,2023-01-25,139.4925,233.94974,382.8082,140.05298,236.56528,383.14285,136.4934,224.50851,376.3157,138.53868,227.98941,378.60098,65799300,66526600,84800300
394,2023-01-26,141.55751,241.13521,387.01544,141.84267,241.43663,387.178,139.53188,235.30128,382.50226,140.78069,236.90561,385.46643,54105100,33454500,72287400
395,2023-01-27,143.4946,241.29077,387.90472,144.7729,242.91454,390.27606,140.69217,239.99759,385.76288,140.77084,242.0978,385.97324,70555800,26498900,68346200
396,2023-01-30,140.6135,235.99164,383.03775,143.12094,238.80164,387.37885,140.466,235.49574,382.74133,142.54079,237.7418,385.1509,64015300,25867400,74202000
397,2023-01-31,141.88193,240.95042,388.66968,141.93109,241.08655,388.71747,139.90547,236.22495,383.20984,140.31847,236.7111,383.55408,65874500,26541100,86811800
398,2023-02-01,143.00293,245.7537,392.80032,144.16324,248.11642,395.5446,138.96153,238.67522,384.72058,141.5673,241.13518,387.45526,77663600,31259900,101459200
399,2023-02-02,148.30293,257.2757,398.51837,148.6569,257.3632,399.98132,145.69714,250.12915,394.78925,146.41496,251.65569,396.6825,118339000,39940400,101654500
400,2023-02-03,151.92155,251.19867,394.28244,154.7535,256.88675,398.7,145.36287,249.98328,393.07764,145.55952,252.35573,393.55573,154357300,29077300,94736800
401,2023-02-06,149.19775,249.6624,391.87283,150.5449,251.15004,393.2689,148.26361,247.7275,390.21866,150.02374,250.31387,391.8346,69858300,22518000,60295300
402,2023-02-07,152.06906,260.15372,396.998,152.63939,261.3302,398.24103,148.12599,252.88075,389.71188,148.12599,253.31831,390.9549,83322600,50841400,90990700
403,2023-02-08,149.38463,259.3467,392.65683,152.00024,269.09906,396.36682,148.64714,258.8411,391.96838,151.31192,265.6376,395.02817,64120100,54686000,76227500
404,2023-02-09,148.35214,256.32285,389.2529,151.75441,266.3961,396.40515,147.90965,255.52554,388.029,151.21358,266.22104,396.25217,56007100,42375100,78694900
405,2023-02-10,148.7165,255.81723,390.16132,149.0415,256.77982,390.5438,146.9537,253.44476,387.26407,147.19006,254.29068,388.0768,57450700,25818500,70769700
406,2023-02-13,151.51337,263.8097,394.7414,151.91713,266.9989,394.87527,148.62785,259.7551,390.3525,148.65741,260.23157,390.8115,62199000,44630900,64913500
407,2023-02-14,150.87325,264.63614,394.55975,151.4346,267.3586,396.86414,148.56879,261.8261,390.61072,149.80965,265.12228,393.22107,61707600,37047900,88389300
408,2023-02-15,152.97092,262.5209,395.84103,153.13834,263.89532,395.9175,150.55814,259.46017,391.52863,150.78464,261.54614,392.3701,65573800,28922400,61555700
409,2023-02-16,151.37549,255.53192,390.39075,153.95569,260.00604,394.81787,151.02095,255.28824,390.2569,151.17851,257.3547,390.87842,68167900,29603600,76431500
410,2023-02-17,150.23317,251.5452,389.41547,150.67633,253.52394,389.6545,148.55899,249.5372,386.3461,150.03621,252.84164,388.26804,59144100,30000100,89257800
411,2023-02-21,146.22493,246.29126,381.60345,149.0021,249.04007,386.45132,146.156,245.23853,381.3453,147.91881,248.05556,385.3995,58867200,28397400,82655900
412,2023-02-22,146.64842,245.16058,381.07755,147.67262,247.91914,383.55405,144.925,244.02013,379.6241,146.60902,247.67545,382.0146,51011300,22491100,83742300
413,2023-02-23,147.13098,248.33826,383.10464,148.0567,250.35599,384.57718,145.0038,244.15656,378.88788,147.8105,249.1083,383.9652,48394200,29219100,96242400
414,2023-02-24,144.48181,242.92836,379.01215,144.95451,244.66342,379.84402,143.50684,241.83664,376.3922,144.87573,243.64969,378.0942,55469600,24990900,108194400
415,2023-02-27,145.67345,243.84464,380.303,146.90446,246.43748,383.70703,145.21059,243.09407,379.36594,145.46664,246.08658,382.3492,44998500,21190000,80444700
416,2023-02-28,145.1712,243.1233,378.89743,146.81584,245.14105,381.7851,144.6,242.45073,378.79224,144.81667,242.78215,379.82492,50547000,22491000,96438600
417,2023-03-01,143.10309,240.05284,377.44403,144.99393,244.59518,379.3086,142.80765,239.58495,376.14365,144.6,244.42947,378.0847,55479000,27565300,99706800
418,2023-03-02,143.69398,244.77065,380.37952,144.48184,245.05331,381.22098,141.71451,239.4095,375.13962,142.18723,240.32576,375.47427,52238100,24808200,85127800
419,2023-03-03,148.73627,248.84511,386.47998,148.81505,249.16678,386.7286,145.09247,245.04356,381.54608,145.79167,245.82338,382.19626,70732300,30760100,90120000
420,2023-03-06,151.49373,250.38525,386.74774,153.92622,253.5532,389.59717,151.12935,249.51772,386.3079,151.45433,249.95636,387.3023,87558000,24109800,72795900
421,2023-03-07,149.29756,247.7339,380.81934,151.69064,251.18454,386.93893,148.8347,246.99309,380.2074,151.36566,249.82962,386.6999,56182000,21473200,108310600
422,2023-03-08,150.5483,247.29529,381.4409,151.13919,248.11407,382.19626,149.5241,244.47824,379.21295,150.48921,247.6267,380.9341,47204800,17340200,74746600
423,2023-03-09,148.30286,245.95012,374.4034,152.19286,253.00734,383.88876,147.94832,245.22879,373.41855,151.22775,249.36176,382.22498,53833600,26653400,111945300
424,2023-03-10,146.24463,242.31425,369.00095,148.64757,246.40822,375.9333,145.36815,241.34926,367.48062,147.92867,244.7414,373.85834,68572400,28333900,189253000
425,2023-03-13,148.18474,247.50969,368.47507,150.81418,251.39897,373.2847,145.4568,239.52644,363.97144,145.56514,241.15428,365.08063,84457100,33339700,157790000
426,2023-03-14,150.27254,254.20628,374.5659,151.07024,254.47922,376.2105,147.82036,249.40074,370.0909,148.98244,250.26826,373.38977,73695900,33620300,149752400
427,2023-03-15,150.66644,258.7389,372.22336,150.92249,259.75266,372.42416,147.64307,252.66615,366.8974,148.89378,253.41673,368.9819,77167900,46028000,172996900
428,2023-03-16,153.48303,269.22726,378.754,154.08377,269.57816,379.09824,149.33696,256.63342,369.3643,149.84908,258.51468,369.87106,76161100,54768800,143254200
429,2023-03-17,152.6459,272.37567,374.32538,154.35948,276.17722,378.55826,151.93684,269.3442,372.9432,153.7095,271.23523,377.42566,98944600,69527400,140553400
430,2023-03-20,155.00945,265.35748,377.92468,155.42308,270.47495,378.33743,151.8088,263.03757,374.4021,152.71484,269.98758,375.10278,73641400,43466600,93055800
431,2023-03-21,156.86093,266.86832,382.88705,156.97911,268.05753,383.36697,154.16254,262.71585,379.6908,154.93071,267.94055,381.28412,73938300,34558700,91524200
432,2023-03-22,155.43295,265.41595,376.36023,159.67749,273.94507,386.3233,155.41325,265.30872,376.32187,156.88063,266.49792,382.71436,75701800,34873300,111746600
433,2023-03-23,156.51627,270.6504,377.3776,159.09648,273.96454,383.25177,155.28525,268.2525,374.67087,156.4178,270.9233,379.22046,67622100,36610900,119351300
434,2023-03-24,157.8162,273.48694,379.854,157.90482,273.5454,379.9404,155.45265,268.33047,373.75906,156.44731,270.241,376.10104,59196500,28172000,107682400
435,2023-03-27,155.87611,269.40265,380.5642,158.32831,274.3544,382.89664,155.47234,268.56433,379.67157,157.51091,273.41864,382.12875,52390300,26840200,74010400
436,2023-03-28,155.2557,268.2818,379.71002,156.08296,269.16882,380.56427,153.61107,265.18207,377.87674,155.57085,268.82767,379.87317,45992200,21878600,62871700
437,2023-03-29,158.32832,273.4285,385.22903,158.60406,274.0426,385.469,156.92989,271.3815,382.66626,156.94957,271.9176,383.86606,51305700,25087000,77497900
438,2023-03-30,159.89418,276.879,387.48465,160.00252,277.27866,388.10852,158.82074,274.3739,385.62256,159.07678,277.05447,387.85898,49501700,25053400,69840000
439,2023-03-31,162.39554,281.0218,392.94614,162.49402,281.96732,393.24368,159.45096,275.8556,388.3005,159.97292,276.56717,388.40613,68749800,32766000,112062600
440,2023-04-03,163.64627,279.97882,394.44348,163.76445,280.99255,394.8466,161.72589,276.78162,392.0343,161.77513,279.2867,392.42783,56976200,24883300,67391100
441,2023-04-04,163.1145,279.93002,392.25504,164.30612,283.1175,395.37448,162.6024,278.45816,390.88245,164.06978,279.9788,395.08652,46278300,25824300,66601500
442,2023-04-05,161.2729,277.16174,391.22803,162.54332,279.9008,392.28384,159.34268,275.77762,389.57712,162.23804,278.63364,391.52557,51511700,22064800,65200200
443,2023-04-06,162.15923,284.23843,392.75412,162.45467,284.7063,393.03247,159.53963,274.91003,389.3851,159.96309,276.06024,390.4313,45390100,29770300,63743300
444,2023-04-10,159.56918,282.0843,393.15735,159.56918,282.28897,393.23416,157.6488,277.5224,389.66357,158.96844,281.9088,390.27786,47716900,23103000,63681000
445,2023-04-11,158.35783,275.6898,393.26288,159.89413,278.76028,394.6642,158.07224,274.52985,392.49503,159.8843,278.53607,393.7812,47644200,27276600,59297900
446,2023-04-12,157.66847,276.3332,391.6599,159.5987,279.76434,395.61444,157.35333,274.84183,391.07443,158.77145,277.6004,395.32648,50133100,27403400,86420400
447,2023-04-13,163.04555,282.5229,396.86224,163.2819,282.58136,397.21738,158.96843,276.0213,391.60236,159.17525,276.43066,392.74454,68445600,24222700,85814800
448,2023-04-14,162.70087,278.9163,395.89285,163.794,281.1972,398.4172,161.33199,276.52814,393.58926,162.09027,279.75458,396.2288,49386500,20987900,78161500
449,2023-04-17,162.72057,281.50916,397.31345,162.87814,284.2385,397.33264,161.53879,278.93582,394.5779,162.58269,282.61063,395.8065,41516200,23836200,66436400
450,2023-04-18,163.94173,281.09,397.57254,164.86745,284.39444,399.0219,163.13417,279.76434,396.19998,163.57735,284.20923,398.8875,49923000,20161800,63560000
451,2023-04-19,165.08409,281.168,397.50534,165.60603,281.75284,398.40756,163.02582,277.35672,395.60486,163.28188,278.77008,395.66245,47720200,17150300,55227300
452,2023-04-20,164.11896,278.88702,395.33612,165.32043,281.7333,397.08304,163.04552,277.88303,393.79077,163.56746,278.04874,394.69302,52456400,23244400,75840400
453,2023-04-21,162.51375,278.5459,395.64328,163.92203,279.043,396.10397,161.9918,275.91406,393.69482,162.54329,277.81482,395.63367,58337300,21676400,73457400
454,2023-04-24,162.81903,274.65662,396.05597,163.08493,277.75635,396.4783,161.4009,271.68362,394.1075,162.49403,274.96854,395.44165,41949600,26611000,64332100
455,2023-04-25,161.28276,268.46695,389.76904,163.78418,274.49094,394.64502,161.24336,268.41818,389.71146,162.6812,272.4537,394.0883,48714100,45772200,97766700
456,2023-04-26,161.2729,287.91327,388.11823,162.76982,292.00726,391.45847,160.3275,285.33994,387.56152,160.58354,289.20972,390.38345,45498800,64599200,80447000
457,2023-04-27,165.85225,297.1345,395.84482,165.99997,297.49518,396.11356,162.68115,287.79636,390.40256,162.68115,288.49817,390.65213,64902300,46462600,92968400
458,2023-04-28,167.10298,299.50314,399.22345,167.27042,301.13098,399.23306,165.33034,295.65286,394.9042,165.93106,296.3352,394.9618,55275900,36469600,89433100
459,2023-05-01,167.01434,297.846,398.8203,167.86128,300.80927,400.84555,166.07878,297.44635,398.58994,166.70906,299.22043,398.78192,52472900,21294100,62122300
460,2023-05-02,165.9803,297.69983,394.3379,167.76282,301.37463,398.15805,164.99548,296.2377,391.4392,167.50676,299.9905,398.11002,48425700,26404400,103998500
461,2023-05-03,164.90683,296.71533,391.63116,168.32413,300.81903,397.2462,164.62125,296.41315,391.3912,166.9257,298.8793,394.837,65136000,22360800,91531800
462,2023-05-04,163.27203,297.69983,388.85724,164.50305,299.9905,390.91125,161.81451,295.74057,387.52307,162.38571,298.50885,390.58493,81235400,22519900,94901900
463,2023-05-05,170.93388,302.80756,396.05597,171.65279,304.09424,397.10217,168.16655,296.58862,392.22626,168.38321,298.002,392.48538,113453200,28197100,87891800
464,2023-05-08,170.86496,300.85803,396.16156,171.20966,302.36893,396.64148,169.49608,298.36267,394.76022,169.86044,302.3007,396.38232,55962800,21318600,50046800
465,2023-05-09,169.16124,299.2497,394.42422,170.90434,302.21295,395.53763,168.99382,298.57712,394.19388,170.4218,300.22446,394.6162,45326900,21340800,49220100
466,2023-05-10,170.92404,304.42566,396.26712,171.3869,305.09824,397.88925,169.28925,299.9028,392.44696,170.39224,300.82883,397.25574,53724500,30078000,96142900
467,2023-05-11,171.11119,302.28113,395.57608,171.93843,303.26562,395.864,169.55519,298.52835,393.50284,171.20967,302.2714,395.40332,49514700,31680200,70157100
468,2023-05-12,170.18416,301.16992,395.05777,171.65355,302.8075,397.02545,168.63586,298.85977,392.639,171.21964,302.71002,396.81427,45533100,19774700,70481500
469,2023-05-15,169.69106,301.64758,396.42072,170.81529,302.07648,396.82382,169.09935,299.8248,393.75238,170.76598,301.2967,395.66245,37266700,16336500,54289400
470,2023-05-16,169.69106,303.87006,393.77164,170.74626,305.7903,396.2384,169.42479,302.00827,393.76202,169.61215,302.00827,395.31696,42110300,26730300,57705500
471,2023-05-17,170.3025,306.74207,398.55157,170.53918,307.1621,399.15625,168.06389,303.5574,394.14594,169.33606,305.0716,395.78726,57951600,24315000,87287000
472,2023-05-18,172.62988,311.15762,402.3909,172.81726,311.66562,402.81323,170.19403,306.4686,398.01407,170.60822,307.25986,398.2348,65496700,27276000,97177200
473,2023-05-19,172.73837,310.98175,401.8054,173.95137,311.38226,403.82104,172.52141,309.05728,400.58643,173.95137,309.41873,403.29315,55809500,27546700,103793300
474,2023-05-22,171.7916,313.75613,401.9685,172.29456,315.13354,403.50424,171.05197,310.65942,400.58633,171.57463,311.23578,401.82452,43570900,24115700,60745400
475,2023-05-23,169.18811,307.973,397.45734,170.98296,315.26056,401.90137,168.91199,307.96323,397.0638,170.7364,312.63272,400.32724,50747300,30797200,86383500
476,2023-05-24,169.46426,306.59558,394.57782,170.03624,309.18433,396.23834,168.16252,305.38422,393.41644,168.72464,307.45523,395.8544,45143500,23384900,89213700
477,2023-05-25,170.59834,318.38657,397.99478,171.49574,319.3439,399.44415,169.31631,312.6034,395.84476,170.02637,315.7685,398.08118,56058300,43301700,90961600
478,2023-05-26,173.00461,325.19543,403.1491,173.33992,325.69363,403.869,170.71669,316.39368,398.5707,170.9238,316.53043,398.6475,54835000,36630600,93830000
479,2023-05-30,174.84879,323.55426,403.30273,176.51543,327.97955,405.60632,174.12888,322.88022,401.92056,174.51349,327.48135,405.07843,55964400,29503100,72216000
480,2023-05-31,174.79945,320.79947,401.06628,176.87042,328.17496,402.38126,174.31622,319.76395,399.50174,174.87836,324.6093,401.479,99625300,45950600,110811800
481,2023-06-01,177.6002,324.8926,404.87686,177.62979,325.82065,405.93268,174.48389,317.2143,400.0489,175.24324,318.39633,401.29666,68901800,26773900,88865000
482,2023-06-02,178.4483,327.64737,410.73187,179.26683,329.69882,411.51892,176.78166,324.86325,406.92133,178.5272,326.52396,407.44922,61996900,25873800,91426200
483,2023-06-05,177.09723,328.17496,409.94485,182.39297,330.7344,412.36362,175.5785,326.92453,409.24417,180.10507,327.4716,411.07745,121946500,21307100,65460200
484,2023-06-06,176.73236,325.96716,410.83743,177.62976,327.6181,411.36533,174.97696,324.4921,408.87936,177.48184,327.579,409.53207,64848400,20396200,64022200
485,2023-06-07,175.36154,315.90524,409.4169,178.70467,326.75842,412.3636,174.86845,315.0456,408.99457,175.97296,323.98407,411.231,61944600,40717100,85373300
486,2023-06-08,178.07356,317.74182,411.8932,178.33981,319.08994,412.3443,175.00656,315.87598,408.71616,175.44046,316.45233,409.484,50214900,23277700,61952800
487,2023-06-09,178.45818,319.23642,412.6323,179.7106,322.36243,414.63834,178.13274,316.91144,411.64368,178.9907,317.478,412.68988,48900000,22529000,85742800
488,2023-06-12,181.24904,324.17957,416.3756,181.34766,324.4238,416.45242,178.46803,317.6442,412.89145,178.76389,320.98514,413.61133,54274900,24260300,76104300
489,2023-06-13,180.77567,326.5631,419.12076,181.60405,329.19095,419.76382,179.9177,322.75327,417.1723,180.27272,326.73895,417.8346,54929100,22951300,95899700
490,2023-06-14,181.40685,329.54257,419.6198,181.84076,331.20328,421.42432,179.50354,325.11728,416.174,180.83487,326.6119,419.45667,57462900,26003800,100612100
491,2023-06-15,183.43834,340.05386,424.8222,183.9413,341.75363,426.06998,181.23918,329.40582,418.70807,181.41669,329.67935,418.80402,65433200,38899100,110303100
492,2023-06-16,182.36337,334.4173,423.3751,184.40475,343.34604,427.3732,181.72237,334.0461,422.90305,184.14835,343.19952,426.80478,101256200,46552000,114165800
493,2023-06-20,182.45218,330.2361,421.1786,183.52711,334.17297,422.32504,181.86049,328.09674,419.1073,181.86049,331.467,421.43872,49799100,26375400,76160400
494,2023-06-21,181.41669,325.84988,419.02057,182.84663,329.92352,420.9955,180.06561,324.39435,418.4329,182.34367,328.59494,420.19592,49515700,25117800,76982300
495,2023-06-22,184.41464,331.85773,420.53317,184.46396,332.25824,420.63913,181.13068,325.63498,417.72968,181.19972,326.39694,418.06686,51245300,23556800,70637200
496,2023-06-23,184.09906,327.27615,417.35385,184.9669,330.1482,419.13614,182.45215,325.74246,416.64096,182.9847,326.6314,417.0841,53117000,23146900,92074500
497,2023-06-26,182.70854,321.00464,415.6487,185.4501,328.34103,418.70267,182.66908,320.89716,415.40787,184.24698,326.0063,416.78552,48088700,21520600,72823600
498,2023-06-27,185.46,326.8366,420.20557,185.78545,328.38007,420.8221,183.10304,321.68842,416.07257,183.32,324.18924,416.5254,50730800,24354100,72813700
499,2023-06-28,186.63354,328.08704,420.41763,187.27455,330.16782,421.4292,185.00636,326.09418,418.5101,185.33179,326.92453,419.12665,51216800,20259500,75636000
500,2023-06-29,186.96884,327.3055,422.07455,187.44221,328.341,422.23834,186.32784,324.9317,419.59863,186.4659,326.9734,420.00327,46347300,16997000,67882300
501,2023-06-30,191.2883,332.66858,427.0553,191.79124,334.80795,428.03796,188.61575,329.4058,424.96472,188.98065,329.94305,425.28265,85213200,26832800,104964000
502,2023-07-03,189.79915,330.1775,427.54666,191.19951,333.02023,427.82602,189.10881,328.79034,426.4291,191.10089,331.34976,426.7085,31458200,12508700,32793400
503,2023-07-05,188.68481,330.3338,426.9108,190.312,333.7529,427.64297,187.98462,326.99286,425.7258,188.92151,327.34454,425.73544,46920300,18172400,58418400
504,2023-07-06,189.15817,333.3817,423.56784,189.36528,335.06195,423.99173,186.58426,327.7451,421.063,187.21541,329.50348,423.33664,45094300,28161200,80658300
505,2023-07-07,188.0438,329.42535,422.49844,190.00629,333.88974,426.43878,187.6099,329.21045,422.2576,188.76372,331.4768,422.57553,46815000,21214800,86134200
506,2023-07-10,186.00238,324.15994,423.56784,187.36331,327.48138,423.74124,184.45409,320.01794,421.5736,186.64339,326.86594,422.142,59922200,32791400,62443500
507,2023-07-11,185.47972,324.7851,426.2653,186.68286,325.16608,426.75662,184.02019,319.44153,423.35583,186.54478,323.40768,424.3289,46638100,26698200,64463800
508,2023-07-12,187.14636,329.4058,429.69498,189.04967,333.75293,431.10156,185.86433,327.91116,428.6256,187.0576,328.81964,430.05145,60750200,29995300,91924500
509,2023-07-13,187.9057,334.73962,433.10547,188.54672,335.79465,433.89548,187.15622,331.18375,431.07272,187.86626,331.71127,431.50623,41342300,20567200,72425200
510,2023-07-14,188.05363,337.25998,432.83572,188.53685,343.30692,434.83957,187.00829,336.35147,432.07465,187.59999,339.55566,433.99182,41616200,28352700,69815800
511,2023-07-17,191.30801,337.7387,434.3386,191.63345,338.96957,435.3887,189.15814,334.2903,432.643,189.2469,337.68985,432.6912,50520200,20363900,52680200
512,2023-07-18,191.0516,351.18054,437.56604,191.64331,358.30203,438.2115,189.75972,334.2609,433.57755,190.67686,337.83627,434.0111,48288200,64738600,80668200
513,2023-07-19,192.40266,346.8726,438.5391,195.48938,354.082,439.72406,189.98653,344.29364,437.48895,190.43031,353.38843,438.35605,80507300,39732900,65891700
514,2023-07-20,190.4599,338.8523,435.62958,193.75372,349.69574,438.44272,189.83861,337.38696,434.9167,192.39279,345.39743,437.54675,59581200,33778400,70591600
515,2023-07-21,189.28635,335.82394,435.62958,192.27446,342.203,437.54675,188.58615,331.975,435.61996,191.41649,341.0796,437.34442,71951700,69405400,71275600
516,2023-07-24,190.08517,337.13297,437.57565,192.21532,338.90115,438.38492,189.59209,334.3977,435.74518,190.73605,337.85587,436.776,45377800,26678100,54023400
517,2023-07-25,190.94312,342.86734,438.77026,191.75179,343.75632,440.02267,190.25279,337.09393,437.25772,190.65714,339.08676,437.3059,37283200,41637700,55191200
518,2023-07-26,191.81099,329.96268,438.83774,192.93523,336.70322,440.26355,190.64731,325.4104,436.7857,190.99246,333.54785,437.8358,47471900,58383700,71052900
519,2023-07-27,190.54865,323.07562,435.9282,194.47362,333.44037,442.6238,189.88791,321.4442,435.02258,193.30994,332.61005,442.21918,47460200,39635300,92194400
520,2023-07-28,193.12259,330.54877,440.19608,193.91153,332.15088,441.0246,191.45595,325.469,435.9282,191.97862,325.95743,439.19412,48291400,28484900,80011800
521,2023-07-31,193.73401,328.1554,441.03424,193.77347,329.89426,441.3907,192.56046,325.65454,439.3579,193.3494,329.1323,440.66815,38824100,25446000,62040400
522,2023-08-01,192.90562,328.56567,439.77222,194.01013,330.71484,440.51404,192.58018,325.98672,438.81842,193.52692,327.44226,439.5699,35175100,18311900,55291500
523,2023-08-02,189.9175,319.93,433.65457,192.48154,325.9183,436.92047,189.19759,318.8163,432.9031,192.34348,325.9183,436.66037,50389300,27761300,93933400
524,2023-08-03,188.52701,319.1094,432.41187,189.71042,322.25497,434.2905,188.05365,318.41583,430.99567,188.9215,318.46466,431.64114,61235200,18253700,64276100
525,2023-08-04,179.4739,320.20355,430.45615,184.78938,327.39343,436.32324,179.40486,319.67603,429.9359,182.95511,324.2088,434.22305,115956800,23741500,100128900
526,2023-08-07,176.37735,322.4797,434.21332,180.59818,323.4566,434.36746,174.89809,319.9496,431.59286,179.612,320.77994,432.28653,97576100,17741500,58357500
527,2023-08-08,177.31418,318.5135,432.32507,177.77768,321.1511,434.2037,175.12486,315.534,428.97244,177.2057,319.40247,431.6796,67823000,22327600,71361300
528,2023-08-09,175.72646,314.78192,429.4349,178.42856,319.5491,432.75864,174.56276,313.62918,428.67383,178.3694,318.92392,432.59485,60378500,22373300,78789600
529,2023-08-10,175.50949,315.46564,429.58905,178.25105,320.67245,435.16714,175.1446,313.75607,428.42334,176.99861,318.48422,431.78558,54686900,20113700,93005500
530,2023-08-11,175.56874,313.59006,429.33856,176.38837,314.9577,430.35016,174.34424,311.83163,427.12277,175.10463,312.8574,427.72006,52036700,24355500,68690900
531,2023-08-14,177.21786,316.55,431.70853,177.44499,316.56952,431.70853,175.09471,312.6815,428.11508,175.74648,313.96124,428.42337,43675600,18836100,47867400
532,2023-08-15,175.23299,314.4204,426.67963,177.23763,317.57578,430.29236,174.838,313.4826,426.1112,176.64513,315.5341,429.93588,43622600,16966300,75707500
533,2023-08-16,174.36401,313.65677,423.54858,176.30939,317.5922,427.9224,174.29488,313.0694,423.4426,174.917,314.04834,426.26535,46964900,20698900,80107200
534,2023-08-17,171.8261,310.21088,420.3212,175.29224,315.09586,425.27304,171.31259,309.55496,419.80096,174.92686,313.79385,425.01294,66062900,21257200,95711300
535,2023-08-18,172.31,309.81937,420.5235,172.91238,311.67938,421.55435,169.81161,304.9931,417.16125,170.14735,307.87122,417.50806,61172200,24755000,98852000
536,2023-08-21,173.64311,315.1057,423.25952,173.9295,315.97696,424.00134,171.56935,310.36758,419.38666,172.88274,311.23883,421.53503,46311900,24040000,68719000
537,2023-08-22,175.01573,315.67346,422.1131,175.46011,319.2173,425.0322,174.04797,314.69452,421.55435,174.84785,318.64948,425.0322,42038900,16084600,64994200
538,2023-08-23,178.85713,320.11792,426.81448,179.28177,322.27164,427.43106,176.10199,316.6524,423.02832,176.28963,317.00485,423.17285,52722800,21166400,68441000
539,2023-08-24,174.17638,313.2358,420.89923,178.8374,325.97202,428.92432,173.81099,313.226,420.8703,178.41277,325.84473,428.41373,54945800,23281400,88517300
540,2023-08-25,176.37852,316.1825,423.86652,176.91177,318.5124,425.14783,173.62338,312.09045,419.07843,175.1639,314.70425,422.62372,51449600,21684100,102325100
541,2023-08-28,177.93877,316.8874,426.55438,178.33376,319.2858,427.17093,176.31926,314.94904,423.8665,177.84001,318.80612,426.0534,43820700,14808500,61595400
542,2023-08-29,181.81969,321.4982,432.72015,182.58994,322.0562,432.99954,177.25742,315.10562,426.26538,177.45491,315.10562,426.44843,53003900,19284600,83081900
543,2023-08-30,185.30556,321.8702,434.5024,185.50307,322.86874,435.13824,182.43193,319.57947,432.35403,182.62943,321.75275,433.0573,60813900,15222100,69053900
544,2023-08-31,185.52283,320.8619,433.86658,186.75722,323.94562,436.2558,185.1377,319.90253,433.68353,185.49321,322.2716,435.119,60794500,26411000,66084600
545,2023-09-01,187.09294,321.74298,434.6758,187.54718,325.0029,437.06506,185.92767,319.90256,433.22107,187.12256,324.3372,436.58334,45766500,14942000,58944100
546,2023-09-05,187.32996,326.53003,432.79715,187.60646,327.80267,434.55054,185.26607,321.74295,432.72974,185.9277,322.0758,434.23264,45280000,18553900,55166200
547,2023-09-06,180.62479,325.87418,429.88776,186.49057,327.4209,432.09393,179.20277,323.231,427.56595,186.04619,326.36365,431.98795,81755800,17535800,70758500
548,2023-09-07,175.34163,322.96667,428.56787,175.98352,326.06995,429.24222,171.37186,322.1052,426.54474,172.99136,324.31763,426.89154,112488800,18381000,70355400
549,2023-09-08,175.95389,327.23486,429.21332,177.98816,329.0851,430.74512,175.56876,322.5261,428.25955,176.12178,323.14285,428.61603,65551300,19530100,61659700
550,2023-09-11,177.11911,330.82767,432.03616,178.04736,331.29758,432.34442,175.12434,328.37048,430.12863,177.82025,330.1424,431.83383,58953100,16583300,60180100
551,2023-09-12,174.09738,324.78748,429.6661,177.87953,329.70184,432.11316,172.63588,324.5036,429.0881,177.24753,328.75226,430.591,90370200,17565500,67565400
552,2023-09-13,172.03348,328.98724,430.1671,175.08487,329.76062,431.32318,171.80634,324.20016,428.78943,174.30473,324.33722,429.88773,84267900,16544400,60199300
553,2023-09-14,173.54439,331.57166,433.87616,173.89989,333.68616,434.5698,171.41138,329.48648,431.3328,171.82613,332.01218,432.6334,60895800,20267000,83430800
554,2023-09-15,172.82349,323.2701,428.64874,174.29488,330.29898,432.62228,171.64836,322.7121,428.2137,174.27512,329.8291,432.29358,109259500,37679800,111848900
555,2023-09-18,175.74652,322.13452,428.9001,177.13892,323.44632,430.1956,173.96901,319.49133,427.8656,174.27513,320.90103,428.33932,67257600,16834200,55752200
556,2023-09-19,176.83275,321.73315,428.01062,177.38574,322.4576,428.57138,174.91698,317.6803,425.3326,175.30211,319.30536,427.98163,51826900,16505900,66514600
557,2023-09-20,173.29749,314.01898,424.07578,177.45488,322.65335,429.6832,173.2086,313.76447,423.87274,177.02037,322.57504,429.26746,58436200,21436500,82562600
558,2023-09-21,171.75696,312.80515,417.06647,174.09735,318.50266,421.4944,171.68784,308.37048,416.91177,172.36922,312.54083,421.23337,63149100,35560400,104095800
559,2023-09-22,172.60623,310.33813,416.12872,174.86763,314.6847,419.68652,171.87549,309.49622,415.71298,172.48773,314.55743,418.0913,56725400,21447900,100829700
560,2023-09-25,173.8801,310.85696,417.8786,174.75897,310.98422,417.91727,171.9742,308.37042,414.48514,172.02357,309.92694,414.9202,46172700,17836000,70874500
561,2023-09-26,169.8116,305.57065,411.73947,173.01111,309.23193,415.54865,169.51535,303.49524,410.90802,172.63586,308.4977,414.8429,64588900,26297600,96168400
562,2023-09-27,168.30069,306.20697,411.90378,170.87808,307.68518,413.47,166.93794,303.1722,408.26865,170.46333,305.72726,412.90924,66921800,19410100,104705800
563,2023-09-28,168.55745,307.03912,414.29175,169.8807,308.8404,415.96432,165.5258,302.93732,410.76294,167.2243,304.4449,411.35272,56294400,19683600,92258300
564,2023-09-29,169.07097,309.10468,413.2863,170.90773,312.7464,417.51117,168.21182,308.3509,411.7684,169.87085,311.0626,417.33716,51861100,24147300,115111300
565,2023-10-02,171.57925,315.0273,413.12195,172.12239,315.11545,414.3691,168.79448,308.54663,410.36658,169.08086,309.6235,412.45486,52164500,20570000,83798600
566,2023-10-03,170.2461,306.79434,407.59186,171.46074,314.62598,413.17993,168.68585,304.6602,406.22867,170.10785,314.07773,410.94666,49594600,21033500,103760600
567,2023-10-04,171.49036,312.24707,410.55994,172.0335,313.30435,411.30435,168.83397,307.39148,406.59607,168.95245,307.42084,408.05594,53020300,20720100,87453000
568,2023-10-05,172.72475,312.6387,410.4052,173.258,313.24567,411.2463,170.5226,308.27258,407.1858,171.61873,312.3744,410.26984,48527900,16965600,70142700
569,2023-10-06,175.27252,320.37247,415.2779,175.76628,322.26184,416.8151,171.01636,309.6431,406.63474,171.62862,309.88785,407.95923,57266700,25673600,113273300
570,2023-10-09,176.75377,322.87857,417.9366,176.81302,323.34845,418.50702,173.60362,316.3783,412.83194,174.601,317.91525,413.383,42390800,19891200,80374400
571,2023-10-10,176.16127,321.47864,420.11194,177.47466,324.1316,422.70294,175.72676,320.7738,418.16867,175.8749,323.99454,418.56506,43698000,20557100,78607300
572,2023-10-11,177.55365,325.42386,421.83282,177.60303,325.81543,422.08417,175.38113,322.2129,418.79706,175.97363,324.2393,421.1754,47551100,20063200,62451700
573,2023-10-12,178.45226,324.19037,419.2611,180.06187,326.6084,422.8189,176.8031,321.80173,416.9118,177.82025,323.6128,422.44186,56743100,19313100,81154200
574,2023-10-13,176.61551,320.83255,417.17285,179.65701,326.80414,421.9585,175.91437,319.49136,415.60666,179.1534,325.38467,420.75967,51427100,21072400,95143100
575,2023-10-16,176.4871,325.63916,421.56207,176.8426,329.0655,422.62555,174.30472,323.6421,419.17407,174.54172,324.0826,419.41577,52517000,22158000,75433200
576,2023-10-17,174.93675,325.07144,421.54276,176.19089,326.442,423.59238,172.61612,320.51932,418.0913,174.443,322.6534,418.43933,57549400,18338500,75324700
577,2023-10-18,173.64311,323.16245,415.92566,175.36137,328.52713,420.73065,172.92224,321.39053,414.84286,173.38637,325.49237,419.77353,54764400,23153600,93559800
578,2023-10-19,173.26788,324.347,412.27118,175.61813,329.78998,418.44904,173.00125,323.94562,411.59445,173.84062,325.15952,416.6411,59302900,25052100,121323000
579,2023-10-20,170.72008,319.79483,407.2052,173.22833,324.93433,412.37756,170.48308,318.6005,407.09885,173.1197,324.73853,411.83615,64244000,25027700,123919900
580,2023-10-23,170.83858,322.38907,406.49936,171.83595,325.7273,410.3569,167.80693,317.56284,403.92767,168.77469,318.6201,405.67758,55980100,24374700,92035100
581,2023-10-24,171.2731,323.57367,409.56418,171.50023,324.8561,410.71466,169.30795,320.70535,406.7701,170.88797,324.32745,408.6167,43816600,31153600,78564200
582,2023-10-25,168.96233,333.5002,403.68594,170.89783,338.91382,407.91086,168.51793,330.51437,403.17355,169.73257,337.75864,407.88187,57157000,55053800,94223200
583,2023-10-26,164.80492,320.98917,398.85205,169.23883,334.43997,403.47333,163.60016,320.05914,397.93362,168.24144,333.37292,402.6226,70625300,37828500,115156800
584,2023-10-27,166.11832,322.86877,397.0441,166.84908,329.63336,400.83395,164.74568,321.48843,395.6229,164.82469,323.4757,400.43756,58499100,29856500,107367700
585,2023-10-30,168.16245,330.2109,401.79108,169.03145,332.30588,402.84488,166.7602,324.84622,398.533,166.90833,326.393,399.8285,51131000,22828100,86562700
586,2023-10-31,168.63646,330.99402,404.31445,168.76483,331.8653,404.63348,165.8023,327.64603,400.4569,167.2342,331.71848,402.3615,44846000,20265300,79665200
587,2023-11-01,171.79646,338.78653,408.62634,172.0532,340.10812,409.43845,167.99455,332.50165,404.74948,168.86357,332.6387,405.28122,56934900,28158800,98068100
588,2023-11-02,175.3515,340.98926,416.45746,175.55887,341.4885,416.61215,173.26787,337.51395,412.3969,173.32712,339.93198,412.41623,77334800,24348100,94938900
589,2023-11-03,174.443,345.3749,420.25696,174.61089,346.93146,421.80383,171.18423,340.02002,418.63275,172.06311,342.27164,418.75842,79829200,23637700,100167800
590,2023-11-06,176.99075,349.02643,421.22372,177.18825,350.01517,421.66846,174.0085,345.91336,419.28046,174.17638,346.01126,421.01102,63841300,23828300,67831700
591,2023-11-07,179.5484,352.94226,422.42255,180.16064,354.83163,423.06064,176.73401,350.1033,420.08292,176.94138,351.83603,421.22372,70530000,25833900,64256100
592,2023-11-08,180.60503,355.55603,422.7319,181.15802,356.2119,423.544,179.32126,352.9618,420.4309,180.07178,354.068,423.02194,49340300,26767800,61746000
593,2023-11-09,180.13101,353.09885,419.43515,181.81964,357.11255,423.91144,179.5385,352.7758,419.00977,180.67415,354.67496,423.87274,53763500,24847300,83174400
594,2023-11-10,184.31366,361.88992,425.98035,184.48177,362.31085,426.28973,181.47578,353.47092,419.42548,181.91086,353.88205,421.5041,66133400,28042100,89462200
595,2023-11-13,182.73161,358.96277,425.57428,183.94785,360.71512,426.67642,182.14822,358.1992,423.86307,183.7402,360.47037,424.64615,43627500,19986500,52236100
596,2023-11-14,185.34204,362.47723,433.83075,186.00455,364.1219,435.11658,184.2148,359.6187,431.27838,185.59912,363.2017,431.50076,60108400,27683900,97176900
597,2023-11-15,185.90562,362.62442,434.74924,187.37895,366.01846,436.3928,185.6782,360.1132,433.89844,185.74742,364.20374,435.16495,53790500,26860100,77327600
598,2023-11-16,187.58664,369.00052,435.2809,188.82265,369.1771,435.59995,186.5385,363.12466,433.24097,187.44821,363.8898,434.30444,54412900,27182300,66665800
599,2023-11-17,187.56686,362.80093,435.8224,188.24915,367.23477,436.4315,186.45941,360.00525,434.3722,188.12059,366.48926,435.29062,50922700,40157000,83133200
600,2023-11-20,189.30714,370.24625,439.17715,189.76201,371.649,440.01825,187.75473,363.929,435.5613,187.7646,364.1448,435.57098,46505100,52465100,69936200
601,2023-11-21,188.50624,365.9596,438.21997,189.37639,369.04956,439.05142,187.61632,364.04675,436.95346,189.26762,368.51004,438.13297,38134500,28423100,49244600
602,2023-11-22,189.16872,370.6485,439.9119,190.77058,372.5515,441.22675,188.69409,367.8234,438.81943,189.34671,370.79562,439.87323,39617700,23345300,59394900
603,2023-11-24,187.84372,370.23645,440.18256,188.7633,370.76617,440.37592,187.13177,367.9901,439.6315,188.73364,370.13834,439.9602,24048300,10176600,29737400
604,2023-11-27,187.66573,371.39398,439.3899,188.53587,373.3853,440.36633,186.78569,369.02994,439.00314,187.79428,369.59888,439.55423,40552600,22179200,50506000
605,2023-11-28,188.26892,375.40604,439.8249,188.94131,375.70032,441.1204,187.28012,370.95255,438.44238,187.65587,371.13895,439.0031,38415400,20453100,62115000
606,2023-11-29,187.25043,371.6294,439.51547,189.93999,376.9755,443.1023,186.8549,370.24628,439.1191,188.7633,376.44583,441.97113,43014200,28963400,63146000
607,2023-11-30,187.82393,371.6883,441.24606,188.1898,372.8458,441.59412,186.08363,368.31384,438.28766,187.71516,371.27628,440.35663,48794400,30554400,79752700
608,2023-12-01,189.09953,367.3722,443.85645,189.41594,370.9526,444.38818,187.11201,364.23315,440.04727,188.19972,369.5793,440.637,45704800,33040500,89183400
609,2023-12-04,187.30975,362.1045,441.5265,187.92282,362.47723,443.8758,185.35191,355.9834,439.25452,187.8536,362.06525,440.4727,43389500,32063300,72430900
610,2023-12-05,191.25511,365.42004,441.43945,192.22414,365.96936,442.39658,188.05138,358.65155,439.76688,188.08105,359.46576,440.14395,66628400,23065000,69793500
611,2023-12-06,190.16743,361.77094,439.66052,192.58011,367.0484,443.60504,189.95978,361.01562,439.22546,192.27359,366.42062,443.57605,41089700,21182100,69124700
612,2023-12-07,192.09558,363.88,443.01538,192.81741,364.37048,443.66312,191.42319,359.33826,441.1398,191.46274,361.21185,441.7392,47477700,23118900,66995400
613,2023-12-08,193.51949,367.0975,444.91992,193.79636,367.3231,445.45166,191.5023,361.21185,442.02917,192.02638,362.16336,442.27087,53406400,20154400,83194400
614,2023-12-11,191.0178,364.2233,446.65042,191.32436,364.5176,446.82446,189.27751,359.12244,444.2141,190.9486,361.45706,444.4268,60943700,27708800,65002200
615,2023-12-12,192.53067,367.24463,448.69043,192.54056,367.28387,448.7871,189.57413,363.39932,445.30664,190.91891,363.78192,446.30243,52696900,24838300,68327600
616,2023-12-13,195.7443,367.23477,454.87796,195.78384,370.44247,455.12933,192.6691,363.70337,448.70978,192.9064,368.85333,449.0675,70404200,30955500,93278000
617,2023-12-14,195.89264,358.9557,456.3378,197.38573,366.63647,458.0007,193.96446,357.19,453.66943,195.80365,366.19504,456.81152,66831600,43277500,119026000
618,2023-12-15,195.35867,363.66418,455.58636,196.17937,365.30234,456.91626,194.79504,359.29898,453.742,195.3191,359.85812,455.74167,128538400,78502300,141553700
619,2023-12-18,193.69745,365.54758,458.14914,194.42917,365.8909,459.12958,192.21423,361.65323,456.13007,193.8952,362.40857,457.18814,55751900,21802900,70375300
620,2023-12-19,194.73572,366.14597,460.9351,194.7456,366.14597,461.01276,193.69746,362.79114,458.61508,193.96445,364.40967,458.69275,40714100,20603700,55761800
621,2023-12-20,192.64932,363.5563,454.54782,195.4674,368.8632,461.96408,192.64932,363.46802,454.1207,194.69615,367.85284,460.0809,52242800,26316700,102921000
622,2023-12-21,192.50099,366.42065,458.8578,194.87415,367.27408,459.12958,191.33421,362.98737,455.1108,193.9051,365.45932,457.5279,46482500,17708000,86667500
623,2023-12-22,191.4331,367.44077,459.77994,193.22284,368.02933,461.4593,190.81015,365.6064,457.88705,192.9954,366.55792,459.9838,37149600,17107500,67160400
624,2023-12-26,190.88927,367.5193,461.72134,191.71986,369.75583,462.6241,190.67172,366.38138,460.10995,191.443,367.8528,460.18762,28919300,12673100,55387000
625,2023-12-27,190.9881,366.9405,462.55618,191.33418,367.91162,462.70178,188.95116,365.7045,460.9836,190.3355,366.56772,461.51752,48087700,14905400,68000300
626,2023-12-28,191.41331,368.12744,462.73087,192.48123,369.28494,463.56567,191.0079,367.02878,462.31348,191.96704,368.21573,462.9153,34049900,14327000,77158100
627,2023-12-29,190.37506,368.87296,461.3913,192.22412,369.97162,463.06094,189.58401,366.36176,459.44016,191.72972,368.8337,462.53674,42672100,18730800,122283100
628,2024-01-02,183.56218,363.8015,458.80917,186.33084,368.73566,459.79932,181.83177,359.77966,456.71243,185.05527,366.73453,458.33353,82488700,25258600,123623700
629,2024-01-03,182.18776,363.5367,455.0623,183.79951,366.14603,457.392,181.37692,361.48654,454.46045,182.1581,361.97702,456.65424,58414500,23083500,103585900
630,2024-01-04,179.87393,360.92734,453.59644,181.04071,365.98898,457.16867,178.85547,360.17203,453.37317,180.11124,363.60532,454.58655,71983600,20901500,84232200
631,2024-01-05,179.1521,360.74097,454.21777,180.71442,364.9688,456.66397,178.15341,359.5148,452.7714,179.95305,361.9377,453.80035,62379700,21004600,86118900
632,2024-01-08,183.48305,367.54868,460.70215,183.52261,368.04895,460.84775,179.46849,361.97693,454.5866,180.05188,362.26138,454.7128,59144500,23134000,74879100
633,2024-01-09,183.06776,368.62772,460.00317,183.07765,368.82388,461.0224,180.68474,364.1154,457.54727,181.86142,364.91977,458.05203,42841800,20830000,65931400
634,2024-01-10,184.10603,375.47467,462.6047,184.31367,376.84802,463.46866,181.86143,369.1476,459.99347,182.28664,369.19666,460.275,46792900,25514200,67310600
635,2024-01-11,183.51276,377.2993,462.40082,184.95642,383.23398,464.119,181.5648,373.13028,458.4306,184.45212,378.64316,463.6045,49128400,27850800,77940700
636,2024-01-12,183.83904,381.06604,462.72113,184.64986,381.27203,464.58493,183.1172,377.31885,461.3136,183.97746,378.14282,463.84717,40477800,21661200,58026400
637,2024-01-16,181.57472,382.83176,461.02243,182.19766,386.5201,462.65323,178.90492,380.23227,459.20718,180.12117,386.15717,461.34277,65603000,27202300,85014900
638,2024-01-17,180.63528,382.047,458.45978,180.88249,382.67477,458.94513,178.28194,377.4758,456.11063,179.24107,380.58542,458.00354,47317400,22234100,68843900
639,2024-01-18,186.5187,386.36313,462.53677,187.023,386.48083,463.0901,183.75005,382.6846,458.58597,184.00713,384.25412,460.12943,78005800,23392100,91856200
640,2024-01-19,189.41594,391.07166,468.3028,189.80157,391.07166,468.58432,186.70662,386.00018,462.5853,187.2109,388.2171,463.66278,68903000,29331100,110834500
641,2024-01-22,191.71985,388.95288,469.293,193.14374,392.98453,471.01117,190.1081,386.08853,468.6426,190.14764,392.39597,469.8366,60133900,27016900,75844900
642,2024-01-23,192.99539,391.29724,470.66165,193.55902,391.7681,470.90433,191.6605,386.42197,468.74936,192.83719,388.20728,469.83658,42355600,20525900,49945300
643,2024-01-24,192.32304,394.88754,471.17618,194.182,397.89905,474.45718,192.16483,392.81778,470.6811,193.23274,393.887,473.5253,53631300,24867000,81765000
644,2024-01-25,191.9967,397.15353,473.73886,194.07321,399.25275,474.01065,190.94858,394.85812,471.17618,193.03496,396.614,473.30203,54822100,21021200,72525000
645,2024-01-26,190.26631,396.23138,473.137,192.58012,398.4287,474.7969,189.79169,394.75998,472.29248,192.09561,396.663,473.3117,44594000,17803300,76641600
646,2024-01-29,189.58403,401.91107,476.8839,190.04877,402.16614,477.02954,187.4581,396.62378,472.904,189.8609,398.32083,473.4476,47145600,24510200,61322800
647,2024-01-30,185.9353,400.8026,476.5151,189.65323,405.1776,477.22372,185.37169,398.7034,475.7579,188.80286,404.40268,476.19476,55859400,33477600,58618400
648,2024-01-31,182.33607,390.00247,468.73965,185.00586,407.4044,474.7581,182.28665,389.63953,468.7202,184.94653,399.2037,474.31155,55467800,47871100,126011100
649,2024-02-01,184.76854,396.08426,474.8746,184.85753,400.22382,474.90372,181.76257,394.142,469.63272,181.93066,394.17142,470.43842,64885400,30657700,91891600
650,2024-02-02,183.76985,403.38248,479.87378,185.23328,404.78522,481.524,177.24371,395.86847,474.97165,177.8469,396.1137,475.3114,102551700,28256700,99228200
651,2024-02-05,185.57936,397.9186,478.12646,187.13179,403.3236,479.9029,183.75996,396.29025,475.87442,186.0441,402.08762,479.2428,69668800,25352300,75757100
652,2024-02-06,187.18121,397.76166,479.5146,187.1911,400.1944,479.84464,184.67953,395.23083,477.64108,184.76852,398.14423,479.06802,43490800,18382600,55918600
653,2024-02-07,187.28998,406.1585,483.51395,188.91162,406.40375,483.93134,186.49893,399.63525,480.85416,188.50621,399.6745,481.75696,53439000,22340500,70556500
654,2024-02-08,186.21222,406.21732,483.7275,187.41855,407.63968,484.10608,185.25308,404.66745,482.69855,187.27023,406.15845,483.51395,40962000,21225300,52343600
655,2024-02-09,186.97456,412.5346,486.52322,188.10324,412.79947,486.96002,186.133,407.17868,483.89255,186.77654,407.33563,484.23233,45155200,22032800,63979400
656,2024-02-12,185.29141,407.3455,486.30957,186.79633,412.72104,488.75577,184.93498,406.8452,485.59122,186.5488,412.54446,486.49402,41781900,21202900,56502300
657,2024-02-13,183.20238,398.5759,479.61166,184.36078,402.25443,482.53354,181.68758,395.70175,476.35007,183.92514,397.2222,480.0485,56529500,27824900,113099200
658,2024-02-14,182.3212,402.42825,483.97018,183.6875,402.77222,484.45554,180.62819,397.5931,479.92227,183.4796,401.03275,482.2423,54630500,20401200,68387800
659,2024-02-15,182.03407,399.5488,487.3095,182.65782,402.0745,487.49396,179.54901,397.31796,484.19348,181.72716,401.10156,484.66916,65434500,21825500,61683000
660,2024-02-16,180.49953,397.0919,484.88266,183.01431,401.24896,488.14426,179.86589,396.48257,484.1449,181.59851,400.92462,487.00854,49752500,22296500,75532900
661,2024-02-20,179.75693,395.84384,482.2132,180.61829,397.5145,483.81488,178.21242,391.14627,479.97086,179.98463,396.28607,483.14508,53665600,24307900,71736700
662,2024-02-21,180.5094,395.24432,482.65002,181.07373,395.35245,482.80533,178.86588,390.36987,479.1069,180.13316,393.269,480.91248,41371400,18518900,59293400
663,2024-02-22,182.53903,404.55103,492.63873,183.12318,405.71066,493.59973,180.64801,401.52414,488.28992,181.65787,403.1162,489.25095,52292200,27009900,76402500
664,2024-02-23,180.70741,403.26358,492.97845,183.20238,408.6884,495.19168,180.42029,401.9172,492.25043,183.17267,408.50168,494.35684,45119700,16295900,61321800
665,2024-02-26,179.3609,400.51187,491.17294,180.945,405.0522,493.85214,178.85596,400.33496,491.04675,180.43018,404.36426,493.41528,40867400,16193500,50386700
666,2024-02-27,180.8163,400.45297,492.08536,182.09348,401.27847,492.30862,177.77678,396.88556,489.9692,179.3015,400.95416,491.86212,54318900,14835800,48854500
667,2024-02-28,179.61832,400.68878,491.43503,181.30144,402.24152,492.01743,178.34114,398.33017,490.17307,180.6975,401.14084,490.53223,48953900,13183100,56506600
668,2024-02-29,178.955,406.50665,493.20172,180.75693,407.057,494.8131,177.74712,398.9198,490.5517,179.46985,401.59286,493.19205,136682600,31947300,83924800
669,2024-03-01,177.87582,408.3346,497.83197,178.73718,408.6982,498.2591,175.61847,403.79428,493.6676,177.76692,404.17752,494.07532,73563100,17823400,76844800
670,2024-03-04,173.36108,407.76465,497.29813,175.14319,410.15274,499.14252,172.06409,405.20947,497.00693,174.40065,406.31015,497.03607,81510100,17596000,49799300
671,2024-03-05,168.43054,395.7062,492.32806,170.33147,407.10617,495.745,167.9355,393.7309,490.12454,169.06418,406.82117,495.29846,95132400,26919200,72855600
672,2024-03-06,167.44048,395.15588,494.82278,169.53943,398.17294,497.07486,167.00484,391.5197,493.53174,169.3612,396.02072,495.59933,68587700,22344100,68382400
673,2024-03-07,167.32169,402.0843,499.73462,169.0345,402.71323,500.78302,166.81676,395.30325,494.88104,167.47018,399.11636,498.11353,71765100,18718500,58652100
674,2024-03-08,169.0345,399.21466,496.7351,171.975,403.34225,503.04474,167.26228,397.35724,496.16238,167.32169,400.92465,500.3656,76267000,18002200,86532500
675,2024-03-11,171.03442,397.544,496.30795,172.64824,398.684,496.89038,170.34138,394.34024,493.60938,171.22253,396.79712,495.5314,60139500,16120800,62557200
676,2024-03-12,171.50966,408.1184,501.64694,172.30171,408.4034,502.22934,169.3117,399.77484,495.90027,171.43045,400.5905,498.41443,59825400,22457000,73114400
677,2024-03-13,169.43051,407.94147,500.86066,171.47005,410.96835,502.142,169.06418,404.35443,499.424,171.05423,410.88974,501.9673,52488700,17115900,55104100
678,2024-03-14,171.28192,417.88696,499.8705,172.5789,420.44214,501.98666,170.34135,410.78165,496.83215,171.19283,412.99283,501.83133,72913500,34157300,110171800
679,2024-03-15,170.90573,409.23874,496.43808,170.90573,415.31216,498.25897,168.59886,405.67133,494.773,169.47014,412.05923,496.8081,121752700,45079900,107646300
680,2024-03-18,171.9948,410.12323,499.3885,175.94518,413.47443,501.93967,171.79678,406.64426,498.97952,173.82643,407.10617,500.49857,75604200,20106000,88893300
681,2024-03-19,174.33136,414.14267,502.16376,174.8561,414.3982,502.4461,171.31165,408.3837,497.6943,172.60863,410.6244,498.69727,55215200,19837900,60755300
682,2024-03-20,176.89565,417.8968,506.80844,176.89565,418.61417,506.94476,173.3512,413.40558,501.55032,173.97495,414.72247,502.2222,53423100,17860100,69594600
683,2024-03-21,169.66812,421.9654,508.48315,175.72736,423.3904,510.34296,169.14339,419.79352,508.20074,175.29172,422.41745,509.6419,106181300,21296200,60256100
684,2024-03-22,170.5691,421.3463,507.5192,171.33147,422.447,508.8824,168.37115,418.72238,507.28546,170.05426,422.2898,508.3955,71160100,17648500,79070800
685,2024-03-25,169.15329,415.5677,506.11707,170.23247,420.03925,507.26605,167.76718,414.33923,505.96124,168.87607,417.90665,506.14624,54288300,18060500,48512100
686,2024-03-26,168.02463,414.3785,505.18228,169.71764,418.64365,507.87955,167.89592,414.0837,504.78308,168.31174,418.2702,507.5387,57388400,16725600,65463700
687,2024-03-27,171.58887,414.16235,509.42776,171.87599,417.13028,509.46677,168.42065,411.78412,505.84442,168.71767,417.12045,508.00616,60273300,16705000,82999800
688,2024-03-28,169.77704,413.46457,509.33032,170.51959,414.59473,510.82983,168.81667,411.89215,509.04797,170.04436,413.7004,509.46664,65672700,21871200,96294900
689,2024-04-01,168.34146,417.2482,508.44427,169.54935,420.51096,510.606,167.79692,414.93872,507.28552,169.48994,416.6389,510.07047,46240500,16316000,62477500
690,2024-04-02,167.16324,414.17212,505.21146,167.65828,415.09592,505.34775,166.5593,410.6342,502.9134,167.40086,412.86505,504.62717,49329500,17912000,74230300
691,2024-04-03,167.9652,413.19925,505.7665,168.98497,415.9608,507.26608,166.90582,411.8627,504.07224,167.11374,412.49167,504.1209,47691700,16502300,59155800
692,2024-04-04,167.14346,410.6736,499.59302,170.21266,421.27756,510.1093,167.14346,410.36896,499.29117,168.59885,417.66098,509.76852,53704400,19370900,96858100
693,2024-04-05,167.89592,418.18182,504.81223,168.69788,419.1548,506.76944,167.27217,411.10602,500.50833,167.9058,412.76688,500.94653,42104800,16554800,74546500
694,2024-04-08,166.77711,417.26788,505.09467,167.51967,419.9115,506.51633,166.56921,416.00012,504.2865,167.35136,417.8379,505.51343,37425500,14272400,48401800
695,2024-04-09,167.98503,418.92877,505.67883,168.39096,420.3636,507.07126,166.67815,414.34912,500.83936,167.02466,419.08603,506.82782,42373800,12496900,68049200
696,2024-04-10,166.1138,415.96082,500.61542,167.41078,416.71753,502.6018,165.45045,412.46222,498.63876,167.12367,414.90927,499.99222,49709300,16216600,82652800
697,2024-04-11,173.30167,420.5503,504.39346,173.71751,421.96545,505.83456,166.49,415.07635,498.629,166.66821,418.47668,502.1344,91070300,17966400,70099000
698,2024-04-12,174.7967,414.6242,497.43134,176.58873,417.84763,502.27078,172.47995,412.53094,495.70782,172.52943,416.73712,500.85886,101670900,19253800,92561100
699,2024-04-15,170.97504,406.50665,491.19946,174.87592,419.45935,501.76443,170.78693,406.30026,490.3523,173.61852,419.24313,501.5989,73531800,20273500,92101400
700,2024-04-16,167.69789,407.43048,490.30362,172.03438,411.1846,493.19562,166.5989,406.59515,489.01828,170.04436,407.4207,491.67657,73711200,16765600,73484000
701,2024-04-17,166.33159,404.73776,487.40186,168.95526,411.65637,492.92294,166.33159,403.25378,486.00943,167.9256,410.05447,492.7574,50901200,15855500,75910300
702,2024-04-18,165.38113,397.29825,486.39893,166.96526,404.78687,490.88785,164.89601,396.9838,485.46414,166.36131,403.54858,488.79434,43122900,21029900,74548100
703,2024-04-19,163.3614,392.23712,482.15344,164.7475,398.48746,487.3142,162.45055,390.9104,480.88757,164.55939,397.06244,486.321,68149400,30565800,102212600
704,2024-04-22,164.19305,394.04535,486.59372,165.59895,395.90277,489.18384,163.13368,388.9252,482.4164,163.87624,393.1805,484.75336,48116400,20286900,67961000
705,2024-04-23,165.24252,400.54138,492.36798,165.39104,401.16052,492.79642,163.2822,396.10916,486.40875,163.70793,397.2688,488.59964,49537800,15734500,64633600
706,2024-04-24,167.34149,402.00568,492.13425,167.61871,405.35687,494.04276,164.5594,399.76498,489.91412,164.88611,402.49704,493.25403,48251800,15065300,55928100
707,2024-04-25,168.20282,392.15848,490.26465,168.91566,392.99384,491.02417,166.48009,381.33835,484.42224,167.84639,387.23486,486.06787,50558300,40586500,69122400
708,2024-04-26,167.61868,399.31296,494.90936,169.63841,405.87775,496.48682,167.49986,398.7626,492.4166,168.19293,405.06207,493.04953,44838400,29694700,64306100
709,2024-04-29,171.777,395.3131,496.66208,174.28186,399.31293,497.33395,171.38097,392.30588,493.9259,171.64828,398.26138,496.69128,68169400,19582100,46415400
710,2024-04-30,168.63846,382.61594,488.7943,173.25218,395.2247,496.1752,168.31174,382.4587,488.7943,171.60866,394.56625,495.20145,65934800,28781400,77483600
711,2024-05-01,167.61868,388.12915,487.20718,170.99483,394.79224,494.84125,167.43057,383.57898,486.73978,167.8959,385.83932,488.2101,50383100,23562500,80242800
712,2024-05-02,171.31166,390.97916,491.7642,171.69778,393.0331,492.60162,169.19292,387.84418,486.42813,170.79681,390.80228,490.9073,94214900,17709400,62550200
713,2024-05-03,181.55888,399.64703,497.8598,185.14293,400.12857,499.0867,180.84604,394.92978,495.2015,184.7964,395.34256,497.73322,163224100,17446700,72756700
714,2024-05-06,179.90547,406.4084,503.0011,182.37073,406.79166,503.04004,178.62828,399.36203,499.817,180.53911,401.71082,500.25516,78569700,16996600,47264700
715,2024-05-07,180.5886,402.28085,503.55618,183.06377,407.51895,504.9486,179.51933,402.03516,502.8843,181.62817,407.50912,503.96515,77305800,20018200,52561300
716,2024-05-08,180.92525,403.46014,503.60483,181.25197,405.121,504.14038,179.64806,399.69617,501.60867,181.03415,401.131,501.72552,45057100,11792300,42047200
717,2024-05-09,182.73706,405.20947,506.5065,182.82616,405.60257,506.5455,180.30148,402.045,503.13742,180.74701,403.48965,503.7898,48983000,14689700,43643700
718,2024-05-10,181.47795,407.5877,507.15903,183.50043,408.21667,508.91174,180.56586,404.6984,505.94186,183.31206,405.81876,508.10352,50759500,13402300,52233200
719,2024-05-13,184.68024,406.58536,507.22708,185.4932,411.13553,508.94086,183.03448,403.73538,506.08783,183.84746,410.8014,508.83377,72044800,15440200,36716400
720,2024-05-14,185.82034,409.3763,509.55438,186.68288,410.29025,510.0705,184.69014,404.4527,506.88635,185.89966,404.9146,507.4219,52393600,15109300,57535900
721,2024-05-15,188.09067,416.53387,515.8641,189.01268,417.2526,516.1562,185.76085,410.81378,511.38486,186.29622,411.43402,512.0178,70400000,22239500,59504900
722,2024-05-16,188.20964,414.47617,514.80273,189.45883,418.83765,517.5584,188.03119,413.84607,514.6567,188.83423,415.27362,515.9615,52845200,17530100,50244800
723,2024-05-17,188.23938,413.70825,515.5428,189.17131,416.37634,515.61096,187.5553,411.56198,513.46875,187.88248,416.00223,514.91956,41282900,15352200,59187600
724,2024-05-20,189.39934,418.75888,516.1367,190.27179,420.16675,517.5973,187.38678,413.49164,515.2701,187.70403,413.70825,515.6596,44361300,16272100,37764200
725,2024-05-21,190.6981,422.40164,517.4026,191.07483,426.2708,517.5584,189.28038,418.27646,515.1728,189.44891,420.2258,515.37726,42309400,21453300,33437000
726,2024-05-22,189.26051,423.8587,515.9129,191.16403,425.71948,517.4222,188.63594,420.52118,513.74146,190.61876,423.43536,516.71136,34648500,18073700,48390000
727,2024-05-23,185.27504,420.39322,512.1444,189.35965,426.8911,519.0676,185.02719,418.83768,510.93692,189.33981,426.27084,518.9605,51005900,17211700,57211200
728,2024-05-24,188.34845,423.5043,515.533,188.9433,424.39038,516.34125,186.42511,417.84326,513.0403,187.19843,420.58026,513.98474,36327000,11855300,41291100
729,2024-05-28,188.35837,423.66183,515.89343,191.34251,424.15408,516.5751,187.47601,419.9994,513.26434,189.86531,422.9825,516.3414,52280100,15718000,36269600
730,2024-05-29,188.65578,422.52963,512.2807,190.59895,424.27225,513.4589,187.88248,419.10345,511.5699,187.98163,419.10345,511.87173,53068000,15517100,45190300
731,2024-05-30,189.6472,408.254,508.88248,190.52956,417.735,511.40448,188.99287,407.83063,507.63614,189.12175,417.735,510.74234,49889100,28394500,46377600
732,2024-05-31,190.59894,408.70688,513.5174,190.9162,410.30182,513.644,188.27904,398.2512,504.74405,189.7959,410.30182,509.83673,75158300,47995300,90785800
733,2024-06-03,192.36368,407.1218,513.9361,193.31544,409.9868,515.40643,190.86665,402.593,508.87268,191.24338,409.1007,515.1241,50080500,17484700,46835700
734,2024-06-04,192.68092,409.63235,514.5106,193.6426,409.9966,515.2507,191.37225,403.34122,511.17072,192.96843,406.04868,512.63135,47471400,14348900,34632700
735,2024-06-05,194.18784,417.44943,520.6256,195.20898,417.51834,520.6451,193.19643,409.8587,514.8416,193.72188,411.34534,516.82806,54156800,16988000,47610400
736,2024-06-06,192.80978,417.95154,520.6159,194.81244,418.7293,521.35596,192.50244,414.0725,518.6879,194.0094,417.44946,520.9275,41181800,14861300,30808500
737,2024-06-07,195.19908,417.29196,519.9829,195.24866,419.68436,522.7873,192.4727,416.4551,518.5515,192.97832,419.60562,519.6421,53103900,13621700,43224500
738,2024-06-10,191.46147,421.24976,521.5896,195.60558,421.4565,521.91095,190.4998,417.33136,518.5808,195.20901,418.1288,519.17474,97010200,13982900,35686100
739,2024-06-11,205.37096,425.98535,522.8457,205.38087,426.1232,522.9041,191.96709,418.67032,518.0744,191.9869,418.89676,520.0413,172373300,14551100,36383400
740,2024-06-12,211.24014,434.23566,527.1399,218.3089,436.53946,529.8274,205.12312,426.5465,526.1077,205.58908,428.58447,527.40283,198134300,22366200,63251300
741,2024-06-13,212.40009,434.74762,528.2013,214.88852,436.52963,529.05817,209.78276,432.5718,525.41644,212.8958,434.02893,528.88293,97862700,15960600,44760900
742,2024-06-14,210.66512,435.72232,528.5227,213.3221,436.2835,528.5519,209.48534,429.96283,525.6696,212.01344,431.4987,526.6726,70122700,13582000,40089900
743,2024-06-17,214.8092,441.43253,532.7291,217.06963,443.96277,534.12164,210.89313,433.9009,527.38336,211.53754,435.74197,527.841,93728300,20790000,55839500
744,2024-06-18,212.44968,439.43393,534.0826,216.75241,443.17514,534.20917,211.17076,438.00638,532.3688,215.72134,442.75177,532.7875,79943300,17112500,41376400
745,2024-06-20,207.87926,438.80386,532.6318,212.40012,439.621,535.6698,207.0564,434.44238,530.85956,212.09276,439.39456,535.0077,86172500,19877400,70328200
746,2024-06-21,205.70807,442.82074,531.9177,210.07028,443.60834,533.0314,205.33133,439.60135,530.4622,208.58316,440.4579,531.8103,241805100,34187100,64338600
747,2024-06-24,206.35246,440.74335,530.1886,210.87329,445.74472,534.3013,204.81577,439.50284,530.07135,205.93607,442.84036,531.7419,80727000,15913700,45528700
748,2024-06-25,207.2745,443.97263,532.23035,209.56467,444.43536,532.5918,206.81845,439.8376,529.8956,207.3538,441.3144,531.4097,55549700,16413400,37936200
749,2024-06-26,211.41861,445.1639,532.89453,213.01479,446.58163,533.6076,208.83102,441.25534,530.4719,209.68364,442.0528,531.11664,66213200,16507000,38550600
750,2024-06-27,212.2613,445.84326,533.7346,213.88722,449.1119,534.311,210.52634,444.77997,532.0153,212.84624,445.18362,532.75775,49772700,14806300,35041500
751,2024-06-28,208.81117,440.03455,531.6344,214.21439,448.3341,537.5543,208.49393,439.5029,530.3938,213.91695,446.05984,534.5064,82542700,28362300,76144500
752,2024-07-01,214.88853,449.6632,532.7285,215.642,450.2933,533.256,210.1,438.7645,529.9737,210.26855,441.71808,533.0118,60402900,17662800,40297800
753,2024-07-02,218.37828,452.17377,536.3136,218.48734,452.47897,536.3136,213.25269,446.0992,531.0776,214.29366,446.18787,531.1264,58046200,13979800,40434800
754,2024-07-03,219.64732,453.64066,538.70703,219.64732,453.88678,539.0685,217.14896,450.79538,535.96204,218.11063,451.1006,536.0011,37369800,9932800,32789900
755,2024-07-05,224.39618,460.32562,541.8135,224.50523,461.1034,542.214,219.74646,451.86853,538.3749,219.74646,452.49863,539.0098,60412400,16000300,41488400
756,2024-07-08,225.8635,459.026,542.43866,225.89323,460.46344,543.38617,221.33273,457.27353,541.37384,225.13976,459.3312,542.5949,59085900,12962300,36110500
757,2024-07-09,226.7161,452.42972,542.9661,227.42992,460.09915,544.2947,224.42593,450.91354,542.6731,225.97253,459.7743,543.39594,48076100,17207200,27289700
758,2024-07-10,230.97917,459.03595,548.339,231.07832,459.2427,548.68085,227.2812,451.76028,543.8942,227.33078,454.08377,544.18726,62627700,18196100,38701200
759,2024-07-11,225.61563,447.6646,543.61084,230.39423,457.58862,549.32556,223.83109,444.56332,542.9759,229.40282,455.8165,548.4562,64710600,23111200,53054200
760,2024-07-12,228.5601,446.5324,547.03973,230.64207,449.29892,550.63464,226.71608,443.67728,544.26544,226.95403,447.30035,544.7343,53046500,16324300,53084400
761,2024-07-15,232.38695,446.93607,548.5441,235.19264,450.18503,551.7776,231.0882,444.44522,546.68805,234.44908,446.2863,549.0326,62631300,14429400,40584300
762,2024-07-16,232.80336,442.56476,551.79706,234.2409,447.2708,552.0901,230.33473,439.74902,549.1009,232.98181,447.19205,549.8531,43234300,17175700,36475300
763,2024-07-17,226.91437,436.65756,544.06024,229.47221,437.967,547.54767,224.6936,432.3847,543.73785,227.47946,435.74197,545.8772,57345900,21778000,57119000
764,2024-07-18,222.25473,433.55637,539.8793,228.46098,437.77014,546.5807,220.36115,427.67874,537.70087,228.30235,437.46494,545.594,66034600,20794800,56270400
765,2024-07-19,222.3836,430.34674,536.29407,224.85223,434.31442,541.26636,221.36246,425.31583,535.239,222.88924,426.3988,539.6447,49151500,20940400,65509100
766,2024-07-22,222.03662,436.08655,541.82324,225.8238,437.72086,542.4289,221.17409,432.1189,538.27716,225.06041,434.95435,540.21136,48201800,15808800,43346700
767,2024-07-23,223.07759,437.967,540.9733,224.99103,441.45224,543.8648,220.7676,436.24408,540.48486,222.44308,437.0317,541.7157,39960300,13107100,34439600
768,2024-07-24,216.66316,422.26382,528.7135,222.86942,434.6492,536.4699,215.26529,420.9741,527.7952,222.07628,433.63513,536.16705,61777600,26805800,74515300
769,2024-07-25,215.6222,411.92627,525.9587,218.95334,423.14987,534.79944,212.77682,411.05005,525.02094,217.04982,422.16534,528.8307,51391200,29943800,61158300
770,2024-07-26,216.08817,418.68994,531.8493,217.60503,422.28348,534.5357,214.1549,410.81372,528.9675,216.82181,411.72937,529.73926,41601300,23583800,53763800
771,2024-07-29,216.36574,420.1274,532.1619,217.41663,425.46353,534.3989,213.89711,418.1288,530.16907,215.09673,424.90234,533.3928,36311800,15125800,39515800
772,2024-07-30,216.92093,416.3763,529.4657,218.43779,422.41144,534.68225,214.26393,410.9023,526.0662,217.30757,421.10202,533.6272,41643800,32687600,46853600
773,2024-07-31,220.17276,411.87708,538.072,221.89783,415.254,540.6998,218.73521,405.83206,534.91675,219.53825,413.9938,536.2843,50036300,42891400,65663400
774,2024-08-01,216.48471,410.6562,530.4524,222.55214,420.84604,542.0381,215.15622,406.6984,526.95514,222.44308,414.27927,539.7913,62501000,30296400,76428700
775,2024-08-02,217.97183,402.16956,520.5762,223.66254,408.57883,524.57153,215.8403,398.08377,516.37555,217.26793,406.10767,523.3602,105568600,29437900,82789100
776,2024-08-05,207.47278,389.036,505.4151,211.66644,394.8349,511.47174,194.31674,379.61407,498.4695,197.3802,383.14856,499.80786,119548600,40709200,146267400
777,2024-08-06,205.45029,393.42697,510.0748,208.1866,399.39325,517.499,199.3432,392.33417,505.89374,203.53687,393.81094,507.2125,69660500,24946500,84826300
778,2024-08-07,208.01808,392.26523,506.66547,211.80527,403.73495,519.2965,204.61752,391.3201,506.06958,205.12314,402.31726,516.2486,63516400,20650900,70698300
779,2024-08-08,211.47809,396.45938,518.3783,212.36044,399.58032,519.0035,207.03656,393.75192,509.77203,211.27982,396.21326,511.79413,47161100,20203000,63276600
780,2024-08-09,214.38292,399.73782,520.6641,214.91827,401.73642,522.149,210.14958,396.036,516.3366,210.27847,397.77863,517.5577,42201600,19276700,45619600
781,2024-08-12,215.91147,400.51556,520.9376,217.87674,402.4354,523.3407,213.99583,397.98532,518.67126,214.46234,400.7617,521.8559,38028100,16762900,42542100
782,2024-08-13,219.62364,407.6042,529.50476,220.23903,408.52963,529.73926,217.38045,403.23288,523.878,217.38045,403.25256,524.12225,44155300,19414300,52333100
783,2024-08-14,220.0703,410.41013,531.1753,221.37054,411.25684,532.35736,218.06532,406.0684,527.6292,218.92886,408.382,530.2961,41960600,18267000,42446900
784,2024-08-15,223.04796,415.2627,540.27966,223.67328,415.34158,540.5629,221.10254,411.93887,536.1866,222.92886,414.04953,536.79224,46414000,20752100,60846800
785,2024-08-16,224.36807,412.73776,541.491,225.14227,415.56845,542.18463,221.98592,411.58377,538.5116,222.25392,414.8386,538.66785,44340200,22775600,44430700
786,2024-08-19,224.20926,415.75586,546.6685,224.30852,415.97284,546.6685,221.38046,410.7553,541.0515,224.04053,413.22107,541.90137,40687800,15234000,39121800
787,2024-08-20,224.82465,418.98102,545.77954,225.47974,420.0265,547.87006,223.77254,415.86432,544.4412,224.09016,415.9235,546.2191,30299000,16387600,33732300
788,2024-08-21,224.71545,418.3301,547.65515,226.2837,420.55914,549.11066,223.3755,415.94324,541.90137,224.83456,418.2709,546.8248,34765500,16067300,41514600
789,2024-08-22,222.85939,409.85773,543.35675,226.64104,420.9438,550.1558,222.23407,408.9306,542.14545,226.09512,418.54706,549.5502,43695300,19361900,56121500
790,2024-08-23,225.1522,411.08078,549.1302,226.52194,413.51694,550.068,222.66089,406.44516,544.4021,223.98099,411.2682,546.59033,38677300,18493800,50639400
791,2024-08-26,225.48967,407.826,547.82117,225.58893,411.5641,550.869,222.22415,405.70544,546.1214,225.0728,410.66653,550.1559,30602200,13152800,35788600
792,2024-08-27,226.33334,408.1712,548.57336,227.14725,408.68408,549.0618,223.2167,404.63037,545.4083,224.31845,407.20462,546.5512,35934600,13492900,32693900
793,2024-08-28,224.80481,404.97556,545.38873,228.14973,409.31528,548.6613,224.00082,401.73062,542.2041,226.22417,409.19693,548.23145,38052200,14882700,41066000
794,2024-08-29,228.08023,407.46106,545.43756,231.18695,416.26874,550.6443,227.17702,404.9756,544.2946,228.38794,409.25613,547.35223,51906300,17045200,38715200
795,2024-08-30,227.29613,411.426,550.6445,228.6857,411.77118,551.15247,225.78743,406.48462,544.25574,228.47728,409.90707,547.8018,52990800,24308300,62700100
796,2024-09-03,221.11249,403.83145,539.31256,227.29613,414.12845,547.84064,219.52438,401.45447,536.802,226.84949,412.18542,547.5085,50190600,20313600,60600100
797,2024-09-04,219.20677,403.29886,538.20874,220.12985,405.6068,541.6082,215.86183,398.8309,536.75323,220.01074,400.34982,537.4761,43840200,15135800,47224900
798,2024-09-05,220.72537,402.79584,536.8998,223.80229,407.4413,540.99286,219.87177,400.56677,534.4478,219.98096,402.03638,538.1502,36615400,14195500,44264300
799,2024-09-06,219.17699,396.1975,527.8636,223.5641,405.0249,538.8436,218.1348,395.3098,526.9649,222.28369,403.45667,537.22205,48423000,19609500,68493800
800,2024-09-09,219.26633,400.1624,533.7736,219.62364,403.05228,535.0436,215.09758,396.6413,530.1299,219.177,401.6616,532.0544,67180000,15295100,40445800
801,2024-09-10,218.47226,408.52625,536.0987,219.83206,410.62704,536.45044,215.1174,402.1153,530.81384,217.2911,402.60843,535.67865,51591000,19594300,36394600
802,2024-09-11,221.0033,417.24512,541.5986,221.43008,418.1821,542.51685,216.26878,403.96948,527.473,219.81223,409.80838,536.01086,44587100,19266900,75248600
803,2024-09-12,221.11249,421.15094,546.16046,221.88669,421.51587,546.4633,218.18443,414.00024,539.9573,220.8445,417.51147,542.1748,37455600,17395700,51819600
804,2024-09-13,220.8445,424.6917,549.01306,222.37303,425.9147,550.0095,220.2589,419.632,546.51227,221.91646,419.99692,546.76624,36766600,15874600,39310500
805,2024-09-16,214.71046,425.43143,549.8237,215.60376,427.59143,550.08746,212.32831,422.35416,546.9517,214.92882,424.70157,548.74915,59357400,13834700,36656100
806,2024-09-17,215.17699,429.1893,550.04846,215.28616,435.79755,553.4773,212.90404,426.34875,547.82117,214.14473,434.19974,552.0315,45519300,18874200,49321000
807,2024-09-18,219.04794,424.90875,548.41705,221.05292,430.05725,555.53845,215.92137,424.51425,547.8602,215.9313,429.04135,550.7029,59894900,18898000,59044900
808,2024-09-19,227.16708,432.6808,557.7756,228.11003,435.4523,559.63165,222.95865,430.91528,554.9427,223.31596,435.186,557.80493,66781300,21706600,75315500
809,2024-09-20,226.50206,429.30762,556.81134,231.35568,433.22324,557.85,225.92638,428.272,553.79333,228.2589,431.23093,556.4096,318679900,55167100,77503100
810,2024-09-23,224.78494,427.57172,558.20276,227.74277,430.4813,558.8495,224.12985,424.49445,556.66437,225.64847,428.33115,557.87946,54146000,15128900,44116900
811,2024-09-24,225.67825,423.2912,559.7999,227.64354,427.41394,559.8587,224.05046,420.26324,556.1744,226.94873,427.06873,558.9964,43556100,17015800,46805700
812,2024-09-25,224.68568,426.1909,558.5653,225.59883,427.18707,560.3781,222.35318,422.6994,557.45807,223.2564,423.9421,559.6432,42308700,13396400,38428600
813,2024-09-26,225.82713,425.4019,560.77985,226.79984,429.33722,563.14136,223.73283,423.25177,558.4282,225.60876,429.1301,562.818,36636700,14492000,48336000
814,2024-09-27,226.09512,422.15698,559.96643,227.81226,425.93454,562.6611,225.60878,421.61453,558.93756,226.76015,425.60904,561.84784,34026000,14896100,42100900
815,2024-09-30,231.26636,424.4057,562.21045,231.26636,424.52408,562.818,227.94128,419.54324,556.6448,228.32837,422.34433,558.9377,54541900,16807300,63557400
816,2024-10-01,224.5269,414.92737,557.1739,227.9413,422.61066,562.5044,222.07527,413.07312,554.6066,227.81227,422.5811,561.8577,63285000,19092900,72668800
817,2024-10-02,225.09264,411.41614,557.40906,225.67824,417.0282,558.42816,221.36061,411.0019,553.89136,224.20926,416.79147,556.2822,32880600,16582300,38097800
818,2024-10-03,223.99089,410.8342,556.3899,225.1224,413.80295,558.33,221.65839,408.61502,554.10675,223.46483,411.90927,555.93915,34044200,13686400,40846500
819,2024-10-04,225.11249,410.36078,561.44617,226.30356,414.00024,561.81854,222.46236,409.2857,556.66437,226.2043,412.5109,560.82886,37245100,19169700,42939100
820,2024-10-07,220.04053,403.93015,556.3703,224.01077,411.39642,560.4466,219.68321,403.39752,555.2239,222.82962,410.30164,559.79987,39505400,20919800,49964700
821,2024-10-08,224.09015,409.02924,561.6324,224.29858,409.96625,562.23016,221.5889,402.57886,558.0657,222.63109,405.27142,558.93774,31855700,19229300,37398700
822,2024-10-09,227.83209,411.74158,565.5224,228.04054,414.62158,566.08093,223.15715,408.62485,561.0248,223.55417,410.16348,561.6225,33591100,14974300,37912200
823,2024-10-10,227.33582,410.1438,564.5328,227.7924,411.63312,565.9536,225.47974,407.49063,562.9258,226.08519,409.54218,564.18005,28183500,13848400,44138100
824,2024-10-11,225.85692,410.61725,567.91327,227.70308,411.41614,568.6482,225.64847,407.5893,564.3171,227.5939,410.43973,564.4543,31759200,14144900,42268000
825,2024-10-14,229.57903,413.39862,572.5579,230.00581,418.2315,573.48883,226.89912,411.80078,569.04016,226.99837,412.04736,569.52026,39882100,16653100,36217200
826,2024-10-15,232.11005,413.00406,568.1093,235.72296,416.69284,573.1262,230.64105,409.57175,566.8942,231.87183,416.39694,572.8225,64751400,18900200,54203600
827,2024-10-16,230.05545,410.41998,570.57855,230.39291,410.65668,571.0979,228.12988,404.85727,567.30585,229.8768,409.483,568.1093,34082200,15508900,30725400
828,2024-10-17,230.42268,411.01175,570.6275,232.11005,416.7126,574.32166,228.80482,409.89722,570.44135,231.69316,416.57446,574.11584,32993800,14820000,34393700
829,2024-10-18,233.25146,412.432,572.8225,234.42268,413.90158,573.6064,232.26883,410.55804,570.85297,234.42268,411.426,572.313,46431500,17145300,37416800
830,2024-10-21,234.72046,413.04355,571.8817,235.08772,413.22107,573.07715,232.70557,408.08246,568.91266,232.70557,410.41998,572.0972,36254500,14206100,36439000
831,2024-10-22,234.10507,421.65393,571.5779,234.46239,424.68185,572.73413,230.86934,412.31366,568.6971,232.14973,412.75748,569.3536,38846600,25482200,34183800
832,2024-10-23,229.04303,418.7838,566.3553,233.39044,425.17502,570.0004,226.06535,416.74216,562.8571,232.33833,424.95804,569.5595,52287000,19654400,49314600
833,2024-10-24,228.85443,418.91205,567.58014,229.10257,420.14493,568.38367,226.7105,416.61395,564.9639,228.26881,419.5038,568.30524,31109500,13581600,34979900
834,2024-10-25,229.68819,422.28516,567.38403,231.48471,426.59528,572.69495,227.86188,420.7268,566.4434,228.03061,420.9142,569.8043,38802300,16899100,47268200
835,2024-10-28,231.66338,420.74655,569.1381,232.98347,426.0233,570.9803,230.8197,420.4605,568.83435,231.58398,425.7471,570.8529,36087100,14882400,30174700
836,2024-10-29,231.93137,426.03317,570.05927,232.58646,427.23645,571.1763,230.59142,419.96738,566.7865,231.36562,422.13727,568.17786,35417200,17644100,42899700
837,2024-10-30,228.38792,426.6052,568.3346,231.73285,432.4934,571.57794,227.84201,426.1811,567.629,230.87924,431.44794,569.5888,47070900,29749100,41435800
838,2024-10-31,224.22911,400.78378,557.19354,228.11995,410.4594,564.04285,223.69312,400.73444,556.99756,227.63358,409.67035,563.97424,64370100,53971000,60182500
839,2024-11-01,221.25142,404.7487,559.54517,223.67326,409.8084,563.9644,218.63106,401.918,559.13367,219.32585,403.40732,559.8196,65276700,24230400,45667500
840,2024-11-04,220.35814,402.86484,558.33984,221.13234,404.798,560.9757,218.07527,400.01443,556.4585,219.34573,404.1865,559.68225,44944500,19672300,38217000
841,2024-11-05,221.7874,405.8238,565.0913,222.28368,409.21667,565.1305,219.49458,402.49008,559.0357,220.14969,402.77612,559.2513,28111300,17626000,39478300
842,2024-11-06,221.06287,414.42435,579.1426,224.38794,414.69067,580.01465,219.54425,404.89667,573.6063,220.95369,406.77066,577.33966,54561100,26681800,68182000
843,2024-11-07,225.78745,419.6024,583.6206,226.18448,421.00296,584.6397,222.89911,414.12842,581.0632,222.95866,415.50925,581.14154,42137700,19901800,47233200
844,2024-11-08,225.51913,416.752,586.1488,227.20834,420.65778,587.56964,224.97263,416.0024,584.16943,225.7278,419.49393,584.16943,38328800,16891400,46444900
845,2024-11-11,222.80647,412.28406,586.7072,224.26714,418.9909,588.0888,220.09381,410.30157,584.9826,223.5716,416.73227,587.7361,42005600,24503300,37586800
846,2024-11-12,222.80647,417.2353,584.88464,224.15784,418.62598,587.2265,221.942,411.48517,582.4055,223.12445,412.52078,586.6288,40398300,19401200,43006100
847,2024-11-13,223.69081,419.37558,585.1688,225.21109,423.44897,587.1677,221.3458,412.48132,582.9837,222.58786,415.86435,585.3452,48566200,21502200,47388600
848,2024-11-14,226.77115,421.04245,581.40607,227.41702,422.3049,585.7763,223.5716,414.24683,580.7202,223.59146,419.1783,585.2962,44923900,30246900,38904100
849,2024-11-15,223.57158,409.31534,573.9591,225.47939,417.00848,578.3195,222.84622,407.97397,572.1071,224.96269,414.06934,577.8492,47923700,28247600,75988800
850,2024-11-18,226.57242,410.0649,576.3107,228.2815,412.66873,577.6237,223.74051,406.45505,573.5573,223.81999,409.18707,574.41956,44633700,24727000,37001700
851,2024-11-19,226.83075,412.06708,578.4174,228.69882,412.21503,579.1425,225.22104,405.91254,572.2737,225.539,407.45117,572.94,36211800,18133500,49412000
852,2024-11-20,227.5462,409.7986,578.6135,228.47029,411.57397,578.89764,224.45595,404.95587,572.8617,226.61217,411.15973,578.496,35169600,19191700,50032600
853,2024-11-21,227.06924,408.02957,581.71967,228.69884,414.85855,583.1405,224.27708,405.47983,575.6249,227.42696,414.58185,581.45514,42108300,20780200,46750300
854,2024-11-22,228.41066,412.11115,583.5226,229.25526,412.50644,584.1497,226.61215,406.24078,581.2101,226.61215,406.54715,581.7098,38168300,24814600,38226400
855,2024-11-25,231.39162,413.88016,585.50195,231.76921,416.14328,588.7649,228.2815,409.98636,583.2188,229.99059,413.47498,587.4519,90152800,27691100,42441400
856,2024-11-26,233.56772,422.9723,588.5591,234.0745,424.01,589.2254,231.84871,413.93945,586.031,231.84871,414.67078,586.7463,45986200,23458900,45621300
857,2024-11-27,233.43854,418.03094,586.77576,234.19373,422.22125,588.75507,232.32565,417.07233,585.25696,232.98146,420.1261,588.3729,33498400,18332400,34000200
858,2024-11-29,235.8233,418.49542,590.4209,236.30025,419.89877,591.2048,232.48463,412.90176,587.3147,233.31929,415.16495,587.58905,28481400,16271900,30177400
859,2024-12-02,238.06895,425.9273,591.4792,239.26134,427.9236,592.1553,235.65439,416.37067,590.3425,235.76369,416.62762,590.83246,48137100,20207200,31746000
860,2024-12-03,241.10954,426.14468,591.7535,241.21884,427.39978,591.9985,237.38335,422.72522,590.21515,238.28758,424.8006,591.24396,38861000,18302000,26906600
861,2024-12-04,241.46725,432.29175,595.428,242.56027,434.51538,595.673,239.71843,427.5579,592.7726,241.32814,427.95322,593.43884,44383900,26009400,42787600
862,2024-12-05,241.49706,437.4308,594.4481,242.98753,439.44687,596.2315,240.59285,431.05643,594.0954,242.44104,432.78592,595.428,40033900,21697800,28762200
863,2024-12-06,241.29832,438.3697,595.575,243.07697,440.87003,596.80963,240.54315,436.5908,594.80096,241.36789,437.11456,595.21246,36870600,18821000,31241500
864,2024-12-09,245.18349,440.7909,592.50806,245.67038,443.07382,595.624,240.21523,435.33563,591.92017,240.29472,437.411,595.45746,44649200,19144400,34742700
865,2024-12-10,246.19702,438.13242,590.66583,246.63423,444.3487,593.60547,243.78244,436.42273,590.00934,245.3226,439.18002,593.1841,36914800,18469500,37234500
866,2024-12-11,244.92519,443.72614,595.23206,249.20782,445.07022,596.1825,244.69664,438.84406,593.31146,246.38585,438.84406,593.5859,45205800,19200200,28677700
867,2024-12-12,246.38583,444.2894,592.165,247.16087,450.812,594.938,244.1203,443.84467,592.165,245.32262,443.84467,594.3697,32777500,20834800,31543800
868,2024-12-13,246.55475,442.02628,592.0475,247.70737,446.1375,594.9087,244.67674,440.35608,590.67566,246.24672,443.1826,594.1934,33155300,20177800,35904700
869,2024-12-16,249.44626,446.29562,594.5755,249.78412,446.8787,595.5456,246.07777,440.0596,593.02734,246.41563,442.02628,593.80145,51694800,23598800,43695200
870,2024-12-17,251.87079,449.132,592.12585,252.21857,449.95227,592.98816,248.19427,444.29935,590.7541,248.49239,445.72244,592.0279,51356400,22733500,55773500
871,2024-12-18,246.47527,432.26212,574.4784,252.66571,447.3432,594.2031,246.16724,431.89642,574.09625,250.55917,446.0288,591.822,56774100,24444500,108248700
872,2024-12-19,248.20421,431.90634,574.30206,250.40019,437.98422,581.0632,245.52135,431.20468,574.05707,245.92876,436.44254,579.4562,60882300,22963700,85919500
873,2024-12-20,252.87436,431.48138,581.19995,253.38112,438.53766,585.7225,244.13022,423.60483,571.13226,246.4653,428.0323,571.97784,147495300,64263700,125716700
874,2024-12-23,253.64941,430.1472,584.6804,254.027,432.51904,585.28015,251.84096,427.75555,577.76874,253.15259,431.61972,580.9444,40858800,19152500,57635800
875,2024-12-24,256.56082,434.17932,591.1791,256.57074,434.44617,591.21844,253.66928,429.0996,585.4472,253.86803,429.5542,586.0273,23234700,7164500,33160100
876,2024-12-26,257.37558,432.9736,591.21844,258.44873,435.77045,592.33923,255.99442,431.511,588.0133,256.55087,433.93222,589.40936,27237100,8194200,41219100
877,2024-12-27,253.96736,425.48257,584.99506,257.05765,430.11758,587.71844,251.45343,421.3516,580.8166,256.19315,429.50485,587.4824,42355300,18117700,64969300
878,2024-12-30,250.5989,419.84933,578.3193,251.89066,422.53745,581.78,249.15811,416.9537,574.5734,250.62872,421.0649,577.9949,35557500,13158700,56578800
879,2024-12-31,248.83022,416.55835,576.21533,251.67206,421.72705,580.69855,247.8465,415.7282,574.58325,250.8374,421.10443,579.98083,39480700,13246500,57052700
880,2025-01-02,242.30193,413.67264,574.79956,247.5186,421.07486,581.1803,240.28482,409.9864,570.72925,247.34966,420.54117,579.4696,55740700,16896500,50204000
881,2025-01-03,241.81503,418.3867,581.9864,242.62982,419.05872,582.6254,240.35437,414.62137,576.55927,241.81503,416.14328,577.6408,40244100,16662900,37888500
882,2025-01-06,243.44461,422.83398,585.33905,245.75983,429.22812,589.606,241.65604,420.49176,583.60864,242.75899,422.9822,586.23376,45045600,20573600,47679400
883,2025-01-07,240.67232,417.41818,578.72235,243.9911,425.6011,587.68884,239.81778,415.86658,576.9035,241.43742,423.97046,587.3644,40856000,18139100,60393100
884,2025-01-08,241.15921,419.58252,579.5678,242.16281,421.96426,580.63947,238.52605,416.59793,575.35004,240.38417,418.49542,578.79114,37628900,15054600,47304700
885,2025-01-10,235.34636,414.0383,570.71936,238.63535,419.73074,576.08746,231.5208,410.15436,568.812,238.48628,419.6517,576.0187,61710900,20201100,73105000
886,2025-01-13,232.9119,412.29892,571.6042,233.18019,413.59357,571.9581,228.26161,407.45636,565.66583,232.04742,410.37177,566.0788,49630700,17604800,47910100
887,2025-01-14,231.79904,410.79678,572.39075,234.621,414.81903,575.15344,230.99419,405.90482,568.61536,233.2597,412.91168,574.52423,39435300,16935900,48420600
888,2025-01-15,236.35988,421.312,582.8026,237.44296,423.13043,583.94305,232.94171,413.36627,579.28284,233.15039,414.2162,580.39386,39832000,19637800,56900200
889,2025-01-16,226.8109,419.60226,581.6817,236.499,424.4547,584.34607,226.58237,419.41452,580.98364,235.8432,423.67398,584.16907,71759100,15300000,43319700
890,2025-01-17,228.51996,424.00012,587.5217,230.81529,429.38623,589.2717,227.02948,423.1502,585.58484,230.64638,429.0008,586.9122,68488300,26197500,58070600
891,2025-01-21,221.22656,423.47632,592.89966,222.99525,425.84818,592.9095,217.98726,420.61032,588.5934,222.57793,425.1564,590.5597,98070400,26085700,42532900
892,2025-01-22,222.40903,440.96887,596.23267,222.69717,442.0263,597.5894,218.39467,430.88843,595.17084,218.39467,432.43015,595.7214,64126500,27803800,48196000
893,2025-01-23,222.2401,441.47284,599.4869,225.5887,441.5124,599.4869,220.88873,436.32394,595.3281,223.31325,436.81805,595.60333,60234800,18389300,41152100
894,2025-01-24,221.36568,438.8539,597.7369,224.19759,441.41354,600.49963,220.00438,436.2251,596.5866,223.35298,439.941,599.54596,54697900,15549500,34604700
895,2025-01-27,228.40074,429.4653,589.28156,230.6762,430.0978,589.5962,222.55806,418.53497,584.63116,222.59782,419.039,584.79834,94863400,35647800,70361100
896,2025-01-28,236.74739,441.95712,594.345,238.66515,443.1233,595.18066,229.3447,426.3226,587.1973,229.38445,429.50482,590.5106,75707600,23491700,44433300
897,2025-01-29,237.84042,437.14417,591.68054,238.33725,441.64084,593.9615,232.52438,435.2368,589.1341,232.63368,441.45306,593.55835,45486100,23581400,37177400
898,2025-01-30,236.08168,410.12473,594.85614,239.26137,417.90247,596.3899,235.7041,408.3162,590.6088,237.15483,413.8604,593.7944,55658300,54586300,39281300
899,2025-01-31,234.50177,410.1939,591.6903,245.62073,415.7579,599.6933,231.95802,410.0457,590.9332,245.62073,414.06796,597.2747,100959800,34161900,66566900
900,2025-02-03,226.56247,406.10245,587.70856,230.35823,410.5398,590.1861,224.26714,403.86893,580.5511,228.5299,406.77448,582.69434,73063300,25679100,65857200
901,2025-02-04,231.32207,407.53543,591.65094,231.64998,409.0673,592.1622,225.2111,404.93625,587.2267,225.8073,407.85168,587.7674,45067300,20532100,33457800
902,2025-02-05,230.99416,408.44467,594.04987,231.19289,408.97833,594.1974,226.82082,405.58853,588.5048,227.07916,407.5157,590.53015,39620300,16316700,30653100
903,2025-02-06,231.7394,410.945,596.11456,232.31572,413.29712,596.2424,228.9671,409.14633,592.4867,229.82164,409.14633,595.7901,29925300,16309800,35771500
904,2025-02-07,226.18489,404.94614,590.658,232.51445,413.7418,597.8941,225.81723,403.3155,589.95013,231.12334,411.59726,596.675,39707200,22886800,50788500
905,2025-02-10,226.45346,407.38718,594.6693,229.378,410.58917,595.3084,226.00583,406.10242,592.59485,228.36339,408.8597,593.86316,33115600,20817900,26048700
906,2025-02-11,231.39734,406.61633,595.12164,233.99362,407.65402,595.66235,226.93095,404.5014,592.2901,227.00058,404.83743,592.4081,53718400,18140600,30056700
907,2025-02-12,235.62502,404.24445,593.2044,235.71455,405.9344,594.3744,229.46754,399.62918,588.43604,229.98482,402.43588,589.11444,45243300,19121700,45076100
908,2025-02-13,240.2605,405.7269,599.4672,241.06624,406.1815,599.6737,234.33183,401.5959,593.0472,235.66478,402.2284,594.3056,53614100,23891700,40921300
909,2025-02-14,243.31439,403.6416,599.43774,244.2594,404.116,600.706,239.72336,401.12152,598.81836,239.982,403.00912,599.6737,40896200,22758500,26910400
910,2025-02-18,243.18507,404.83746,601.19763,243.89133,405.7862,601.19763,240.5689,401.73425,598.14,242.86674,403.21667,600.5979,48822500,21423100,26749000
911,2025-02-19,243.58295,409.9073,602.6134,244.71695,410.61884,602.9083,241.88194,402.87076,599.3001,243.37405,403.09808,599.8114,32204200,24114200,31011100
912,2025-02-20,244.53792,412.076,600.1063,245.48293,415.225,601.38446,243.006,408.52097,596.8029,243.6526,411.24417,601.24677,32316900,23508700,36554000
913,2025-02-21,244.25938,404.23312,589.84204,247.38287,413.97726,600.02765,243.93112,403.91626,589.37994,244.65727,413.27417,599.89,53197400,27524800,76519800
914,2025-02-24,245.80124,400.06412,587.158,247.55199,405.3818,592.88007,243.13531,395.42972,586.45013,243.64262,404.53018,591.8871,51326400,26443700,50737200
915,2025-02-25,245.74156,394.02353,584.2379,248.686,398.0044,587.8265,243.62277,392.83524,579.6367,246.69652,397.19235,587.09894,48013300,29387400,58266500
916,2025-02-26,239.09668,395.83575,584.53284,243.6924,399.66806,589.48804,237.87315,390.40912,581.89795,243.04582,394.1325,585.8995,44433600,19619000,43321600
917,2025-02-27,236.05276,388.70587,575.20264,241.18565,401.78717,587.95435,235.81403,388.3494,574.8094,238.15167,397.36072,586.804,41153600,21127400,74196700
918,2025-02-28,240.5689,393.1224,584.1789,240.81758,393.7562,584.7098,228.99007,382.80392,572.63654,235.70459,388.8346,575.704,56833400,32845700,88744100
919,2025-03-03,236.7789,384.70523,573.94415,242.74736,394.9346,587.28577,234.86899,382.39795,570.1393,240.51913,394.9346,586.14526,47184000,23007700,74249200
920,2025-03-04,234.68994,384.82404,567.1504,238.8082,388.75537,575.53687,233.44652,377.28818,562.618,236.4606,379.6648,569.95245,53798100,29342900,109648200
921,2025-03-05,234.50095,397.11316,573.2461,235.30669,397.75684,575.03546,228.02515,385.02213,563.4341,234.18262,385.54697,566.98334,47227600,23433100,71230500
922,2025-03-06,234.09312,393.0234,563.0704,236.60983,398.23215,570.4048,231.93452,388.8544,560.5239,233.20781,390.4388,565.7937,45170400,23304600,80094900
923,2025-03-07,237.81346,389.4783,566.22626,240.10136,390.95377,567.6716,233.52611,381.784,556.1095,233.87427,388.49796,561.2908,46273600,22034100,81158800
924,2025-03-10,226.28436,376.4564,551.1445,234.91875,382.6356,559.9536,223.0415,373.54504,546.23846,234.302,382.08105,558.0365,72071200,32840100,99326600
925,2025-03-11,219.67928,376.74356,546.563,224.653,382.23947,554.5267,216.3071,373.23804,542.72864,222.63367,375.30768,549.98444,76137400,30380200,88102100
926,2025-03-12,215.83955,379.5361,549.46326,220.58449,381.4671,553.6319,213.78044,375.2582,544.3704,218.98296,379.21924,552.7077,62547500,24253600,69588200
927,2025-03-13,208.57793,375.07996,542.1387,215.7003,381.56616,549.6992,207.32455,373.77283,540.428,214.81497,379.42722,549.08966,61368300,20473000,74079400
928,2025-03-14,212.36789,384.77454,553.3369,212.82547,386.42828,554.3398,208.47844,375.8127,542.20746,210.13966,376.08008,546.7497,60107600,19952800,62660300
929,2025-03-17,212.8752,384.9132,557.60394,214.08879,388.88412,560.12085,208.86638,381.8137,552.8847,212.18883,382.93268,553.31726,48073400,22474300,49008700
930,2025-03-18,211.57211,379.78363,551.5771,214.01918,383.59613,555.50977,210.37842,377.38724,549.6501,213.0344,383.29907,555.29346,42432400,19486900,66041400
931,2025-03-19,214.1087,384.04178,557.5843,217.6102,385.88364,561.34,212.62653,380.25897,552.1769,213.09406,381.77408,553.3567,54385400,19185500,66556000
932,2025-03-20,212.9747,383.07132,555.97186,216.34688,387.9731,560.9664,211.10458,379.546,553.1305,212.86528,381.98203,553.84827,48862900,18470500,62958200
933,2025-03-21,217.12277,387.4483,556.1553,217.68977,387.9236,557.0527,210.16951,379.0707,550.2879,210.44803,379.48663,551.5205,94127800,39675900,83763000
934,2025-03-24,219.56984,389.25052,566.1152,220.3159,391.5479,567.17035,217.43115,386.0124,562.289,219.83842,391.5479,562.8807,44299500,21004500,58766800
935,2025-03-25,222.57397,391.31027,567.4761,222.92213,392.49857,568.41284,218.92326,388.81482,565.7306,219.60963,390.08237,567.31824,34493600,15775000,38355700
936,2025-03-26,220.36565,386.17084,560.70135,223.83731,391.4588,568.334,219.31122,384.7845,559.32074,222.33524,391.15182,567.2098,34466100,16108400,51848300
937,2025-03-27,222.67346,386.77484,559.2122,223.80746,388.41867,562.97925,219.40074,383.62582,557.10187,220.22638,386.32925,559.3108,37094800,13766800,42164200
938,2025-03-28,216.75471,375.10965,547.9507,222.63365,385.33902,558.4135,216.53587,373.25787,547.3689,220.5049,384.29926,557.6838,39818600,21632000,71662700
939,2025-03-31,220.96248,371.73285,551.6289,224.43413,373.39648,552.9306,215.09348,363.66223,539.2826,215.86938,368.9106,542.20154,65299300,35184700,95328200
940,2025-04-01,222.0169,378.46664,553.18695,222.50432,379.1202,555.12964,217.74945,369.59393,545.9981,218.65466,371.0001,549.7158,36412700,19689500,54609600
941,2025-04-02,222.71323,378.4171,556.6878,224.0064,381.32843,559.54755,219.85832,372.95087,547.1125,220.15674,374.28772,547.3492,35905900,16092600,76014500
942,2025-04-03,202.12202,369.47507,529.2537,206.39943,373.80252,540.3673,200.19221,365.7517,529.2537,204.45967,371.13873,537.547,103419000,30198000,125986000
943,2025-04-04,187.3899,356.33435,498.26965,198.82945,370.94064,518.574,186.35535,355.97787,498.0527,192.87093,360.58255,516.4045,125910900,49209900,217965100
944,2025-04-07,180.50626,354.37363,497.38214,193.12955,367.38562,515.91144,173.7022,341.43097,475.11542,176.26863,347.46164,482.4029,160466300,50425000,256611400
945,2025-04-08,171.51376,351.10574,489.5918,189.33957,370.00977,517.69635,168.32065,346.83774,482.37335,185.7187,364.67227,514.6196,120859500,35868900,165816600
946,2025-04-09,197.80484,386.68573,541.00836,199.55559,389.39905,541.00836,170.98654,349.66,486.20935,171.04622,350.09573,486.59393,184395900,50199700,241867300
947,2025-04-10,189.41914,377.6348,517.30194,193.75623,380.15994,526.09814,182.03815,364.2168,502.25366,188.07625,378.33786,524.7866,121880000,38024400,162331200
948,2025-04-11,197.10852,384.66565,526.5321,198.49121,386.25003,528.98755,185.08206,375.1988,512.85455,185.12187,376.93173,515.7538,87435900,23839200,97866300
949,2025-04-14,201.45555,384.03186,531.6402,211.82079,390.8052,536.72864,200.10269,380.46692,526.4532,210.32866,389.38916,536.5018,101352900,19251200,68034000
950,2025-04-15,201.07753,381.97214,530.1511,202.44032,388.07214,535.6931,198.74983,380.41742,529.36224,200.799,384.72507,532.18256,51343900,17199900,56892900
951,2025-04-16,193.24892,367.9897,518.3669,199.64511,377.89227,530.42725,191.35889,364.41486,513.0714,197.31741,376.96146,524.3034,59732400,21967800,83484800
952,2025-04-17,195.94467,364.197,519.10645,197.78496,370.67328,523.8004,193.39813,363.31567,516.6411,196.16351,370.10883,520.3194,52164700,21120200,79868100
953,2025-04-21,192.14476,355.62137,506.75034,192.7814,360.92917,514.46185,188.81236,352.205,501.40552,192.25418,359.28534,513.9293,46742500,20807300,69368100
954,2025-04-22,198.69017,363.24637,519.9349,200.53044,364.1871,521.9564,194.93999,356.35416,511.9867,195.08919,359.83987,512.9235,52976400,19485000,75948100
955,2025-04-23,203.52464,370.7426,527.9915,206.90677,376.68417,537.8627,201.7341,369.38593,526.4729,204.91728,372.39633,532.932,52929200,20545500,90590700
956,2025-04-24,207.27481,383.52682,539.1051,207.7324,384.66565,539.83484,201.87335,371.53482,528.02106,203.81311,372.03986,529.2734,47311000,22232300,64150400
957,2025-04-25,208.18002,388.03253,543.0004,208.64755,388.3395,543.4047,205.11621,380.85315,536.14685,205.28531,383.22977,539.0658,38222300,18973200,61119600
958,2025-04-28,209.0355,387.34924,543.20746,210.38837,388.91385,545.87,206.3696,382.8733,537.4584,208.89624,388.14145,543.74,38743100,16579400,47613800
959,2025-04-29,210.09988,390.20117,546.6293,211.12447,391.25085,547.7436,207.2748,386.5768,540.93933,207.59312,387.48785,541.2943,36827600,14974000,47775100
960,2025-04-30,211.38312,391.40927,546.8462,212.45744,392.79562,548.79877,205.58376,380.69467,534.0069,208.19994,386.49756,539.9729,52286500,36461100,93101500
961,2025-05-01,212.1988,421.25565,550.72174,213.43228,432.73273,556.2441,207.80202,420.76053,550.12024,207.98108,426.91,552.5954,57365700,58938100,63186100
962,2025-05-02,204.27068,431.03937,558.89667,205.90205,435.15884,560.4942,201.09744,425.8009,554.57745,205.00677,427.53384,556.8948,101010600,30757400,60717300
963,2025-05-05,197.84465,431.92075,555.6918,203.02727,435.2183,558.7882,197.16823,427.90027,553.90686,202.03253,428.65286,554.76483,69018500,20136100,38659200
964,2025-05-06,197.46663,429.0886,551.0472,199.59538,433.46555,555.53406,195.98447,426.96945,549.2327,197.16821,427.9894,550.1893,51216500,15104200,48264700
965,2025-05-07,195.21852,429.1282,553.36456,198.39175,433.8517,555.9975,192.23428,426.91,548.32544,198.12317,429.61343,552.3784,68536700,23295300,55588000
966,2025-05-08,196.452,433.9012,557.2203,198.99854,439.34763,562.39746,193.65675,431.41565,553.9069,196.68079,433.66354,557.39777,50478900,23491300,65130800
967,2025-05-09,197.48654,434.45578,556.5103,199.48598,436.44617,559.62646,196.50174,431.63354,554.9522,197.95407,435.7134,558.6206,36453900,15324200,37603400
968,2025-05-12,209.95705,444.8832,574.9015,210.43517,444.99213,574.9114,205.93301,435.49554,569.03406,210.13634,441.59555,573.4026,63775800,22821900,78993600
969,2025-05-13,212.0886,444.7644,578.6981,212.55673,446.2795,580.90704,208.17413,441.0212,574.7536,209.59846,443.41763,575.3157,51909300,23618800,67947200
970,2025-05-14,211.49097,448.52734,579.43774,213.0946,449.478,580.8084,209.74788,443.7741,577.41614,211.59056,443.7741,579.65466,49325800,19902800,66283500
971,2025-05-15,210.61446,449.53925,582.26794,212.1185,452.57498,582.7708,208.712,446.86063,576.98224,210.11642,447.19794,577.4359,45029500,21992300,71268100
972,2025-05-16,210.4252,450.67023,585.956,211.73004,450.75952,586.25183,208.9411,445.17416,581.10425,211.52086,448.4678,583.04694,54737900,23849800,76052100
973,2025-05-19,207.955,455.23376,586.597,208.65224,455.94806,587.2774,203.45287,447.2277,579.9406,207.08844,447.3071,579.9406,46140500,21336500,68168500
974,2025-05-20,206.04259,454.53937,584.62463,207.64622,454.708,585.808,204.21982,450.71988,581.41974,206.84938,451.9798,584.8613,42496600,15441800,60614500
975,2025-05-21,201.29143,448.98373,574.7733,206.22186,454.15244,584.3585,199.91689,448.22974,573.74774,204.35925,450.9679,580.27594,59211800,19216900,95197700
976,2025-05-22,200.56432,451.25558,575.0001,201.94882,456.60287,578.48114,198.91087,450.3032,573.3434,199.91689,451.3449,574.57605,46742400,18025600,70860400
977,2025-05-23,194.49838,446.61264,571.0754,196.91878,450.09485,573.7379,192.69554,445.35272,567.6141,192.9047,446.41425,567.9888,78432900,16883500,76029000
978,2025-05-27,199.41887,457.03937,582.94836,199.94678,457.2973,583.10614,196.64984,452.50558,570.4048,197.51642,452.86273,577.93884,56288500,20974300,72588500
979,2025-05-28,199.62804,453.73575,579.57574,201.92891,458.85486,584.54584,199.11009,453.30917,578.846,199.79736,457.5652,583.3526,45339700,17086300,68445500
980,2025-05-29,199.15988,455.04532,581.8636,203.00462,458.06125,584.9699,197.72557,451.70203,577.93884,202.77554,457.89258,584.83185,51396800,13974800,69973300
981,2025-05-30,200.05634,456.71194,581.2127,201.16196,458.02148,582.9285,196.00241,451.93018,575.148,198.58217,456.07703,580.7591,70819900,34770500,90601200
982,2025-06-02,200.90297,458.3092,584.4867,201.33128,458.4481,584.56555,199.32921,453.26947,576.9428,199.48859,453.5175,579.60535,35423300,16626500,61630500
983,2025-06-03,202.46677,459.3013,587.81976,202.9648,460.46204,588.796,200.1659,457.208,583.63855,200.55435,457.81317,584.12177,46381600,15743800,63606200
984,2025-06-04,202.01857,460.19415,587.662,205.42505,461.99973,589.654,201.3014,459.3509,587.2281,202.10822,460.32312,588.67773,43604000,14162700,57314200
985,2025-06-05,199.83722,463.97397,584.8219,203.94093,465.92834,590.68933,199.3591,460.3529,582.8497,202.69588,461.2755,589.3384,55126100,20131700,92278700
986,2025-06-06,203.1142,466.6526,590.8274,204.88716,469.5891,592.49396,201.25159,465.06525,588.579,202.19783,466.36487,590.354,46607700,15285600,66588700
987,2025-06-09,200.65395,469.0038,591.35986,205.18597,469.6784,592.9081,199.2296,464.90652,590.1864,203.58234,465.978,591.3993,72862600,16469900,53016400
988,2025-06-10,201.86914,467.18832,594.7128,203.54251,469.0534,595.09735,199.77745,463.25967,590.7782,199.80733,467.45618,591.89246,54672600,15375900,66247000
989,2025-06-11,197.9945,468.87485,593.01666,203.69191,471.70227,596.66534,197.62598,465.93832,590.9557,202.69586,466.29544,595.80743,60989900,16399200,73658200
990,2025-06-12,198.41286,475.0753,595.3734,198.89096,476.61304,595.3734,196.58012,469.76767,591.20215,198.29333,471.2558,591.6853,43904600,18950600,64129000
991,2025-06-13,195.67372,471.19626,588.71716,199.57823,475.3828,593.4999,194.92668,469.0137,587.21826,198.94077,472.63477,590.19635,51447300,16814500,89506000
992,2025-06-16,197.63594,475.34317,594.31836,197.90488,476.8809,596.06384,195.7833,471.23596,591.89246,196.52037,471.44427,592.07,43020700,15626100,79984100
993,2025-06-17,194.86693,474.2519,589.2398,197.60606,474.94632,593.40125,194.43863,470.32324,588.48047,196.42076,471.6328,591.8826,38856200,15414100,82209400
994,2025-06-18,195.8032,476.43445,589.151,196.7893,477.18845,592.87854,194.29918,470.70026,588.19446,195.16574,474.21222,590.13715,45394700,17526500,76605000
995,2025-06-20,200.20575,473.61694,587.7674,200.90298,479.6289,592.8906,196.0821,473.09116,586.3629,197.45667,478.4087,591.82245,96813500,37576200,94051400
996,2025-06-23,200.70375,482.1488,593.57306,201.5006,483.88495,593.95874,198.1738,468.76572,585.40356,200.83324,474.42053,588.51904,55814300,24864000,87426000
997,2025-06-24,199.50851,486.2262,600.1304,202.63611,487.95242,601.1886,199.4089,482.9424,596.79724,201.78946,485.0754,597.7072,54064000,22305600,67735300
998,2025-06-25,200.76353,488.3691,600.4667,202.8652,490.64096,601.9403,199.82724,485.51196,598.904,200.65396,488.14096,601.248,39525700,17495100,62114800
999,2025-06-26,200.20575,493.5081,605.1646,201.83926,494.0934,605.5998,198.67184,488.90485,601.70294,200.63405,489.07352,602.31616,50799100,21578900,78548400
1000,2025-06-27,200.28543,492.01,608.1713,202.41698,495.34338,609.63513,199.2097,489.12308,604.1361,201.09222,493.60724,606.1636,73188600,34539200,86258400
1001,2025-06-30,204.35925,493.4684,611.0791,206.57048,496.79187,612.4341,198.47261,491.40488,608.2999,201.21173,493.10135,610.61426,91912800,28369000,92502500
1002,2025-07-01,206.9988,488.15085,610.8813,209.35942,494.1033,612.04834,205.32542,487.08936,608.7746,205.85333,492.53583,609.6054,78788900,19945400,70030100
1003,2025-07-02,211.60052,487.1985,613.6506,212.49696,489.5894,613.6901,207.31752,484.82745,609.8526,208.08447,486.1072,610.4757,67941800,16319600,66510400
1004,2025-07-03,212.70616,494.88705,618.487,213.8018,496.16684,619.4167,210.97304,489.52985,615.6088,211.31169,489.8969,615.62866,34955800,13984800,51065800
1005,2025-07-07,209.12038,493.77594,613.87805,215.37556,494.7978,617.1914,207.97493,491.3057,611.0989,211.83958,493.43863,616.5287,50229000,13981600,74814500
1006,2025-07-08,209.18015,492.68463,613.5418,210.59453,494.25214,615.29236,207.62631,490.19452,612.7308,209.2698,493.2997,614.5407,42848900,11846600,59024600
1007,2025-07-09,210.30568,499.52005,617.221,210.49493,502.76413,617.8738,206.40117,495.7799,614.1055,208.70204,496.33548,615.9452,48749400,18659500,66113300
1008,2025-07-10,211.57065,497.50613,618.96173,212.63641,500.44266,620.0002,209.20004,493.8057,616.18256,209.67815,499.06366,617.3595,44443600,16492100,57529000
1009,2025-07-11,210.32559,499.33157,616.78577,211.29176,501.028,618.01215,209.03073,493.8553,614.7187,209.73793,494.52,615.9154,39765800,16459500,63670200
1010,2025-07-14,207.79562,499.03394,617.9627,210.07658,499.9764,618.30884,206.7199,497.05972,614.98566,209.10045,497.5458,616.33075,38840100,12058800,51898500
1011,2025-07-15,208.2837,501.81177,615.322,211.05272,504.2721,620.9793,208.09445,498.8058,615.24286,208.39328,499.03394,620.64307,42296300,14927200,74317300
1012,2025-07-16,209.32956,501.61334,617.3792,211.5607,502.70462,617.8836,207.81557,497.91293,611.27686,209.46901,501.17682,616.9045,47490500,15154400,88987500
1013,2025-07-17,209.1901,507.64517,621.15735,210.96306,509.3019,621.5134,208.76178,501.61334,617.33966,209.73793,501.67285,617.5573,48068100,17503100,68885700
1014,2025-07-18,210.3455,506.00824,620.70245,210.9531,510.5619,622.5717,208.87135,503.409,619.5947,210.03673,510.40314,622.40356,48974600,21209700,65621600
1015,2025-07-21,211.64037,506.01816,621.8794,214.92732,508.0321,624.619,210.79373,501.54388,621.4541,211.26187,502.6947,621.8794,51377400,14066800,63375000
1016,2025-07-22,213.5528,501.26608,621.96844,214.10063,507.1491,622.8289,211.39137,501.26608,619.3277,212.29778,506.92093,622.2058,46404100,13868600,60046300
1017,2025-07-23,213.30377,501.86133,627.2598,214.29982,502.77405,627.2598,211.57066,496.7323,622.82886,214.15042,502.73434,624.62897,46989300,16396600,70511000
1018,2025-07-24,212.91531,506.83167,627.46747,214.83769,509.59955,629.1785,212.68623,503.28003,627.0422,213.05476,504.73837,627.6455,46022600,16107000,71307100
1019,2025-07-25,213.03484,509.63922,630.1181,214.38947,514.18286,630.5929,212.55672,506.31573,627.88293,213.8516,508.409,628.1302,40268800,19125700,56865400
1020,2025-07-28,213.20418,508.4388,629.95984,214.00102,510.919,631.0477,212.21808,506.07767,628.57513,213.18425,510.00632,630.4939,37858000,14308000,54917100
1021,2025-07-29,210.43517,508.50824,628.2983,213.96117,513.5182,631.6709,209.98695,507.50623,627.38837,213.33365,511.4448,631.3544,51411700,16469200,60556300
1022,2025-07-30,208.22394,509.17294,627.507,211.55074,511.86148,630.6917,206.89919,505.40308,624.61896,211.06267,511.08765,628.951,45512500,26380400,80418900
1023,2025-07-31,206.74979,529.2724,625.15314,209.0108,551.04846,632.83795,206.3414,527.6851,623.8575,207.66615,550.8302,632.4523,80698400,51617300,103385200
1024,2025-08-01,201.5803,519.9568,614.9066,212.73605,531.55414,619.476,200.70378,516.73254,612.50323,210.03674,530.7605,619.43646,104434500,28977600,140103600
1025,2025-08-04,202.54646,531.3955,624.25305,207.05856,533.9848,624.3025,200.88304,523.945,618.72437,203.70187,524.0839,618.81335,75109300,25349000,73218000
1026,2025-08-05,202.11815,523.56793,621.08813,204.52858,533.04224,625.6773,201.36116,523.06195,620.16833,202.59625,532.9232,624.8663,44155100,19171600,68051400
1027,2025-08-06,212.40733,520.7803,625.84546,214.52892,527.4867,626.4982,204.7776,519.8775,621.2464,204.81744,526.69305,622.1563,108483100,21355700,64357500
1028,2025-08-07,219.16054,516.71277,625.3212,219.97731,523.90533,629.9994,215.72417,513.4488,622.21564,218.01509,522.6255,629.2675,90224800,16079100,74205800
1029,2025-08-08,228.44373,517.90314,630.1972,230.0872,520.5024,630.6621,218.38364,515.29395,626.7949,219.95738,518.4587,627.1114,113854000,15531000,64051600
1030,2025-08-11,226.5391,517.6353,628.95105,228.91238,523.4092,631.9479,224.12592,515.6015,627.70483,227.27701,518.1611,630.4742,61806100,20194400,58742300
1031,2025-08-12,229.00212,525.04614,635.6469,230.14888,526.77234,635.8051,226.42941,518.558,629.8115,227.36674,519.5997,631.2951,55626200,18667000,64730800
1032,2025-08-13,232.67175,516.45483,637.8228,234.33704,528.47876,639.1086,229.77992,515.2544,635.637,230.41814,527.89343,637.8425,69878500,19619200,60092800
1033,2025-08-14,232.1233,518.3397,637.8821,234.4567,521.7822,638.54474,230.19876,516.0183,635.3007,233.39969,518.4191,635.7457,51916300,20269100,59327500
1034,2025-08-15,230.93668,516.04803,636.3886,233.6191,521.931,639.0096,228.69302,514.96674,635.4787,233.33987,518.62744,638.91064,56038700,25213300,68592500
1035,2025-08-18,230.23863,513.0024,636.2501,232.46234,518.67706,636.94244,229.46083,509.94684,635.1424,231.04634,517.45685,635.81494,37476200,23760600,43804900
1036,2025-08-19,229.90958,505.7304,632.7984,232.21306,511.07767,637.0513,228.703,504.52008,631.483,230.62755,510.91898,636.07214,39402600,21481000,69750700
1037,2025-08-20,225.37239,501.7126,631.117,229.81981,506.95074,632.65,225.13307,500.44272,626.01355,229.33119,505.82968,632.3929,42263900,27723000,88890300
1038,2025-08-21,224.26552,501.0666,628.5851,225.88095,504.43527,630.9785,223.14868,499.55615,626.86414,225.63167,500.52005,629.3071,30621200,18443300,54805800
1039,2025-08-22,227.11746,504.03784,638.23816,228.44371,507.5158,639.4151,224.7741,499.24817,630.2665,225.53195,501.0766,630.77094,42477800,24324200,84083200
1040,2025-08-25,226.51917,501.08652,635.4292,228.65312,504.9918,638.2183,225.59178,500.9474,635.31055,225.84108,503.4416,636.982,30983100,21638600,51274300
1041,2025-08-26,228.66309,498.8805,638.0898,228.84259,501.802,638.436,224.05612,495.3727,634.5392,226.22997,501.18588,635.16223,54575100,30835700,51581600
1042,2025-08-27,229.83977,503.5509,639.5437,230.2486,504.09747,640.2756,227.61604,496.75397,637.3579,227.96507,498.84073,637.5063,31259500,17277900,48341100
1043,2025-08-28,231.90392,506.43268,641.80853,232.75153,507.87354,642.36237,228.693,502.31873,638.2678,230.16884,503.8987,640.147,38074700,18015600,61519500
1044,2025-08-29,231.4851,503.50122,637.98096,232.72162,506.3929,640.7404,230.71727,501.31506,636.0919,231.85406,505.45883,640.3744,39418400,20961600,74522200
1045,2025-09-02,229.07193,501.94107,633.25336,230.19875,502.81555,633.47095,226.32968,493.68338,627.962,228.60326,497.32034,630.5137,44075600,18128000,81983500
1046,2025-09-03,237.79724,502.16965,636.68536,238.17618,504.5943,637.15027,233.69884,499.15872,633.44135,236.5408,500.61948,635.6271,66427800,16345100,70820900
1047,2025-09-04,239.10355,504.77316,642.0063,239.2232,504.95203,642.036,236.07213,499.9835,636.45776,237.7773,501.12625,637.3578,47549400,15509500,65219200
1048,2025-09-05,239.01381,491.8848,640.1469,240.63922,508.748,645.0625,237.8172,489.27133,636.2798,239.32294,505.86624,644.34045,54870400,31994800,85178900
1049,2025-09-08,237.20892,495.06464,641.71954,239.4725,498.04575,642.7185,235.67326,491.91458,640.137,238.62491,494.9752,641.51184,48999500,16771000,63133100
1050,2025-09-09,233.68889,495.27332,643.2032,238.10638,499.08914,643.72736,232.70168,494.56778,640.1272,236.3314,498.2743,641.85803,66313900,14410500,66133900
1051,2025-09-10,226.15019,497.22098,645.0625,231.76431,500.063,647.37683,225.31256,493.59396,643.4998,231.53497,499.81458,646.45703,83440800,21611800,78034500
1052,2025-09-11,229.38106,497.85696,650.42316,229.79987,500.0034,651.1155,226.01059,494.74664,646.4274,226.23994,499.08914,647.0109,50208600,18881600,69934400
1053,2025-09-12,233.40967,506.691,650.2055,233.84842,509.32434,651.8869,228.37392,500.6791,649.7012,228.57335,503.46146,650.39343,55824200,23624900,72780100
1054,2025-09-15,236.03224,512.11664,653.6672,237.51805,512.22595,653.7958,234.36696,503.80927,652.11444,236.3314,505.588,652.41113,42699500,17143800,63772400
1055,2025-09-16,237.47815,505.83643,652.7671,240.53949,513.97485,654.5276,235.65332,505.3992,651.9858,236.51088,513.6271,654.22095,63421100,19711900,61169000
1056,2025-09-17,238.3158,506.81024,651.9562,239.42267,508.07227,654.4683,237.05934,502.74597,647.12964,238.29585,507.40646,652.7771,46508000,15816600,101952200
1057,2025-09-18,237.20892,505.25015,655.0024,240.51955,509.84106,657.6036,235.98238,504.46512,653.0342,239.29303,508.271,654.6364,44249600,18913700,90459200
1058,2025-09-19,244.8074,514.6705,658.2465,245.60515,516.03186,659.08954,239.53233,507.09842,654.94385,240.54944,507.34686,656.88776,163741300,52474100,97945600
1059,2025-09-22,255.35756,511.2124,661.3607,255.916,514.4817,661.80695,247.42003,509.3144,656.72906,247.59952,512.3452,656.75885,105517400,20009300,69452200
1060,2025-09-23,253.71223,506.02527,657.7606,256.614,511.35156,661.8567,252.86464,504.11734,656.5407,255.15816,510.5665,661.2417,60275200,19799600,81708900
1061,2025-09-24,251.5982,506.93942,655.66785,255.01854,509.25476,659.149,250.33179,503.72977,654.24963,254.5,507.168,659.04987,42303700,13533700,68082200
1062,2025-09-25,256.14536,503.83908,652.64294,256.44452,506.80032,653.99176,250.99992,501.8616,649.03284,252.4957,505.10107,652.5339,55202100,15786500,89622100
1063,2025-09-26,254.73932,508.24115,656.38196,256.8733,510.70557,656.9274,253.06406,503.4316,652.4743,253.38315,506.84998,654.09094,46076300,16213100,69179200
1064,2025-09-29,253.71223,511.3614,658.2267,254.28064,513.5972,659.8136,252.29625,505.67743,656.42163,253.84187,508.2809,658.90106,40127700,17617800,73499000
1065,2025-09-30,253.91167,514.69037,660.7061,255.19803,514.899,661.1723,252.39595,506.45255,656.17365,254.141,510.00998,657.48285,37704300,19728200,86288000
1066,2025-10-01,254.72934,516.4393,662.9575,258.05994,517.23425,663.86993,254.2108,508.46973,657.6118,254.3205,511.56015,657.7209,48713900,22632300,72545400
1067,2025-10-02,256.4046,512.4942,663.72107,257.45163,518.3173,665.06,253.433,507.46603,661.30115,255.85614,514.38226,664.941,42630200,21222900,56896000
1068,2025-10-03,257.29208,514.09406,663.7113,258.50864,517.2143,667.1528,253.23357,511.75888,662.66986,253.95154,513.84564,664.48486,49155600,15112300,70494400
1069,2025-10-06,255.96585,525.2435,666.0915,258.33914,527.68805,666.98413,254.33047,514.9388,663.95917,257.26218,515.3462,666.10144,44664100,21388600,54623300
1070,2025-10-07,255.75647,520.6824,663.62195,256.67386,526.46576,667.46014,254.70941,518.1584,662.18384,256.0855,524.9653,667.01385,31955800,14615200,72020100
1071,2025-10-08,257.33197,521.5469,667.57916,257.79065,523.63367,667.6784,255.38747,519.798,663.9195,255.79631,519.9868,664.7427,36496900,13363400,60702200
1072,2025-10-09,253.3233,519.11237,665.6452,257.27213,521.0302,668.4024,252.42584,514.14386,663.7113,257.08267,519.05273,667.9958,38322000,18343600,66501900
1073,2025-10-10,244.57806,507.74432,647.65424,255.65672,520.2849,668.41223,243.31165,506.4227,647.4757,254.22078,516.3697,666.6072,61999100,24133800,159422600
1074,2025-10-13,246.96132,510.8149,657.5919,248.9856,513.16003,659.6648,244.86723,508.45984,654.3488,248.67647,513.16003,655.2216,38142900,14284200,79560500
1075,2025-10-14,247.07101,510.33786,656.7886,248.14796,512.0371,660.359,244.00967,502.8155,647.80304,245.90431,507.0189,651.77014,35478000,14684300,88779600
1076,2025-10-15,248.63658,510.1988,659.7044,251.10959,513.9351,664.72284,246.77187,506.79037,653.5157,248.78616,511.71918,661.3409,33893600,14694700,81702600
1077,2025-10-16,246.75192,508.39023,655.2116,248.33743,513.5972,663.21533,244.43848,504.93216,651.7106,247.54967,509.35416,661.3408,39777000,15559600,110563300
1078,2025-10-17,251.57826,510.34787,658.93085,252.66519,512.2359,660.2896,246.57243,504.1173,652.7322,247.32031,505.83643,654.081,49147000,19867800,96500900
1079,2025-10-20,261.50015,513.5376,665.78406,263.63412,515.4356,666.6866,254.90881,510.19876,661.78723,255.16808,511.37134,661.8368,90483000,14665600,60493400
1080,2025-10-21,262.0287,514.40216,665.7741,264.5416,515.4257,667.46014,261.09134,509.81125,664.47485,261.1412,514.24316,665.9229,46695900,15586200,56249000
1081,2025-10-22,257.7209,517.264,662.3128,262.10846,521.92444,666.47833,254.70938,514.45184,657.8498,261.90903,517.8702,666.47833,45015300,18962700,80564000
1082,2025-10-23,258.84772,517.28394,666.2403,259.8848,520.6526,667.1825,257.28217,515.3462,662.3128,259.20673,519.172,662.6302,32754900,14023500,65604500
1083,2025-10-24,262.07855,520.3147,671.6852,263.38486,522.04376,672.89514,258.4488,517.433,670.0983,260.45316,519.4999,670.9017,38253700,15532400,74356500
1084,2025-10-27,268.05164,528.175,679.60956,268.36075,531.2157,679.9071,263.90338,525.6808,676.5152,264.13272,528.43335,677.1202,44888200,18734700,63339800
1085,2025-10-28,268.2411,538.6585,681.41455,269.1286,550.23517,683.2493,267.3935,537.3667,679.2029,268.2311,546.5386,681.4046,41534800,29986700,61738100
1086,2025-10-29,268.93915,538.1418,681.7419,270.64432,542.8321,684.0329,266.3564,533.3521,677.25903,268.52032,541.51044,683.0609,51086700,36023000,85657100
1087,2025-10-30,270.63434,522.4512,674.244,273.36664,531.60315,680.3038,267.7226,518.83405,674.244,271.22266,527.1414,678.2806,69886500,41023100,76335800
1088,2025-10-31,269.60724,514.5512,676.4556,276.53766,525.9888,679.4508,268.40067,511.85825,673.6588,276.20856,525.5516,679.41113,86167100,34006400,87164100
1089,2025-11-03,268.291,513.7761,677.7251,270.08594,521.6562,680.16486,265.4989,511.35147,674.353,269.65714,516.5386,680.0359,50194600,22374700,57315000
1090,2025-11-04,269.2782,511.09317,669.69165,270.7241,512.3055,674.3729,266.86502,504.64398,669.0371,267.573,508.53934,670.5545,49274800,20958700,78427000
1091,2025-11-05,269.3779,503.96823,672.01245,270.9335,511.58997,675.26544,266.17694,503.39188,668.63043,267.85217,510.06958,669.4338,43683100,23024300,74402400
1092,2025-11-06,269.00894,493.97156,664.8022,272.6287,502.51743,671.8141,267.13428,492.68967,663.2252,267.13428,502.4777,670.91156,51204000,27406500,85035300
1093,2025-11-07,267.71262,493.69333,665.4567,271.52185,496.2372,665.56586,266.0174,490.14578,655.777,269.03885,493.8225,662.4219,48227400,24019800,100592400
1094,2025-11-10,268.93033,502.81555,675.8407,273.22238,503.66022,676.5746,266.964,495.66086,669.4834,268.4612,496.89307,671.6752,41312400,26101500,75842900
1095,2025-11-11,274.73956,505.47867,677.38794,275.39835,506.39288,677.95325,269.29965,499.1885,673.153,269.30966,501.62308,674.36304,46208300,17980000,58953400
1096,2025-11-12,272.9629,507.92322,677.76483,275.21872,508.4499,679.33185,271.1962,495.97885,675.3548,274.49005,506.1544,679.1632,48398000,26574900,62312500
1097,2025-11-13,272.44382,500.1226,666.518,276.18686,510.2683,675.26556,271.5854,498.13516,665.01056,273.60165,507.0984,674.9085,49602800,25273100,103457800
1098,2025-11-14,271.90485,506.96927,666.4088,275.44824,508.38034,670.10815,269.10007,494.30945,657.82,270.54736,495.09448,659.91266,47431300,28505700,96846700
1099,2025-11-17,266.964,504.29617,660.2003,269.98837,508.89703,668.1743,265.2372,501.73242,656.72906,268.32147,505.25015,664.1972,45018300,19092800,90456100
1100,2025-11-18,266.94403,490.6824,654.65625,270.20795,499.81458,659.6548,264.82797,483.71652,650.4709,269.4893,492.25244,656.6596,45677300,33815100,114467500
1101,2025-11-19,268.06198,484.05438,657.1853,271.7052,492.0736,661.8566,265.00766,479.79138,653.33716,265.0376,487.01562,655.3505,40424500,23245300,94703000
1102,2025-11-20,265.75626,476.30887,647.16833,274.91922,491.38177,670.0091,265.42688,473.39188,646.53357,270.32776,490.52554,667.3808,45823600,26802500,165293500
1103,2025-11-21,270.9865,470.02682,653.61487,272.8231,476.7967,659.0895,265.17734,466.19388,645.502,265.45682,476.37854,649.66754,59030800,31769200,123956200
1104,2025-11-24,275.40836,471.89853,663.23517,276.48633,474.78568,664.55426,270.39764,465.94504,656.1539,270.39764,472.8941,657.2448,65585800,34421000,80437900
1105,2025-11-25,276.45636,474.8752,669.4736,279.86005,477.02563,670.6538,274.73956,462.8289,659.02014,274.7595,471.96817,663.13605,46914200,28019800,81077100
1106,2025-11-26,277.0353,483.3475,674.0952,279.01166,486.14505,676.09863,276.11703,479.0666,671.1595,276.4464,484.1539,672.0621,33431400,25709100,71879600
1107,2025-11-28,278.3329,489.82867,677.7747,278.4826,490.44592,678.05237,275.47818,484.49243,674.90845,276.74585,485.43823,675.2655,20135600,14386700,49212000
1108,2025-12-01,282.575,484.582,674.68036,282.89444,487.68817,677.378,275.62793,482.50128,673.1629,277.49445,486.27448,673.23236,46587700,23964000,61201200
1109,2025-12-02,285.65927,487.82758,675.93,286.867,491.31207,678.2012,282.10587,484.1639,673.74805,282.4752,484.56213,676.3168,53669500,19562700,62953800
1110,2025-12-03,283.62305,475.61197,678.2706,288.08475,482.09308,679.2822,282.77463,473.0932,674.1051,285.66925,474.20822,674.9779,43538700,34615100,57238500
1111,2025-12-04,280.17944,478.70816,678.7665,284.20197,479.18604,679.7384,278.07333,474.37744,675.7416,283.57312,477.63297,679.66895,43989100,22318200,61970300
1112,2025-12-05,278.263,481.01788,680.0558,280.61865,481.2568,682.73364,277.53433,476.75687,678.9549,280.01974,480.3807,679.8376,47265800,22608700,79241000
1113,2025-12-08,277.37466,488.84305,678.0127,279.15137,490.11737,680.998,275.63788,482.2325,675.9696,277.6142,482.74026,680.9484,38211800,21965900,55231500
1114,2025-12-09,276.666,489.8386,677.4276,279.5107,489.93814,679.75836,276.4065,486.3342,676.9814,277.64417,486.93155,677.53674,32193300,14696100,58310100
1115,2025-12-10,278.263,476.43826,681.9204,279.2312,482.10303,683.3089,275.92734,472.9737,675.71185,277.23492,481.884,676.95154,33038300,35756200,85671300
1116,2025-12-11,277.5144,481.3265,683.5072,279.0715,483.87515,683.58655,273.30222,473.75024,676.5647,278.58243,474.51685,679.5104,33248000,24669200,86173700
1117,2025-12-12,277.76392,476.40842,676.15814,278.70218,480.31107,683.2196,276.30664,474.22812,673.5894,277.3846,477.69272,682.51544,39532900,21248100,113160300
1118,2025-12-15,273.60165,472.71487,675.1366,279.63046,478.5887,680.1253,272.334,470.42505,673.66876,279.63046,477.97147,680.10547,50409100,23727700,90811000
1119,2025-12-16,274.10074,474.27792,673.2919,274.9891,475.77127,675.4837,271.28598,468.79233,669.43384,272.3141,469.81778,673.6489,37648600,20705600,122030600
1120,2025-12-17,271.33588,474.0091,665.88324,275.64786,477.8719,674.84894,271.13626,472.89407,665.6849,274.5,474.7956,674.30347,50138700,24527200,110625200
1121,2025-12-18,271.68524,481.83426,670.91156,273.12256,487.42935,675.1465,266.45496,475.77127,669.3545,273.1026,476.06992,672.0323,51630700,28573500,108650100
1122,2025-12-19,273.1625,483.76566,676.9923,274.09076,485.6871,677.4897,269.39948,480.35083,672.89404,271.6453,485.19925,673.0134,144632000,70836100,103599500
1123,2025-12-22,270.4675,482.7701,681.2099,273.3721,486.5632,681.73706,270.00836,480.55,676.9923,272.35397,483.96478,680.3246,36571800,16963000,69556700
1124,2025-12-23,271.85492,484.69156,684.3233,271.99466,485.6672,684.562,269.06012,482.5909,680.2549,270.33774,482.82986,680.3046,29642000,14683600,64840000
1125,2025-12-24,273.30222,485.85632,686.7305,274.91922,486.99127,687.17816,271.69522,482.68045,684.1641,271.83493,483.5267,684.31335,17910600,5855900,39445600
1126,2025-12-26,272.893,485.54773,686.6609,274.85934,485.9559,688.0037,272.354,483.80548,685.6264,273.6516,484.55215,686.98914,21521800,8842200,41613300
1127,2025-12-29,273.25235,484.94043,684.21387,273.85123,486.18488,685.55676,271.84497,482.03336,682.4433,272.18433,482.71033,683.9055,23715200,10893400,62559500
1128,2025-12-30,272.57355,485.31876,683.37836,273.5717,487.50897,684.92017,271.77505,483.34753,682.9506,272.30405,483.7756,683.81604,22139600,13944500,47160700
1129,2025-12-31,271.35583,481.47586,678.31525,273.17245,485.97583,683.7265,271.24606,481.15726,678.1064,272.55362,485.67715,683.5077,27293600,15601600,74144800
1130,2026-01-02,270.50745,470.8432,679.5586,277.32477,482.51123,683.2391,268.50116,468.07553,676.2263,271.75513,482.24246,682.0852,37838100,25571600,89377200
1131,2026-01-05,266.7644,470.7536,684.08453,271.00653,473.95932,685.7855,265.64648,467.41846,682.75165,270.13815,471.95822,682.91077,45647200,25250300,71927200
1132,2026-01-06,261.87347,476.38852,688.15295,267.05386,476.6175,688.6603,261.63394,467.66736,684.1443,266.50488,471.69937,684.29346,52352100,23037700,69273800
1133,2026-01-07,259.84723,481.3265,685.93475,263.191,487.5289,690.2916,259.32822,475.831,685.67615,262.71194,477.63297,688.53094,48309800,25564200,75588300
1134,2026-01-08,258.55963,475.99026,685.8651,258.80917,480.5201,686.96924,255.22581,473.75024,683.8558,256.54337,479.10638,685.1788,50419300,18162600,64019200
1135,2026-01-09,258.889,477.1551,690.401,259.72745,477.69272,691.63446,255.74486,470.1065,685.53687,258.59955,471.95822,686.9792,39997000,18491000,80125500
1136,2026-01-12,259.76736,475.0644,691.4852,260.8154,478.85748,692.41034,256.32376,473.57104,686.9792,258.67938,474.55667,687.02893,45263800,23519900,63976000
1137,2026-01-13,260.5659,468.58328,690.1026,261.3245,473.67062,692.41034,257.91086,463.88422,687.6954,258.24023,472.57547,691.8135,45730800,28545800,78309700
1138,2026-01-14,259.4779,457.34335,686.71063,261.33447,466.12427,688.0634,256.23392,455.14316,682.41345,259.0088,464.39194,687.3473,40019400,28184300,94676700
1139,2026-01-15,257.73117,454.6354,688.5807,260.55594,462.19174,691.77374,256.5733,453.87875,687.59595,260.16666,462.06232,690.8984,39388600,23225800,77862000
1140,2026-01-16,255.05612,457.8212,688.0037,258.41986,461.13644,690.5801,254.45723,454.4562,686.45197,257.42172,455.8002,689.99316,72142800,34246700,79289200
1141,2026-01-20,246.24251,452.50485,673.99817,254.3175,454.77475,681.15015,242.9686,447.2881,672.99347,252.26132,449.21948,677.88745,80267500,26130000,111623300
1142,2026-01-21,247.19075,442.141,681.77686,251.0935,450.68298,685.0992,244.72533,436.73508,674.5453,248.2388,450.59338,676.05725,54641700,37980500,127844500
1143,2026-01-22,247.88945,449.13986,685.33795,250.53453,450.8323,687.4766,247.6898,442.72842,683.2888,248.73787,445.63544,686.20337,39708300,25349400,77112200
1144,2026-01-23,247.58002,463.8842,685.58655,248.94748,469.01135,687.30743,244.22624,448.53253,683.52747,246.86137,449.8666,684.5123,41689000,38000200,63059600
1145,2026-01-26,254.93637,468.19498,689.06805,256.08423,472.14737,690.4607,249.33678,459.9517,686.2729,251.01366,463.247,686.8399,55969200,29291200,60473800
1146,2026-01-27,257.79105,478.44934,691.8135,261.46423,480.7292,692.848,257.73117,471.06226,689.9036,258.6894,471.59985,690.5104,49648300,29213900,55506100
1147,2026-01-28,255.96445,479.49466,691.74384,258.37994,481.59528,694.15106,254.03802,475.88074,690.27167,257.17218,481.06763,693.36523,41288000,36875400,61172200
1148,2026-01-29,257.80103,431.57806,690.37115,259.1685,440.53815,693.3752,253.9382,419.15338,681.2099,257.52155,438.03928,692.70874,67253000,128855300,97486200
1149,2026-01-30,258.99884,428.3823,688.3121,261.41434,437.651,690.5403,251.71236,424.55933,683.48773,254.69682,437.22293,688.13306,92443400,58566800,101835100
1150,2026-02-02,269.50928,421.49298,691.73395,269.98837,428.8303,693.2459,258.72928,420.37796,685.77563,259.54776,428.33252,685.9348,73913400,42219900,79286500
1151,2026-02-03,268.9803,409.38687,685.885,271.37582,420.1788,693.2757,267.11374,406.74863,680.41406,268.7008,420.139,692.52966,64394700,61424100,107904600
1152,2026-02-04,275.97723,412.3537,682.5627,278.4327,417.9388,687.79486,271.78503,407.42563,678.1561,271.78503,409.17783,686.7007,90545700,45012400,105204600
1153,2026-02-05,275.39835,391.92465,674.03796,278.9817,406.48978,680.07587,272.72333,390.58063,672.2176,277.61423,405.6336,677.3404,52977400,66289200,113610800
1154,2026-02-06,277.60422,399.36154,686.96924,280.38904,400.00867,688.6503,276.4164,391.17798,677.25085,276.60608,397.40027,677.85767,50453400,53515300,89127600
1155,2026-02-09,274.36722,411.7663,690.2817,277.94394,413.0506,692.1915,271.44992,399.0927,684.70135,277.6542,403.05508,685.7756,44623400,45480500,73885200
1156,2026-02-10,273.42807,411.43774,688.4613,275.11652,421.8016,692.8579,272.68875,410.8703,688.0037,274.637,417.75958,691.27637,34376900,44857900,65185700
1157,2026-02-11,275.2464,402.57718,688.3022,279.9221,414.6136,693.4548,274.1974,399.2321,685.53687,274.44714,414.3348,692.70874,51931300,42491000,76353900
1158,2026-02-12,261.4891,400.0584,677.6687,275.46622,404.3991,691.67426,259.94052,396.2454,676.77344,275.33633,403.2044,690.5701,81077200,40802400,118829000
1159,2026-02-13,255.54456,399.54074,678.1461,261.98862,403.74203,682.6522,255.21486,396.28522,673.9385,261.76883,402.65686,678.0864,56290700,34091600,96267500
1160,2026-02-17,263.63712,395.1005,679.2403,266.0449,398.74426,681.3193,255.30478,392.78082,672.2077,257.81247,397.45004,676.5447,58469100,32078800,81354700
1161,2026-02-18,264.1067,397.82834,682.6621,266.57443,400.7752,685.507,262.20844,394.5629,679.22046,263.3574,396.36487,680.4042,34203300,23223400,73570300
1162,2026-02-19,260.34012,397.59885,680.86163,264.23654,403.55594,682.5527,259.8106,395.81274,677.94714,262.35828,399.82404,680.22504,30845300,28234000,58649400
1163,2026-02-20,264.33646,396.37152,685.7856,264.50632,399.25525,686.41223,257.9224,394.306,678.1263,258.73163,395.2539,678.7132,42070500,34015200,100034000
1164,2026-02-23,265.93497,383.63907,678.7828,269.18198,394.50552,686.35254,263.13754,382.27203,676.77344,263.24744,394.1463,684.19403,37308200,43238300,90558100
1165,2026-02-24,271.88953,388.1593,683.7165,274.637,388.51852,684.7112,267.4636,380.88504,676.4054,267.61343,383.3098,678.29535,47014600,33884700,73798700
1166,2026-02-25,273.9776,399.73422,689.4859,274.68695,400.60233,690.01306,270.8005,389.31677,686.45197,271.52985,389.68597,686.53156,33714300,43625500,56369500
1167,2026-02-26,272.69876,400.8518,685.6562,275.85583,406.6093,689.6351,270.55072,397.87823,680.73236,274.69693,403.83533,689.6152,32345100,34405900,71671000
1168,2026-02-27,263.93683,391.8912,682.3637,272.5589,395.9624,683.2291,262.64804,389.0374,678.03674,272.5589,390.03525,679.47906,72366500,51367200,83308900
1169,2026-03-02,264.47632,397.68863,682.7517,266.28464,400.32294,684.97986,259.96048,389.78577,674.4359,262.16846,392.01093,675.1123,41827900,35474900,87477200
1170,2026-03-03,263.50723,403.057,676.7337,265.31555,405.82104,679.00165,259.89056,391.82135,666.12006,263.2375,392.29034,671.4915,38568900,38199200,105003100
1171,2026-03-04,262.27835,404.32428,681.50824,265.90503,410.14166,683.4579,261.17938,399.44482,676.02734,264.4064,400.40274,678.02673,39803100,35808000,79182200
1172,2026-03-05,260.0504,409.79242,677.7085,261.31924,410.7204,681.90625,257.0132,403.526,672.03864,260.54996,403.54596,678.4744,49658600,39001300,106606500
1173,2026-03-06,257.223,408.07614,668.8257,258.53177,412.1573,672.53595,254.13583,407.62714,666.21954,258.39194,408.31564,669.8502,41120000,31123900,100687000
1174,2026-03-09,259.64078,408.52518,674.6846,260.9096,409.32343,676.3258,253.44647,402.62796,658.8885,255.45464,404.0449,662.8674,38218500,30131900,102667700
1175,2026-03-10,260.5899,404.8831,673.6003,262.2384,409.3135,679.7476,256.7135,402.05917,671.1931,257.41284,409.14386,674.1374,30590800,31706400,81505300
1176,2026-03-11,260.56992,404.00497,672.7548,261.8887,408.12607,676.485,259.31107,400.72208,669.78064,260.84967,404.69348,673.9982,26218900,25512100,68441700
1177,2026-03-12,255.52457,400.9915,662.53906,258.71164,405.24228,668.09955,253.94601,400.84183,662.35004,258.4219,403.75552,667.61206,40794000,27263900,108882200
1178,2026-03-13,249.88977,394.69513,658.789,256.09406,403.92514,668.78595,249.29033,393.39795,657.86395,255.24484,400.13336,665.7321,36930000,26848000,97200200
1179,2026-03-16,252.5873,399.08563,665.4934,253.6563,399.76416,668.51733,249.65,393.93677,663.59344,251.87794,397.2097,664.8468,32074200,27733700,82023100
1180,2026-03-17,253.99599,398.54678,667.244,254.89517,403.526,670.87476,251.94788,396.89038,666.1598,252.72717,399.4049,668.8356,32361600,26228300,87128000
1181,2026-03-18,249.70995,390.94327,657.93353,254.70534,397.13983,666.1797,248.77081,390.15497,657.6948,252.39748,396.27173,664.8269,35757900,25908500,82062600
1182,2026-03-19,248.73085,388.17923,656.3122,251.5982,391.64172,659.4754,247.07237,386.22348,651.70667,249.17043,389.25693,653.49713,34864100,25138800,111272500
1183,2026-03-20,247.76173,381.0447,646.90344,248.97061,386.16364,655.00256,245.77356,379.2985,643.0633,247.75174,385.9541,654.82306,88331100,50853200,163617500
1184,2026-03-23,251.25851,382.17227,653.6959,254.36565,386.37317,660.9173,250.04962,380.8551,652.25964,253.73622,383.0703,656.379,40546100,29680100,134802700
1185,2026-03-24,251.40837,371.93442,651.5016,254.59544,381.6434,655.34174,249.3203,371.04636,648.2101,250.11957,381.53363,649.64636,45152300,42733600,96457500
1186,2026-03-25,252.38747,370.23813,655.1322,254.76527,376.24512,659.1918,251.36842,368.83118,652.55884,253.86612,376.10544,656.9774,28476700,31181200,90653800
1187,2026-03-26,252.65723,365.17908,643.4324,256.76346,373.91016,653.16724,250.53918,364.40076,643.163,251.88792,370.01862,650.38446,41796700,36836600,96494400
1188,2026-03-27,248.57098,355.99893,632.46063,255.25482,361.6667,641.00854,247.84166,355.7395,631.4831,253.66628,361.11786,640.849,47900000,37883400,103649400
1189,2026-03-30,246.40298,358.1842,630.34607,250.63907,364.57037,638.7245,245.28401,355.51,627.663,249.83981,361.11786,638.46515,39446200,44797000,99275900
1190,2026-03-31,253.55638,369.37,648.6689,255.24483,372.0941,649.8657,246.87256,362.28534,636.3406,247.68181,363.76212,637.29816,49598100,45244400,152534100
1191,2026-04-01,255.3947,368.57172,653.5563,255.94418,373.18173,656.8279,253.09682,367.40427,651.322,253.84613,372.6828,652.2197,40059400,29417200,97841500
1192,2026-04-02,255.68443,372.65286,654.1448,255.89424,372.8325,656.50867,250.41928,363.36298,643.4523,253.96602,366.41638,644.7589,31289400,24099100,68358700
1193,2026-04-06,258.6217,372.07413,657.2368,261.91867,372.9223,658.0248,256.2239,368.70142,653.83563,256.2739,372.6828,654.1747,29329900,16146600,39105800
1194,2026-04-07,253.26666,371.4854,657.526,255.96419,371.64508,657.91504,245.47385,365.7678,649.387,255.92422,369.5396,654.96265,62148000,21443300,69980400
1195,2026-04-08,258.66168,373.521,674.27295,259.5109,384.16794,675.3402,256.29385,370.60733,669.7347,258.21213,384.148,674.652,41032800,33064800,93606100
1196,2026-04-09,260.2502,372.26373,678.16284,260.87964,372.6928,679.4096,255.8343,366.2567,672.03864,258.7616,371.69495,673.1059,28121600,30435300,57134400
1197,2026-04-10,260.24023,370.06848,677.71405,261.94864,374.8282,680.27747,258.78156,369.2303,676.70667,259.7407,372.17395,679.5693,31291500,28111100,42253500
1198,2026-04-13,258.96143,383.5393,684.337,259.9405,383.70895,684.5365,256.42377,370.21814,674.8415,259.49094,372.80255,675.6693,36234700,35745800,54185800
1199,2026-04-14,258.59174,392.2604,692.67554,261.68887,393.837,692.7952,256.95325,385.68466,685.89294,259.01135,387.08167,685.9229,48370700,37504500,63480500
1200,2026-04-15,266.18475,410.33127,698.1414,266.31464,413.47446,698.4806,257.5727,395.8726,692.4162,257.92236,397.13983,693.47345,49913500,45063400,58240400
1201,2026-04-16,263.15753,419.35175,699.857,266.9141,419.91052,700.9742,261.02948,411.2493,696.7351,266.55438,418.95258,699.25854,43323100,41642400,49972400
1202,2026-04-17,269.98126,421.87628,708.31525,272.04935,430.64728,710.55945,266.4745,419.78082,703.9465,266.71426,423.9019,704.3255,61436200,48568200,70661900
1203,2026-04-20,272.79865,417.16647,706.8988,274.02753,422.41507,708.08575,270.0412,415.40027,704.3255,270.08115,420.2398,706.9587,36590200,27582200,43546800
1204,2026-04-21,265.92502,423.24332,702.2708,272.5489,426.25677,709.45233,265.1557,416.29837,700.83453,271.2501,419.3318,708.4549,50209800,32048500,58941400
1205,2026-04-22,272.91858,431.98438,709.3825,273.48804,432.7627,709.6219,266.62436,422.75436,706.40015,267.5735,425.26892,707.3278,43249200,29378200,42518500
1206,2026-04-23,273.1783,414.85147,706.6296,275.51614,422.7444,710.5295,271.39996,410.52084,700.47546,274.7968,418.98254,707.6769,33399600,38308000,56174000
1207,2026-04-24,270.8105,423.7023,712.10547,272.80865,424.03162,712.6341,269.4018,414.90137,707.1882,272.50894,416.06885,708.92365,38157100,27457400,45182000
1208,2026-04-27,267.36365,423.9019,713.3323,268.11295,426.18692,713.79114,264.82602,416.16864,710.46967,265.84506,421.46716,711.3374,41466800,30867300,33135900
1209,2026-04-28,270.46082,428.3223,709.8612,272.97852,428.99088,711.04816,268.41272,420.9882,707.4275,272.08932,423.6524,709.9909,40018900,30438100,43117400
1210,2026-04-29,269.92133,423.54263,709.7515,270.79053,425.89755,710.36993,266.7942,419.38165,706.54974,267.3037,423.66238,709.173,30047900,38288300,41859200
1211,2026-04-30,271.10025,406.8987,716.8133,275.74597,413.52438,717.94037,267.89322,397.14984,708.62445,270.25104,409.92215,712.7937,91848200,70909400,67240900
1212,2026-05-01,279.88214,413.5443,718.7982,286.9556,416.20853,723.0073,278.11374,409.55295,718.61865,278.6033,411.90784,719.39667,79915400,31372400,43049800
1213,2026-05-04,276.57516,412.72607,716.165,280.37167,419.8706,720.2644,274.60696,409.91217,713.1527,279.4026,410.65057,718.21967,46668400,28066500,51950600
1214,2026-05-05,283.91843,410.49094,721.9102,284.30807,415.87927,723.17694,276.2455,407.9165,719.63605,276.6751,414.42242,719.91534,49311700,25700900,36933200
1215,2026-05-06,287.24536,413.06534,731.94434,287.76486,417.51572,732.7024,280.81128,404.23447,725.94977,281.66052,407.11823,726.2889,58336100,30285900,53288900
1216,2026-05-07,287.1754,419.86063,729.70013,291.8611,427.05505,734.2384,285.51694,417.85498,727.8748,289.00372,419.20206,733.1612,45224300,34942400,51724600
1217,2026-05-08,293.05002,414.22284,735.7246,294.4887,417.72525,736.1835,289.73306,413.10526,732.68243,289.74307,416.48795,733.0415,52692800,33383800,47227100
1218,2026-05-11,292.68,411.76816,737.40027,293.88,411.7981,738.8864,290.23,404.62363,734.5576,291.98,406.9885,734.5576,42247300,35657900,44024000
1219,2026-05-12,294.8,406.8887,736.28314,295.27,414.60202,736.94147,292.56,405.76117,729.94946,292.56,413.58423,734.99646,45748100,38594200,54185300
1220,2026-05-13,298.87,404.33426,740.4025,300.92,405.4319,741.9984,293.5,400.1633,733.5801,293.5,402.3286,736.5724,52684300,29667100,44200200
1221,2026-05-14,298.21,408.54514,746.2475,300.45,410.94992,747.60406,295.38,400.0136,741.64935,299.82,403.60587,741.73914,35324900,27077500,45307600
1222,2026-05-15,300.23,421.00815,737.2706,303.2,427.24463,741.5496,296.52,412.0176,736.0638,297.9,413.37466,739.8839,54862800,50771200,60410800
1223,2026-05-18,297.84,422.62466,736.75195,300.66,424.20123,739.5148,294.91,414.7118,731.50543,300.24,415.7196,737.9289,34483000,32564100,47843900
1224,2026-05-19,298.97,416.51788,731.8446,300.51,431.76486,735.7546,296.35,415.58987,729.6503,296.97,428.9709,732.89197,42243600,33018700,54255900
1225,2026-05-20,302.25,420.15,739.3453,302.8,421.18774,739.9637,298.08,410.41107,732.0042,298.18,413.2749,733.8195,38229800,27864000,45768000
1226,2026-05-21,304.99,419.09,740.81146,305.54,426.34,742.95593,300.4,415.71,735.13617,301.06,424.75,736.742,42965100,31393500,43332200
1227,2026-05-22,308.82,418.57,743.724,311.4,424.4,747.0155,305.84,416.33,742.56696,306.12,419.54,744.32245,43670200,22390300,41762000
1228,2026-05-26,308.33,416.03,748.6613,311.82,419.77,750.1973,307.67,413.02,746.44696,309.56,416.43,748.08276,48000500,30398000,41123600
1229,2026-05-27,310.85,412.67,748.5316,313.26,415.94,749.4492,308.3,409.58,746.2973,308.33,411.01,748.9505,50430900,28901500,42106300
1230,2026-05-28,312.51,426.99,752.66095,312.8,429.49,753.2096,309.57,412.67,747.30475,310.68,412.98,748.32214,48220400,47250500,41562600
1231,2026-05-29,312.06,450.24,754.53613,315.0,450.33,756.1321,309.53,432.36,752.75073,311.78,432.55,753.95764,70026800,79654400,55075700
1232,2026-06-01,306.31,460.52,756.5908,310.94,466.32,758.3264,305.02,458.27,752.75073,309.63,464.84,753.419,48849900,53628900,43634900
1233,2026-06-02,315.2,441.31,757.6182,315.45,453.5,758.4461,306.69,440.43,754.8055,307.46,446.88,755.0848,44534700,37036800,31581900
1234,2026-06-03,310.26,427.34,752.3019,316.94,440.39,756.85016,308.85,424.25,751.6336,314.18,438.45,756.20184,50836700,39037000,51402500
1235,2026-06-04,311.23,428.05,755.1446,313.54,436.15,756.36145,309.65,426.41,749.539,313.23,435.81,750.16736,44869100,26899500,49923000
1236,2026-06-05,307.34,416.67,735.6548,315.17,429.47,750.88556,307.15,414.4,733.64,312.86,428.34,750.3769,65310500,34782200,93989400
1237,2026-06-08,301.54,411.74,737.32043,317.4,417.16,743.42474,301.17,408.56,736.2931,308.74,414.14,741.4498,77949100,32086700,49319100
1238,2026-06-09,290.55,403.41,735.15607,300.75,411.98,744.9808,287.78,398.48,720.7333,300.28,409.03,741.7192,70108800,35317300,87683500
1239,2026-06-10,291.58,397.36,723.5659,294.75,405.04,736.48267,287.38,397.16,723.4662,290.74,398.55,731.5055,52793300,32576000,60341300
1240,2026-06-11,295.63,390.34,735.86426,297.0,396.85,738.0985,289.59,384.0,722.5485,293.72,395.21,726.8874,42572500,47224100,86330500
1241,2026-06-12,291.13,390.74,739.844,297.14,391.74,742.5271,289.62,382.27,733.1413,296.03,391.43,738.8067,38742100,34865800,57079500
1242,2026-06-15,296.42,399.76,752.8904,297.78,401.75,754.7356,291.7,392.85,749.82825,294.12,396.8,749.91797,45732600,32266400,60176400
1243,2026-06-16,299.24,393.83,748.402,300.48,396.84,753.49884,293.97,390.69,747.9531,295.25,395.79,752.6111,39874400,31506800,67093100
1244,2026-06-17,295.95,378.91,739.056,302.07,390.37,750.2173,294.36,377.32,737.32043,300.85,390.25,749.35944,42745100,41987800,85945200
1245,2026-06-18,298.01,379.4,746.74,300.57,381.37,748.23,295.62,373.28,743.86,298.11,377.82,747.76,85962200,59714200,80875700
1246,2026-06-22,297.01,367.34,744.39,302.42,381.63,750.18,296.76,367.07,743.13,297.31,375.74,747.7,44879900,45171100,46628100
1247,2026-06-23,294.3,373.94,733.58,301.64,377.22,739.63,294.18,370.67,732.3,297.54,372.38,733.81,52010900,40647600,66846800
1248,2026-06-24,293.08,365.46,733.24,299.7,378.88,739.95,292.94,364.78,730.84,295.36,371.57,735.17,53081900,44509900,57439500
1249,2026-06-25,275.15,352.83,734.3,288.8,364.23,739.37,273.75,349.2,729.6,287.4,362.77,738.91,107013700,66179000,53934400
1250,2026-06-26,283.78,372.97,728.99,285.95,376.61,736.53,274.21,355.43,716.58,275.0,357.15,728.95,261775500,186201600,71034000
1251,2026-06-29,281.74,368.57,741.0,288.37,380.5,741.56,279.85,359.9,732.09,286.73,377.5,736.53,66427000,51229900,58035200
1252,2026-06-30,289.36,373.02,746.77,289.94,374.15,748.02,280.7,367.45,740.89,281.17,371.03,741.29,65100200,44945700,55626000
1253,2026-07-01,294.38,384.28,745.76,296.59,388.83,749.435,289.195,374.89,742.375,293.33,380.825,745.0,50046592,43832611,39119066
