Price,Close,Close,Close,High,High,High,Low,Low,Low,Open,Open,Open,Volume,Volume,Volume
Ticker,AAPL,MSFT,SPY,AAPL,MSFT,SPY,AAPL,MSFT,SPY,AAPL,MSFT,SPY,AAPL,MSFT,SPY
Date,,,,,,,,,,,,,,,
2021-07-02,136.4263153076172,266.45977783203125,405.36810302734375,136.46529884864614,266.79567752816956,405.72326732240344,134.27210654572147,261.5173457785115,402.3772728272661,134.41831341650158,261.82445574570187,403.4521211484216,78852600,26458000,57697700
2021-07-06,138.43426513671875,266.4693908691406,404.62969970703125,139.53572463895688,268.11046403566195,405.6391169295271,136.53350195950557,263.244794707822,401.9005937821132,136.53350195950557,266.8244739642971,405.4241415803903,108181800,31565600,68710400
2021-07-07,140.9198760986328,268.64794921875,406.0596923828125,141.231788943126,269.3773282430186,406.34009873848606,139.05809657469072,265.9799929781562,403.3025486160357,139.91586805219615,268.1393110275168,405.31199914635374,104911600,23260000,63549500
2021-07-08,139.6234588623047,266.2391052246094,402.7510681152344,140.42274763655988,267.4963057183195,403.5081166897468,137.11833949517367,263.79186075613046,399.57330096190816,138.00536723887996,265.74004413313054,400.75094475455643,105575500,24618600,97595200
2021-07-09,141.4462432861328,266.7381286621094,407.0503845214844,141.97260274724476,266.8436812511514,407.349473214676,139.04834716131978,264.2237277535544,402.55481277928465,139.1458282969305,264.6076006127589,404.25584763381096,99890800,23916700,76238600
2021-07-12,140.85166931152344,266.1430969238281,408.5083923339844,142.62572515772004,268.49433627554,408.76076088893643,140.36429329314447,265.43290144744316,406.5363351584208,142.51850183873523,267.9089353442858,406.9662573135737,76299700,18931700,52889600
2021-07-13,141.9628448486328,269.65557861328125,407.1157531738281,143.7369001800956,271.4502066850758,409.21867209378087,140.00359917768813,266.21027111145844,406.8540577380294,140.3934939298509,266.33500707591065,407.72325737950405,100827100,26120100,52911300
2021-07-14,145.3842315673828,271.1239013671875,407.7232666015625,145.79364043052715,272.2275466221714,409.2934677745335,143.95134516697595,269.2428749057434,406.48022038406873,144.3607540301203,270.97034639354206,408.80744158086895,127050800,23113700,64130400
2021-07-15,144.7311248779297,269.70355224609375,406.3307800292969,146.2127515919836,271.1239138520069,407.0597909836697,143.37622064145185,268.5519045345298,404.4334804606937,145.47194567172176,270.6344591814496,406.3868556009662,106820300,22604200,55126400
2021-07-16,142.6938934326172,269.4348449707031,403.1436462402344,145.97880173322068,272.6498347308158,407.55510476141916,142.19677544564345,268.19682804350134,402.75111727654803,144.71163648718607,270.7016516270204,407.50838463044124,93251400,26186800,75874700
2021-07-19,138.85342407226562,265.8455810546875,397.1900939941406,140.43253247911716,269.0701477729701,403.209119261047,138.09311867670348,263.38875994905754,394.3862012992217,140.12060468938105,267.688182240101,398.3303448309812,121434600,32935600,147987000
2021-07-20,142.45997619628906,268.0625305175781,402.8819274902344,143.3860023478585,269.6460244586933,404.1530401378472,139.35053030452949,265.1258605067467,397.0591676686946,139.83790622702588,266.8245133835614,397.85360950811923,96350000,26259700,99608200
2021-07-21,141.72894287109375,270.05865478515625,406.1437683105469,142.4405225803077,270.173813707087,406.28398573679834,140.97839449756518,266.11431527092736,402.83519609526724,141.8556653977963,267.6594129528652,404.07824240394586,74993500,24364300,64724400
2021-07-22,143.0935821533203,274.6076354980469,406.99432373046875,144.4582288663732,274.8763494100788,407.23733686784163,142.12857241610413,271.9972592293282,405.34003746820474,142.25529492286392,272.4003154535662,406.3213884076943,77338200,23384100,47878500
2021-07-23,144.80914306640625,277.9953918457031,411.1814270019531,144.9651069434816,278.30247257073574,411.51788035862415,143.2105505102186,274.9531400276046,408.2373460404216,143.82464898024415,275.78807157831795,408.91960818789283,71447400,22768100,63766600
2021-07-26,145.22833251953125,277.400390625,412.1908874511719,146.0471207803315,278.0146107287194,412.200242886932,143.97089387930282,275.087546757428,410.54595654958047,144.52650976069162,277.35241749273354,410.5926766830411,72434100,23176100,43719200
2021-07-27,143.0643310546875,274.99151611328125,410.3122253417969,145.44272791296905,277.9089731585834,411.18142503169713,141.87513262554674,271.54620828066527,407.4896224241449,145.35498894389306,277.76502450299625,411.15338725210887,104818600,33604100,67397100
2021-07-28,141.3195343017578,274.6844482421875,410.1439514160156,143.25929604709813,278.45605003500003,411.51785959844165,138.94113715127986,272.39075859018243,408.72332311063053,141.15382825419624,277.34279811505564,410.93839316496434,118931200,33566900,52472400
2021-07-29,141.9628448486328,274.953125,411.8450012207031,142.8498725143642,276.9876774693035,412.91982079238494,140.92961036922324,274.5500394694676,411.05991487644866,141.0368336570977,274.70359446740275,411.06927031045103,56699500,18168300,47435300
2021-07-30,142.1773223876953,273.42718505859375,409.84490966796875,142.63545700170118,275.1066542513288,411.29357581662805,140.47150644681145,272.46748837703086,409.1532635675781,140.73469364228038,273.676715567838,409.28412555399376,70440600,20944800,68951200
2021-08-02,141.8459014892578,273.3408508300781,408.98504638671875,143.2397895751834,275.212242025892,412.1067095157106,141.582714310116,272.30436188036447,408.62988215553224,142.6646895204393,274.8187628216139,411.55528082300833,62880000,16267400,58783300
2021-08-03,143.63943481445312,275.54815673828125,412.3124084472656,144.30225894055675,275.65373862205524,412.4339150257173,141.51446802349406,272.55390723217295,407.5925338958521,142.12856645538005,273.9166896548883,409.77956673996874,64786600,17879000,58053900
2021-08-04,143.23977661132812,274.96270751953125,410.2842102050781,144.05856456840556,275.99916705627766,412.2843051456388,142.5866946784069,273.1776564498441,410.0505525213927,143.55170433223327,274.68438727940855,411.0319033838049,56368300,16191300,46732200
2021-08-05,143.34703063964844,277.85137939453125,412.8824462890625,144.10733603044793,277.95696126160766,412.96655962509095,142.4795019309908,274.56923306560276,411.1253360982536,143.2690486927029,275.317795323746,411.4431070974712,46397700,13900200,38969700
2021-08-06,142.6636962890625,277.79376220703125,413.5647277832031,143.6106236198985,277.832158270537,413.9853230057107,142.16583326910765,276.0279240247651,412.9198303207797,142.8687074712915,276.88206803398026,413.20023664333985,54126800,16589300,46930000
2021-08-09,142.6148681640625,276.7093505859375,413.22833251953125,143.21035833317768,279.7995752873609,413.8545192015544,142.05843483321482,276.2103188203015,412.46192839518204,142.72225212556916,278.07213285524966,413.53674814277605,48908700,16117600,41222600
2021-08-10,142.1365203857422,274.8955078125,413.7423095703125,144.19632898598317,277.592253026987,414.4526380263717,141.84365370926938,273.70549335133626,412.9946164227404,142.95653516321173,277.1603778240849,413.676878576167,69023100,18616600,43339300
2021-08-11,142.39031982421875,275.385009765625,414.7703552246094,143.22986295766566,277.0260831007816,414.86382398659487,142.0681679932176,274.3389144756151,413.6861803354337,142.57580253562702,275.6345110192113,414.8077484339359,48493500,13955900,44034300
2021-08-12,145.34825134277344,278.12969970703125,416.0135192871094,145.50444888855472,278.2832546943312,416.1537367311729,142.37080079552103,274.7995509694879,413.72369084389135,142.7124810649403,275.0778712144452,414.62092846348145,72282600,14561300,38909400
2021-08-13,145.55328369140625,281.0471496582031,416.7705993652344,145.88519235268876,281.0951227722163,416.7892817139917,144.74302556240244,277.64020922241923,415.9761574416634,145.42637130499,277.8129768656206,416.4621552133837,59375000,18249000,39470300
2021-08-16,147.5252227783203,282.7266540527344,417.7518615722656,147.59356480078714,282.93778849851935,417.88269503110484,142.9858407795006,278.33122675983446,413.91987021373245,145.00659283395282,281.37347818942425,415.4713605109986,103296000,22507600,73740000
2021-08-17,146.61732482910156,281.2679138183594,415.0135192871094,148.07187159409528,281.60381354222284,415.8733637558073,145.5434853619502,279.3485202964206,412.0320443878525,146.65636676617194,280.60574999790174,415.200428356418,92229700,20075300,92673900
2021-08-18,142.87841796875,279.5467224121094,410.4710998535156,147.13470375005627,283.4793919946404,415.56484852636714,142.6734068529053,279.10439575220477,410.2281152693712,146.2365903149313,280.8063292983416,414.00400272308775,86326000,21813000,89351900
2021-08-19,143.21038818359375,285.3544006347656,411.1067199707031,144.47946756706352,286.02748609208663,412.3030748636905,141.06272340162622,277.5371547943832,407.61120965110115,141.5801148978695,277.5852197511838,407.7513985767886,86960300,29850500,92812200
2021-08-20,144.66488647460938,292.6524658203125,414.37786865234375,144.9675098694575,294.0755466635113,414.7049951138694,143.28842371499448,286.5948135303095,410.96647217681397,143.93272733385453,288.190963446094,411.4524984131377,60549600,40817600,72008700
2021-08-23,146.14874267578125,292.9313049316406,418.02288818359375,146.6173203855108,293.6524553767425,418.9294809997778,144.3720292286724,290.23902167406834,414.4525924726287,144.78203658666285,291.5851633028545,416.06015823361497,60131800,22830200,54973000
2021-08-24,146.06088256835938,290.9794006347656,418.68658447265625,147.27139120779157,293.892847343343,419.2193309044513,145.60206158624175,290.38325427792677,418.1725489124351,145.89492826143862,293.28707625697854,418.68658447265625,48606400,18175800,38744700
2021-08-25,144.83087158203125,290.39288330078125,419.5650939941406,146.74425443123712,292.8736280290071,420.0791294982954,144.28419502392072,288.86404781166596,418.49960124676494,146.24637657624294,292.5947749618287,418.87347636542324,58991300,20006100,40529700
2021-08-26,144.03038024902344,287.5851745605469,417.0883483886719,145.5727977281921,290.79669430920046,419.5183656415265,144.00109506679658,287.4505750714238,416.99487960448477,144.82112485660906,289.4120831267804,419.2847079423929,48597200,17666100,57829600
2021-08-27,145.0651397705078,288.19097900390625,420.8175048828125,145.21156564308194,289.29673726337023,421.19135148689224,143.33723999505236,285.4121315880625,417.83603043980827,143.97177197062845,287.4890486022759,417.8921060042868,55802400,22605700,77235100
2021-08-30,149.4776153564453,291.912109375,422.6680908203125,149.83882401907485,292.51788050210155,423.4531772582027,145.07490345956626,289.47942948011064,421.24743377041483,145.45562564226032,289.53711917376893,421.4904469021432,90956700,16348100,48357400
2021-08-31,148.21832275390625,290.2679138183594,422.04180908203125,149.16524992421503,292.7871284221074,422.91100873089704,147.6911597437249,289.9025261716433,421.4436603048322,149.0285807911714,292.7102186066526,422.57455539172196,86453100,26285300,59300200
2021-09-01,148.8821563720703,290.21978759765625,422.26617431640625,151.2934023311897,293.4505570216653,423.49053835442544,148.71620204197066,289.89286956645867,422.03251662178167,149.1945515081308,291.2197911507648,422.97650283531857,80313700,18983800,48721400
2021-09-02,149.99502563476562,289.5659484863281,423.5652770996094,151.0395800272227,291.69093033858195,424.3690457877398,148.77476016459727,288.6332593639689,422.3689509787344,150.20979354918074,290.5755767585639,423.6867836507604,71115500,16285600,42501000
2021-09-03,150.62954711914062,289.5563659667969,423.4625549316406,150.9516989362315,290.96019740569926,423.9766190394055,149.44832378980732,288.7102113426839,422.03257079787886,150.10238418360416,289.4121123902904,422.434483761454,57808700,14747900,47170500
2021-09-07,152.9627227783203,288.63330078125,421.94842529296875,153.51915609845358,289.50830033860336,423.21018261431715,150.71743128739138,286.7294820320938,421.2754899564276,151.28363626481305,289.43139052137866,423.1167138270563,82278300,17180400,51671500
2021-09-08,151.42030334472656,288.662109375,421.4343566894531,153.3043860941943,289.04671710020153,422.14468518971387,150.31717858511598,286.0275156464967,419.5183465302411,153.24581573453693,288.2486568040006,421.4156743425341,74420200,15046800,56181900
2021-09-09,150.405029296875,285.81597900390625,419.6305236816406,152.39649574316758,290.5178943078141,422.9858446456514,150.2878736971047,285.5755955060056,419.38751055980504,151.7912489116524,289.24866239641324,421.23808970978325,57305700,19927000,57970400
2021-09-10,145.42637634277344,284.33514404296875,416.3219299316406,151.78151431271888,288.38322235824313,421.97643464658915,145.1627947987088,284.017850808825,416.2004233686548,151.31293648668662,286.9409216974985,421.55586791625456,140893200,19633400,89948200
2021-09-13,145.99253845214844,285.5659484863281,417.3873596191406,147.8180505115286,287.0563436631931,419.57442052650157,145.21156570783384,282.76788126792405,415.07882068151736,147.04684942260073,286.1044051321014,419.3127250750678,102404300,23652900,83738600
2021-09-14,144.59657287597656,288.25830078125,415.13494873046875,147.4764113119793,289.79676112846977,419.03234294728094,143.41536423851278,286.6333058908585,414.2470381175579,146.77353720711707,288.0371373862397,418.82672304337876,109296300,21853400,78197100
2021-09-15,145.48492431640625,293.09478759765625,418.60247802734375,145.8851749521173,293.57555457579934,419.09783124683656,142.88819590848047,290.2101857287975,414.45271468859767,145.02610332343372,291.5947969733447,415.55557226819735,83281300,28356300,78792200
2021-09-16,145.2506103515625,293.47943115234375,417.9388732910156,145.4263362978241,293.56596569773495,419.05105771787464,143.71796490468603,289.19099739981857,414.99476341128366,144.90894501042473,292.0755996209567,418.0790622084627,68034100,19550800,77786700
2021-09-17,142.58555603027344,288.335205078125,413.86767578125,145.27991132028194,292.7871123350573,417.59004823430996,142.29268938190515,288.0082870289444,413.51137369740354,145.27991132028194,292.469819016164,417.168134146106,129868800,41372500,118425000
2021-09-20,139.5398406982422,282.9793701171875,406.966796875,141.39463880314457,287.22936219183777,409.3296017705494,137.90956733542686,278.38323997844657,402.10987722418974,140.37938418585364,284.93128245062667,407.7543985068498,123478900,38278700,166445500
2021-09-21,140.0181427001953,283.46014404296875,406.5824279785156,141.16032435989862,286.09476653004566,410.5954627681674,139.38361057442205,282.75824316987325,406.0573601454061,140.50624891873463,284.31592318439675,409.3015353887008,75834000,22364100,92526100
2021-09-22,142.38058471679688,287.09478759765625,410.5484619140625,142.94677480134484,288.6717173261203,412.5831207202877,140.28171911608493,283.18136680799097,406.69483696311266,141.01387841720836,285.3159733040297,408.85136298150707,76404300,26626300,102350100
2021-09-23,143.33724975585938,288.0371398925781,415.5366516113281,143.5813028239796,289.32559200827507,417.14001100580157,142.17555476827644,286.08522692976766,412.17996661282217,143.1615238009879,287.3544589280449,412.4143728690153,64838200,18604600,76396000
2021-09-24,143.4251251220703,287.835205078125,416.2211608886719,143.96204492535793,288.26787776636394,416.9337651199925,142.09747565204063,285.5082799167376,413.6895616772255,142.19510285111807,286.7582917069234,413.90522575092706,53477900,14999000,62094800
2021-09-27,141.91197204589844,282.8544616699219,415.0303955078125,142.48794860245857,285.0659780697312,416.3524217423701,140.39885495340664,281.67176431973326,414.3365334637065,142.00959923062172,284.7486847699523,415.1897757538297,74150700,23571700,61371100
2021-09-28,138.5343017578125,272.61407470703125,406.6667175292969,141.30674132874793,279.5948200559048,412.59251441684535,138.31953384357482,271.8737041842086,405.93537117136833,139.8424227657557,278.65250629111523,412.26433994291904,108972300,43186200,130436300
2021-09-29,139.43240356445312,273.0757141113281,407.3511962890625,141.0138627120859,275.7391532943879,409.77964162679973,138.6514307510702,272.1238046387394,406.7886155612909,139.08096654322168,274.13340760514626,408.045029638689,74602000,26353700,82329200
2021-09-30,138.13401794433594,271.0757141113281,402.37237548828125,140.94551367693097,276.7583549818857,409.52642965582174,137.91925008166186,270.78723626688867,402.0348156347722,140.2426397437822,274.71990732676227,408.8232109595568,89056700,32343600,140506000
2021-10-01,139.2566680908203,277.9794921875,407.1542663574219,139.5202495626883,278.8256468235506,408.8326231008619,135.80088336468526,270.4699138080857,400.58153463739126,138.52450892126643,271.26797413672585,404.0976283486504,94639600,30086300,129240100
2021-10-04,135.83018493652344,272.2198181152344,401.9035949707031,138.82716398233575,276.6813490007705,406.89173823936943,134.98088496397907,269.4698455515758,399.7657824946463,138.38785651091933,276.34480630440487,405.9916262485337,98322000,31350700,128570000
2021-10-05,137.75332641601562,277.652587890625,406.0854187011719,138.8564511470798,279.22948850924683,408.32632771246665,136.0449547897289,273.1237412861691,402.60683774485324,136.17186716291496,273.1237412861691,403.4037961536202,80861100,24993000,90682500
2021-10-06,138.62216186523438,281.835205078125,407.7731018066406,138.76858776803195,282.3352215175468,407.97938044868795,135.07850605934124,274.5275704532508,400.8721956255004,136.15234566592073,274.7871740588591,402.49426854273986,83221100,28002600,113032200
2021-10-07,139.8814697265625,283.5083312988281,411.298583984375,140.78935501402486,285.229485530052,414.13020116989895,139.32503639848235,282.6141116407885,410.86728449835147,139.6569450430087,283.82562463617745,411.0454355366307,61732700,20430500,72437500
2021-10-08,139.500732421875,283.5083312988281,410.5484619140625,140.7502829805711,285.229485530052,412.45186810178103,139.16882381318146,282.46026266569163,409.92026919841044,140.60385709315267,284.82562830246127,412.06743842451107,58773200,17685700,74557400
2021-10-11,139.41287231445312,282.9122314453125,407.5762634277344,141.36529686032225,286.5083601313148,412.79884218436496,138.43666004151856,281.48915019910635,407.5106228023292,138.88572424122802,281.6526239319685,409.89219860577384,64452200,19298600,65233300
2021-10-12,138.14381408691406,281.6141052246094,406.5729675292969,139.84242905892054,284.0756301147398,408.89828794249456,137.68499305819657,281.10449333744236,405.785365924999,139.82290063970592,283.97947083828177,408.49511604042164,73035900,17974100,71181200
2021-10-13,137.55807495117188,284.912109375,408.03564453125,138.0364094315763,285.8447984376841,408.8513737107969,135.88874541033104,282.20057671725624,404.62270437794365,137.88022678873125,283.5659677751689,407.59495963247764,78762700,23416300,72974000
2021-10-14,140.34030151367188,291.10443115234375,414.8990783691406,140.45745714105692,291.6044182903468,415.04910180856405,138.14382342191217,286.3736707555064,411.2235756383798,138.72955687137625,287.700592428169,411.6923881563111,69907100,27262900,70236800
2021-10-15,141.3945770263672,292.5082702636719,418.05877685546875,141.453147377337,292.73905839342854,418.4244642725793,140.09621296187518,288.9602072094581,416.389805808692,140.35003767716657,290.7102062536316,417.0086416279291,67940300,25384800,66260200
2021-10-18,143.06390380859375,295.46978759765625,419.2965393066406,143.34699879821167,296.3543824347761,419.6340705825797,139.75454497889402,291.04672538099135,415.6210366001597,140.03763996851194,291.89287998601975,416.2773855665458,85589200,22729300,62213200
2021-10-19,145.2213134765625,296.3735656738281,422.5313415527344,145.62156403141842,297.40238451063647,422.59695355572194,143.0638929755576,295.40240717227346,420.3091462784129,143.51294222106137,296.48894503169953,420.91862541650084,76378900,17682100,46996800
2021-10-20,145.70945739746094,295.58514404296875,424.19091796875,146.18780683574556,297.78706492240235,424.4909648278342,144.59657585778285,294.3351323484767,422.878248727811,145.16278083703227,297.3158933508054,422.99075914645675,58418800,16537100,49571600
2021-10-21,145.92422485351562,298.8062744140625,425.29730224609375,146.0804224119474,299.0562532662077,425.5223230800388,144.35252229936606,294.5755019170204,423.15951848148666,145.27016433537898,295.35437134682337,423.59081795122904,61421000,16918100,41305400
2021-10-22,145.1529541015625,297.2678527832031,424.85662841796875,146.60750034240502,299.1236063471209,426.30996431243693,145.10414052595172,295.96015129406624,422.91573783259383,146.12916603053037,298.4601455444869,424.86601382430814,58883400,17449300,58845100
2021-10-25,145.10421752929688,296.2774353027344,427.135009765625,145.8168484447923,297.4985727507945,427.4631842019091,144.1084766625064,294.6716608327069,424.1721402757418,145.14325947301697,297.46010317986077,425.94423644921017,50720600,17554500,45214500
2021-10-26,145.76803588867188,298.1812744140625,427.51947021484375,147.2518679421637,300.3831953408259,429.8916602272119,145.46539754636262,296.7293781263278,427.144425952367,145.77779264971988,299.03705370094167,428.68214462677764,60893400,28107300,56075100
2021-10-27,145.3092041015625,310.7389831542969,425.6254577636719,146.16826078037482,313.55627098080305,428.6446111455954,144.95776708428832,303.8447708537641,425.5504317463337,145.80706700277705,303.8447708537641,427.97890546543795,56094900,52588700,72438000
2021-10-28,148.9407196044922,311.87353515625,429.7323303222656,149.52643805425132,312.37352223466706,429.80732773792477,146.1585085567286,308.9985287602132,427.0413509410185,146.256135746264,311.8542856977465,427.05070773419686,100077900,26297900,51437900
2021-10-29,146.2366180419922,318.8638916015625,430.60430908203125,146.373287179863,319.2292792064878,430.89497056169455,142.92725865743117,311.44084815229064,427.14447031928165,143.7179883048137,311.6620115299265,427.435131798945,124953200,34766000,70162400
2021-11-01,145.4165802001953,316.7004089355469,431.34503173828125,146.13896771640327,318.7388560634213,431.9638676988326,144.28417043944881,313.81580729941845,429.6198050970678,145.44586537540286,318.6138519641994,431.5887947913139,74588300,27073200,48433600
2021-11-02,146.45140075683594,320.31585693359375,433.0890197753906,147.96453308347574,320.6235548856837,433.3984520764042,145.113979527006,317.30625052903974,431.38253525829714,145.12375118515345,317.6043237502232,431.51381650455664,69122000,26487100,48908400
2021-11-03,147.88641357421875,321.15234375,435.733154296875,148.35499132920407,322.01771844825345,436.1363262379375,146.25614074482093,317.9311991041292,432.085778783507,146.81257403590004,321.0561844849301,432.5264637419388,54511500,21500100,52509800
2021-11-04,147.3690185546875,323.49853515625,437.7864685058594,148.80403696262286,323.59469443504923,437.87085131761023,147.0566234619275,316.8351108815185,435.9862160130472,147.97426542713765,320.0851008365663,436.33313266603705,60394600,23992200,52847100
2021-11-05,147.89694213867188,323.13311767578125,439.3054504394531,148.79636649786093,325.75811609186775,441.2932109079652,146.70422366033108,321.556217155061,437.7958878886841,148.49330137784227,325.4888877422965,440.0086692059953,65463900,22570100,66390600
2021-11-08,147.0757293701172,324.0273742675781,439.6805114746094,148.18046407919945,324.6619903091156,440.8994412181432,146.80199217243356,321.57547399482706,438.9960634954237,148.02403856122066,324.3254474977967,440.40250108208477,55020900,20897000,50405200
2021-11-09,147.4374542236328,323.0273132324219,438.2271423339844,148.0435844748696,325.6907514710201,440.28054321030675,146.70422637098488,321.6619222348102,436.8207049454919,146.8410949734435,324.1426666918192,440.0461369788913,56787900,21307400,51149100
2021-11-10,144.61209106445312,318.075439453125,434.70172119140625,146.77267581374304,321.75813115179415,438.2272005366199,144.54366421842147,317.22931417120816,433.2202862022842,146.6651351263565,321.7004414585655,436.53945827784827,65187100,25500900,69429700
2021-11-11,144.56317138671875,319.6427917480469,434.8423156738281,146.0882826457482,320.93124399306816,436.2675239203641,144.37741797894228,317.79666260497214,434.8235734757579,145.6288070022433,318.5081884888974,436.1924978999976,41000000,16849800,34848500
2021-11-12,146.63580322265625,323.7677307128906,438.1240234375,147.03662312152338,324.2581224444753,438.6772187538003,144.18192440007093,320.95044312615977,435.1611250038921,145.11067671997742,321.07544724155895,436.1081354103615,63804000,23831000,53466700
2021-11-15,146.6455841064453,323.14276123046875,438.2740783691406,148.48354686753203,324.8831355458123,439.56800554034606,146.08832372641191,321.18122351578705,437.14894545673525,147.00730510695527,324.5562174839805,439.40862530276064,59222800,16723000,46980500
2021-11-16,147.62322998046875,326.450439453125,440.0086975097656,148.1022776202638,327.5658224885891,441.14321584749956,146.00034850775356,322.6043031971898,437.93655408966225,146.58693684556133,322.76774755560007,438.01155150607127,59256200,20886800,48857500
2021-11-17,150.0575408935547,326.6719665527344,438.93975830078125,151.53376771191043,329.62928356256526,439.9242530537252,147.61344786594324,325.59308293416547,438.32092239942926,147.62321886773208,326.4985808420445,439.74610202390977,88807000,19053400,47858300
2021-11-18,154.33958435058594,328.7430725097656,440.4305725097656,155.12169711619316,329.87978087178396,440.6931063478928,149.62738067059388,324.74541145445266,437.25201023461375,150.27262482103686,325.7664999341988,439.9711168325113,137827700,22463500,50625600
2021-11-19,156.9596405029297,330.51544189453125,439.6429443359375,157.41913113659675,332.43241492443923,441.56506389702315,153.02953515610952,329.638871148073,439.277256897484,154.12448394226502,330.06272241316236,440.3180067810075,117305600,21963400,57315600
2021-11-22,157.4191131591797,327.3558654785156,438.40533447265625,161.9944471367291,336.8346949958714,444.0029569483632,157.39955624235793,327.0861445993955,438.19905582510415,158.06434223873075,331.9700474366429,441.5182563851529,117467900,31031100,72762000
2021-11-23,157.80038452148438,325.2848205566406,438.9866638183594,158.18166233731603,326.9898682292672,439.8399060268832,155.50293170970644,321.31605752223925,435.4799553727706,157.5168614506406,324.6779411746802,438.0771663973215,96041900,30427600,73206500
2021-11-24,158.3185577392578,325.5063781738281,440.1586608886719,158.51408217991857,325.7472014512142,440.28055671099236,156.06998937776268,321.65320573565054,436.17375483241744,157.15516717862224,323.9362057016911,436.9894839645097,69463600,21661300,61858800
2021-11-26,153.3032684326172,317.5784912109375,430.341796875,156.8618668141861,325.5256600131003,434.9642817891199,152.8633347292546,316.0757561892276,429.21663530001194,156.00155632601601,322.07708333440075,433.5015889100639,76959800,24217200,112669600
2021-11-29,156.6565704345703,324.27337646484375,435.6204833984375,157.58532267329434,326.585274135935,437.4582199759263,155.2389847402696,322.4527383080336,432.9295048278909,155.8060160344783,322.64540869619697,435.12354340402334,88748200,28563500,86268800
2021-11-30,161.60342407226562,318.455078125,427.1444396972656,161.8185054389282,325.38115820776426,435.08612453579684,156.34373142534065,316.9138032094252,426.90064804249147,156.41217318635103,323.0114652960252,433.1827469437874,174048100,42885600,148559600
2021-12-01,161.0852508544922,317.9637451171875,422.40008544921875,166.49158221025922,326.8260526046821,435.68624501124225,160.85061260681175,317.2990999831267,422.2031922004538,163.73463874085127,322.82839247617034,432.8452422514508,152052500,33337600,131939200
2021-12-02,160.09783935546875,317.3954162597656,428.8696594238281,160.52800204808736,321.2485884430419,430.43550572803196,154.27113083970096,315.76744866054173,422.22190176024696,155.19011206164845,318.1756812750894,422.6157168413784,136739200,30766000,127637800
2021-12-03,158.22076416015625,311.1532897949219,425.137939453125,161.27100166043388,320.48760157043654,431.5887754076615,156.14817855062066,306.3560799414712,420.91862695944747,160.35202051883033,319.8036423557392,430.5292831950463,118023100,41779300,137331600
2021-12-06,161.6229705810547,314.216552734375,430.1729431152344,164.12571914002814,315.43031134746263,432.04819294676213,160.6062196554979,307.51204154241043,425.2691545047344,160.61599065605895,312.058785775437,427.6788574056175,107497000,30032600,98977500
2021-12-07,167.35191345214844,322.6260986328125,439.0710754394531,167.7429772469704,323.4737717636202,439.6336562155435,164.57542763792551,317.9830194018074,430.0417412560462,165.2988844701773,319.4664988261164,435.44247092403845,120405400,31021900,95484700
2021-12-08,171.16468811035156,322.67431640625,440.23370361328125,172.02501344578044,323.18486061373886,440.68377393878586,166.8826332677211,318.657370926668,437.71148993714627,168.280661937793,323.0018325584716,439.4648728181905,116998900,24761000,72238800
2021-12-09,170.6562957763672,320.8729553222656,437.2614440917969,172.79732298545696,324.13850382611764,440.3368530852221,170.0306087537727,319.92891744874584,437.06455084489505,170.9984746601922,322.1348670016077,438.9491577219033,108923700,22214200,61272600
2021-12-10,175.4369354248047,329.9664001464844,441.3775634765625,175.61291782062648,330.40950670555475,441.52758690349503,170.78338923857066,322.50087922237924,437.41142821807136,171.2917645939331,322.68390724843727,439.9617692478392,115402700,38095700,77159800
2021-12-13,171.80995178222656,326.94171142578125,437.4677429199219,178.05705234389498,331.17058275210826,441.2088578538092,171.60464142456377,326.6334505414845,437.1864382259011,177.06962931153166,328.17472556559255,440.8619411504924,153237000,28899400,87724700
2021-12-14,170.43145751953125,316.2876892089844,434.45782470703125,173.76520322122326,322.35645407358095,436.6893763663621,168.35887188331523,312.2129483454999,431.541825239176,171.3308817563336,320.9885647798209,434.2046763056092,139380400,44438700,97264100
2021-12-15,175.29031372070312,322.36602783203125,441.24639892578125,175.48583813344078,322.8862143337398,441.4901620059094,168.45662585148168,312.5886088133381,432.00140011748897,171.1940123824784,316.54772931653724,434.5142572525721,131063300,35381100,116899300
2021-12-16,168.40777587890625,312.973876953125,437.3551940917969,177.08919884301145,324.39854675005074,443.3747305871484,166.9315491019716,311.16288148400196,435.80808994562267,175.27079308478832,323.38707150321426,443.0934545318682,150185800,35034800,116568600
2021-12-17,167.3128204345703,311.9142761230469,432.7004699707031,169.59071677301714,312.99318902693045,437.2827414785998,165.89524955752734,305.6047184390456,430.9974086651927,166.12987292514003,309.10147689497717,434.28120719660683,195432700,47750300,135511600
2021-12-20,165.9539337158203,308.16705322265625,428.0994567871094,166.76537447490637,310.9509545801387,428.4946267975632,163.71515083501583,305.912951232269,424.4863302615028,164.5168056737423,308.30189894992657,427.62899715542244,107499100,28326500,107134800
2021-12-21,169.12147521972656,315.2762145996094,435.7020568847656,169.32677069078633,315.7000659257097,435.8431890265247,165.3380088741713,308.06112911488344,429.3508520744213,167.72344617879446,311.42304210587787,431.5149548202637,91185900,24740600,69806300
2021-12-22,171.712158203125,320.96929931640625,440.0584716796875,171.92723953166936,321.36422365049356,440.1713773813337,168.30019977990446,313.7927533668709,435.2503599777173,169.17029609354066,316.24913921677904,435.44797367017134,92135300,24831500,58890200
2021-12-23,172.3378448486328,322.4045715332031,442.7966003417969,172.89510508509778,324.04218156998655,444.29265848850883,171.35043687369296,320.5165252794348,440.9524066704167,171.91746810959268,320.5357805584728,441.0558940038796,68356600,19617800,56439700
2021-12-27,176.29730224609375,329.879638671875,449.0630798339844,176.3852860059842,329.9085362806421,449.11011430535285,173.1102106304085,323.117304246732,444.1232543282057,173.12975263201184,323.1462018554991,444.17028879957417,74919600,19947000,56808600
2021-12-28,175.28054809570312,328.7237548828125,448.69598388671875,177.2749361221624,331.18978275080303,450.52136881993414,174.5375492742612,327.827899397402,447.93384188738884,176.1311025117923,330.5540058070814,449.4957706815095,79144300,15661500,47274600
2021-12-29,175.3685302734375,329.3980712890625,449.2700500488281,176.59057652650236,331.6617864461058,450.2862300149204,174.1562550200767,327.2113772440582,447.8022185897107,175.31964543980357,328.77190728660776,448.7995905115579,62348900,15042000,54503000
2021-12-30,174.2149200439453,326.8645935058594,448.0279541015625,176.53193000592643,330.53473754796454,450.7001603749478,174.10737937130014,326.3829469974742,447.5669130217818,175.45652327947462,329.35951889161,449.69337024420093,59773000,15994500,55329000
2021-12-31,173.59901428222656,323.9747009277344,446.8988952636719,175.22188041192248,326.90309041033254,448.68663568101795,173.29593427269404,323.52195205286245,446.6260494189647,174.1073747963206,326.0843148981623,447.53874202831184,64062300,18000800,65237400
2022-01-03,177.93971252441406,322.4623107910156,449.4864501953125,178.79026689432098,325.59301283753035,449.61819265083415,173.73588518068755,317.67474371629686,445.8545162929149,173.85319685203027,323.0402924329226,448.15975083339737,104487900,28865100,72668200
2022-01-04,175.68136596679688,316.93310546875,449.3359069824219,178.84891521802436,322.895892734741,451.6223622300133,175.11433471652768,314.14917400711465,447.4822951975026,178.54585013474667,322.5394495565749,450.9072545217483,99310400,32674300,71178700
2022-01-05,171.00831604003906,304.7667236328125,440.7077331542969,176.14091190448147,314.10103759223983,449.74056308734737,170.73457878734038,304.381412211663,440.6136354927347,175.5934373990841,313.89872484330033,448.969002462942,94537600,40054300,104538900
2022-01-06,168.15357971191406,302.3585205078125,440.2937316894531,171.3797850968752,307.0016014964588,443.0035835732876,167.80162976232634,300.05623529737557,437.93201531445186,168.83792269234627,301.65530578133433,440.24669721539595,96904000,39646100,86858900
2022-01-07,168.31976318359375,302.5125732421875,438.5529479980469,170.2457092977057,304.88226603603744,441.479221117935,167.2052575825263,298.7075537396608,437.1980222953608,169.0236630282213,302.61852137240913,440.3030723284207,86709100,32720000,85111600
2022-01-10,168.33934020996094,302.73406982421875,438.0072326660156,168.64240533418686,303.16756341784094,438.22362566846715,164.40923476090865,293.5057361453158,429.62364055153137,165.29888813158135,298.1295306229004,435.36325245373706,106765600,44289500,119362000
2022-01-11,171.16468811035156,303.4181213378906,441.9967346191406,171.26244286002324,304.98826465644487,442.0908322693714,166.99995985190662,298.51496217670007,434.75164626994354,168.46641535499305,301.8768462438373,437.7437907456816,76138300,29386800,74303100
2022-01-12,171.60462951660156,306.5872497558594,443.191650390625,173.21772467571947,311.538589841844,445.2428756029094,170.91051556767007,305.44092874443083,441.2345515344107,172.1814317936139,307.93588346156525,443.72798110407143,74805200,34372200,67605400
2022-01-13,168.33934020996094,293.6116943359375,437.08514404296875,172.6702655459411,309.10146222236773,444.9418241930247,167.94827640647682,292.8410716956861,436.05954567988096,171.84905393496265,308.7065085650938,444.29258772329274,84505800,45366000,91173100
2022-01-14,169.19969177246094,298.8135681152344,437.2639465332031,169.89380588973404,299.4108052070794,437.6120820227763,167.26395921098248,292.6003150974251,432.7287093594842,167.5083685317949,293.08196170663894,433.9425030975037,80440800,39846400,95890900
2022-01-18,166.00282287597656,291.5406799316406,429.5201416015625,168.6815396332443,298.4282204045511,432.7851319574491,165.6215449110886,290.6640795954702,428.4098639787604,167.67457436911548,292.9085692050015,432.578128611285,90956700,42333200,109709100
2022-01-19,162.5126190185547,292.19561767578125,425.0602722167969,167.25416515581253,302.3872728547548,432.4558837567088,162.22911080921511,291.58876785242654,424.78739759355466,166.19831524532339,295.0469857795678,431.0633416406658,94815000,45933900,109357600
2022-01-20,160.83106994628906,290.5291748046875,420.35565185546875,165.8854518373375,300.2102576999121,431.6372638548228,160.50844792121475,290.08606825576,418.2385836592185,163.24583471657064,297.7249746936836,426.9420862438029,91420500,35380700,122379700
2022-01-21,158.77806091308594,285.1636962890625,412.1037902832031,162.61039693927614,292.9470927232566,421.58824292541317,158.6705202245997,284.7591001939449,412.07556385655806,160.74310631081485,291.5792327867731,419.23594498974285,122848900,57984400,202271200
2022-01-24,158.00567626953125,285.49127197265625,413.8538513183594,158.67047714081284,286.20409971075276,414.36195566976323,151.24043048620277,265.9171422258475,395.90112761933347,156.44146612794097,281.4743547923121,406.5052754832323,162294600,85731500,251783900
2022-01-25,156.20684814453125,277.90045166015625,408.8011169433594,159.1202024043847,284.1618575908213,413.7409421509055,153.5085752311325,274.7023405114224,401.9135823339121,155.4247355135648,280.8192289411712,407.47441758472695,115798400,72848600,167997300
2022-01-26,156.11888122558594,285.8187255859375,407.77557373046875,160.71377291639465,297.1759609807795,417.80577600170864,154.29070450112417,282.27381356056463,403.52260050405795,159.84367643647036,296.68467202710303,414.6819173184066,108275300,90428900,186391100
2022-01-27,155.65936279296875,288.8338317871094,405.7619934082031,160.17604091465265,296.0199908832467,415.50051303405485,154.7403816352541,286.9939382332395,404.07776868651825,158.817126094803,291.55032568742257,412.3672646800451,121954600,53481300,149878300
2022-01-28,166.5209503173828,296.9447326660156,415.83917236328125,166.54050723879885,297.1566583183815,415.88620682845203,159.15934320684596,283.64165765387617,402.54398201671927,162.00427111169125,289.2094904507192,407.1168346707988,179935700,49743700,164457400
2022-01-31,170.8714141845703,299.56494140625,423.32891845703125,171.0864955438015,300.91354605848886,423.677053931945,165.71926239899202,295.1241442973268,413.82562974282484,166.35473547583268,297.60945731115953,415.17113717300543,115541600,46444500,152251400
2022-02-01,170.70521545410156,297.4263916015625,426.1893310546875,170.93006781127377,299.2277450230752,426.82914917104256,168.45664712970438,293.9296328904505,420.5343978995624,170.1186272242385,299.01581936187534,424.0534262540882,86213900,40950400,123155400
2022-02-02,171.90768432617188,301.953857421875,430.329345703125,171.94679815950911,303.5529275513087,431.05384305532795,169.45382085751916,297.54198780490606,426.2833764423959,170.8420635898593,298.26445765509385,428.5886396673794,84914300,36636000,117361000
2022-02-03,169.03343200683594,290.19207763671875,420.2144470214844,172.2987509371964,299.8057543934319,426.2080966836343,168.27087633720052,288.94942117258597,419.3770152968473,170.57810026310062,298.12960422865086,424.30745056905977,89418100,43730000,118024400
2022-02-04,168.74957275390625,294.7098693847656,422.1904296875,170.42346859121156,297.4648733158477,426.0293671450485,167.0756769166009,288.95900886982764,417.6081293545503,168.05455952783922,289.1901897878569,419.97926396514714,82465400,35096500,118454400
2022-02-07,168.03501892089844,289.903076171875,420.83544921875,170.27665387927516,296.5401504808717,424.3450587788941,167.3400055860888,288.89160075762936,419.5087499574974,169.20967525085985,294.931467433284,422.95251700944823,77251200,28533300,84472900
2022-02-08,171.13804626464844,293.3805847167969,424.29803466796875,171.64706939744136,294.3438779498826,425.2201456654425,167.80983647215697,288.93981702301244,418.91597660458353,168.1035042386361,290.19208646707324,420.33677354523064,74829200,32421200,81012000
2022-02-09,172.5574188232422,299.78643798828125,430.5081481933594,172.9196005956565,300.4800101974915,430.8280572528607,171.20655609241282,296.10668068130565,428.1276239352286,172.33228001362485,298.4956287595179,428.3252089130967,71285000,31284700,92589900
2022-02-10,168.48529052734375,291.28057861328125,422.77374267578125,171.7743370940817,297.77316484125447,430.6680383540824,167.92733513885554,289.66225322547234,420.778998939607,170.462637822063,292.8796487217257,424.67438876665915,90865900,45386200,140103700
2022-02-11,165.07876586914062,284.2099304199219,414.437255859375,169.42500712943504,293.1203892737895,424.92849902096657,164.49143031742815,283.42002322831956,413.0070690365457,168.6908451580762,292.0607612603431,422.85849404433793,98670700,39175600,153214600
2022-02-14,165.31370544433594,284.17144775390625,413.0822448730469,165.99892030677,285.866852917156,415.5098319487012,163.04269054419584,280.65543402557785,409.6196698794952,163.83558309476697,282.9865867276755,413.92909493615394,86185500,36359500,123006300
2022-02-15,169.14111328125,289.4407043457031,419.7440185546875,169.29773807776493,289.75857816176847,419.9133771021189,166.654758116967,286.11733109996294,416.99652213320917,167.35955476472148,288.99759771206277,417.5140448697904,62527400,27058300,88482700
2022-02-16,168.9061737060547,289.10284423828125,420.2144470214844,169.67948428764964,290.42527991431285,421.58818077331404,166.45896752351715,283.48487872602993,415.82976087005267,168.22095896225642,288.0120675250117,417.7021805621434,61177400,29982100,84863600
2022-02-17,165.31370544433594,280.63739013671875,411.2381286621094,168.27971865617212,286.4966491909419,420.18627912524965,164.91235997613748,279.93272130229326,410.63595532705654,167.4182971510757,286.07192132610567,417.03419417418587,69589300,32461600,102259100
2022-02-18,163.76705932617188,277.9344787597656,408.5752868652344,166.93862933962222,283.65861124098427,412.74355133918664,162.68049906023276,276.37072190934305,406.30766852315804,166.23384762062662,282.876732815773,411.49211293034836,82772700,34264000,132642900
2022-02-22,160.8499755859375,277.7317810058594,404.19061279296875,163.16992227378196,281.4191765053362,409.7702560003978,158.72578746937097,274.6235623555302,400.6997823601273,161.4960266681506,275.10620482012695,406.37355193227506,91162800,41736100,124391800
2022-02-23,156.68972778320312,270.5403747558594,397.02081298828125,162.64132019491717,281.5736029979626,407.66260537056274,156.37647821597528,270.37629282765295,396.4562558034865,162.0442012768804,280.10635117029534,407.098048185768,90009200,37811200,132578000
2022-02-24,159.30335998535156,284.36328125,402.9955749511719,159.4110376690062,284.9135007247491,403.4284183428238,148.79015546543386,262.094151059809,386.378971556724,149.35790916683425,263.0498031628359,386.7364966376221,141147500,56989700,213942900
2022-02-25,161.3688201904297,286.9888916015625,411.8872985839844,161.6331077669388,287.29778988293907,411.97197784953823,157.47285626304333,281.5253747646306,402.5815957478885,160.38013909716133,284.8942395707059,404.22820402320997,91974200,32546700,121804500
2022-02-28,161.6331024169922,288.4174499511719,410.83349609375,161.9267702066246,288.7553055184813,412.3107459178309,158.99990563300975,282.82844278237695,405.25385292778066,159.6166064975814,284.09296349755033,406.5052626502716,95056600,34627500,145615000
2022-03-01,159.753662109375,284.7108154296875,404.5762939453125,163.08187242749526,289.55653540384833,411.34150271520195,158.54964050687724,282.0079998222269,401.8758327490397,161.2219862371019,286.1104609698699,409.33734098778365,83474400,31217800,137785900
2022-03-02,163.04270935058594,289.7689208984375,412.0190734863281,163.82581854222389,291.00448458147713,413.740942784039,159.5089420061074,283.50423036390407,406.0724579549326,160.9185355637426,285.1065776203058,406.8251817399771,79724800,31873000,117726500
2022-03-03,162.7196502685547,285.64715576171875,409.96783447265625,165.3430634011942,292.6068524998791,415.04879163986294,162.05401727070716,283.8420480314748,408.17067562721684,164.91235266773373,292.37519352194875,414.4466183746847,76678400,27314500,105501700
2022-03-04,159.7242889404297,279.7974853515625,406.63702392578125,162.0540345545001,285.3961558141852,407.7661096277124,158.67689221468046,277.20089590151974,402.60047290853925,161.01642127862274,284.07372012763096,406.2418252656333,83737200,32356500,113978200
2022-03-07,155.93601989746094,269.2275695800781,394.64971923828125,161.5352302369313,279.63333786848386,406.75934432063025,155.68150083148916,268.8607566666478,394.58384800510765,159.91028134097652,278.5136040383842,406.05365494553234,96418800,43157200,137896600
2022-03-08,154.11529541015625,266.2738342285156,391.6575622558594,159.44041971330986,274.1022802945537,401.9700272063481,152.50992837199067,260.6269119121218,390.5943191141427,155.4661583222758,268.1561220285429,394.82845492231417,131148300,48159500,164772700
2022-03-09,159.50892639160156,278.4847106933594,402.1582336425781,159.95921898709753,279.5465300399745,404.134169484024,156.04368834876885,271.03270963096804,397.8394184443937,158.06996768709067,273.6003711570887,400.02235763522094,91454900,35204500,116990800
2022-03-10,155.17247009277344,275.67572021484375,400.34222412109375,157.00297572975708,276.65066742284495,401.2360799371363,152.68609998585092,270.83963327856327,395.5999843486872,156.81698565051138,273.1949308694663,397.55708322285636,105342000,30628000,93972700
2022-03-11,151.4625244140625,270.3472900390625,395.25189208984375,155.9164439341305,279.4595798639488,403.4378710075181,151.23738556277695,269.7294936979138,394.7437877372273,155.57382899544626,277.9633709204393,402.82627933719436,96970100,27209300,95636300
2022-03-14,147.4392852783203,266.8433532714844,392.36328125,150.86537421208124,275.4922975054639,399.46720926881693,146.9302771053436,266.2448813621328,391.22477713105775,148.2517595892854,270.6079583933382,396.0234704863825,108732100,30660700,95729200
2022-03-15,151.81491088867188,277.1815490722656,400.99151611328125,152.28478532825997,277.82830290735563,401.62191584683524,147.20438184151632,269.053866830209,393.6993928949382,147.713390079557,270.61762363193617,394.969610741959,92964300,34245100,106219100
2022-03-16,156.21990966796875,284.1702575683594,409.8832092285156,156.62125521924412,284.34400179367987,409.9396620822366,151.1982508293672,273.3687163552092,399.7024567937387,153.73355381345266,279.0735246270153,404.49176069614015,102300200,37826300,144954800
2022-03-17,157.2281494140625,284.9714050292969,415.0111999511719,157.6001296550613,285.3478508163391,415.0111999511719,154.3012994227279,279.32448255840876,407.5967527483876,155.26060037752023,283.1084122705425,407.9731146505722,75615400,30816600,102676900
2022-03-18,160.5171661376953,290.0004577636719,419.5567321777344,161.0066074424884,290.5506770792596,419.87763507524926,156.3862803303168,282.5677836993247,412.66669551110175,157.1204422875064,285.11611983453963,413.4028912886427,123511700,43390600,106345500
2022-03-21,161.88758850097656,288.7745666503906,419.4340515136719,162.83710569668534,289.72055623598095,421.3877829881189,159.56762687828217,284.66244451195047,415.9323761926658,160.0570681157996,288.51395039330725,419.3868421211315,95811400,28351200,88349800
2022-03-22,165.25498962402344,293.5044860839844,424.3419494628906,165.84231029999864,294.41185612837654,425.276343887646,161.42755456550663,288.3981213802289,420.82140820007544,162.01487524148183,289.3923635193199,420.82140820007544,81532000,27599700,74650400
2022-03-23,166.6156463623047,289.0931701660156,418.8771667480469,168.99432437394225,292.7033557846491,423.3037890750717,164.1096938716203,287.3846264690427,418.79222440449075,164.44252537221885,290.0777796338965,421.8125310374547,98062700,25715400,79426100
2022-03-24,170.3941192626953,293.54315185546875,425.19140625,170.46263328488442,293.6396862396896,425.2008538879378,166.61563143205333,287.96380616213776,419.7832096061072,167.4476727675763,288.7553468713274,420.8969363393452,90131400,24484500,64736900
2022-03-25,171.0303955078125,293.1377258300781,427.267822265625,171.57856745870845,294.8945515047454,427.54154450105966,169.10199529276142,288.9001402281707,423.24704626975023,170.20813758146855,294.6339351738191,425.8237452085359,80546200,22566500,77101300
2022-03-28,171.89181518554688,299.9140625,430.30712890625,172.01905978493204,300.01056743386323,430.30712890625,168.3678313455488,293.7651722801995,424.7856459155993,168.53423961902578,293.7651722801995,426.6733304386402,90371900,29578200,68529800
2022-03-29,175.1808624267578,304.4605712890625,435.6303405761719,175.22979461470234,304.85634170771465,436.12115693733773,172.61617948078282,298.3213428484819,431.5057549157547,172.95879441578631,303.01264366587003,434.18626321308204,100589400,30393400,86581500
2022-03-30,174.01597595214844,302.9643249511719,432.9403381347656,175.81711647524634,304.9817964510435,435.2999431413781,172.96856432856262,300.76347640947125,430.83556009950934,174.77950323773482,302.86782002120697,434.4882240411419,92633200,28163600,79666900
2022-03-31,170.92269897460938,297.60693359375,426.2768859863281,174.27047582290578,304.1998448149147,432.9970375414447,170.7171270473916,297.2015305025654,425.823831381212,174.08448573079536,303.00287171477623,432.17589947274035,103049300,33422100,121699900
2022-04-01,170.6290283203125,298.67852783203125,427.4849853515625,171.18699858724577,299.3638720029751,427.99463935727147,168.30908127405286,294.93321694040014,423.9172632927216,170.35494237968112,298.6302459022579,427.8530688001301,78751300,27110500,89048800
2022-04-04,174.6718292236328,304.0357971191406,431.1470947265625,174.72077634534207,304.1709216917822,431.2509323439472,170.75629847192283,298.9583889350334,426.86207198374484,170.88355800105404,299.32520192359516,427.683210068739,76468400,24289600,59601000
2022-04-05,171.36318969726562,300.0877380371094,425.70111083984375,174.53477477488693,303.9392148944746,432.119225743506,170.73670541562527,299.11279097971965,424.5590699380688,173.7516656886956,302.3947533501223,429.6558116325977,73401800,23156700,74214500
2022-04-06,168.20140075683594,289.10284423828125,421.44439697265625,169.963392443072,296.3424814061848,423.71906006741074,166.5373033062765,286.4096909635366,418.5656898647818,168.72020734548278,294.59531799298344,421.7936427720497,89058800,40110400,106898000
2022-04-07,168.5048370361328,290.90789794921875,423.5680236816406,169.69907490999924,293.1087462850132,425.3802132507673,166.2632026288955,286.06217848359114,418.62230012164184,167.5455363451221,286.36141443806906,420.5666126114327,77594700,31411200,78097200
2022-04-08,166.49815368652344,286.66064453125,422.4354553222656,168.15246782773184,290.6665707873598,425.32361011547357,165.62694868711696,285.9945956247322,420.89698794603316,168.15246782773184,290.0101841560006,422.8129864370016,76575500,24361900,79272700
2022-04-11,162.24977111816406,275.357177734375,415.2151184082031,165.46050445879015,282.4519981244576,420.0098246314558,162.00505049807634,275.1061942358303,414.7148831400068,165.14726983208973,281.66048690117145,419.16979115637787,72246700,34569300,89770500
2022-04-12,164.11947631835938,272.26824951171875,413.67657470703125,166.28279871101802,280.6469151575573,420.71762892299597,163.12101178667447,270.75274518786716,412.12865978994853,164.47187468621496,279.1989878449197,418.1975577653763,79265200,30966700,84363600
2022-04-13,166.80160522460938,277.6352233886719,418.4146728515625,167.42808955183875,278.5618885948695,419.16973507105604,163.24827119923606,271.5346160767129,413.25185499529334,163.85517369033073,272.914995798149,413.4311873130841,70618900,21907200,74070400
2022-04-14,161.7994842529297,270.1156921386719,413.2047119140625,167.653212444084,278.30131965119733,419.754979516138,161.55476362429968,269.62341681375074,413.10087428728497,167.0169298477089,278.08895577007974,418.6412237561914,75329400,28221600,97869500
2022-04-18,161.58416748046875,270.7817077636719,413.3745422363281,163.08185675186522,272.65436281401867,415.0545800894282,160.11584349387897,268.67739376545774,411.14705981320014,160.45844346214486,269.2276132247998,412.27968190004844,69023900,20778000,66002500
2022-04-19,163.86495971679688,275.39581298828125,420.0475158691406,164.27610359926777,276.2356357266572,420.76481631207815,160.44866861751814,268.74501431186735,413.10082271070314,161.53522902332887,269.6813419887161,413.2707073837323,67723800,22297700,77821000
2022-04-20,163.69850158691406,276.4189758300781,419.73602294921875,165.31366652875272,279.6430533893089,422.4354264021452,162.59237461814482,275.4633531849248,418.57511557097627,165.1961904824443,279.35345023812204,421.82193478222695,67929800,22906700,65224400
2022-04-21,162.90567016601562,271.0616455078125,413.4595031738281,167.90776176039836,283.1180442640561,424.73842874926703,162.40644532626558,270.33768184591173,412.55342274585064,165.3430936610523,278.5618984401678,423.3509795921558,87227800,29454600,85417300
2022-04-22,158.37339782714844,264.51702880859375,402.1145935058594,164.32500539707067,273.36870459899797,413.47843439681253,158.08952846576778,263.8895994942571,401.5482823482753,162.9447923826861,271.90145264874303,412.3741550031164,84882400,29405800,132471800
2022-04-25,159.4404296875,270.9747619628906,404.4457702636719,159.72429911751857,271.35120773294403,404.6156549215308,155.11376965466397,261.37016600391445,395.31880487171003,157.71758646013552,263.80270265842034,399.87757815067505,96046400,35678900,119647700
2022-04-26,153.48878479003906,260.83929443359375,392.73272705078125,158.91178747297153,268.6966984296061,402.1145203899857,153.41047239469103,260.6269305710984,392.70441293823944,158.8236916294158,267.86656753140664,401.9162927984164,95623200,46518400,103996300
2022-04-27,153.26365661621094,273.3880310058594,393.8370056152344,156.41564486229873,280.8689900877158,399.169736833569,152.0987839265491,269.4689760886624,391.70394193167726,152.61759051221244,272.30691647120665,393.80869150273776,88063200,63477700,122030000
2022-04-28,160.184326171875,279.575439453125,403.78509521484375,161.0457475218325,280.8785798159734,405.51234242525084,155.57378318397548,271.6890497286869,394.14847523083597,155.88703274270952,275.28957261335694,398.57509707971343,130216800,33646600,105449100
2022-04-29,154.3208465576172,267.88580322265625,388.8629455566406,162.69029635210208,279.8167376058599,401.95403088704296,153.92929946524063,266.9012234193171,388.11730223189977,158.42236732431553,278.59080716587056,399.80207204922027,131747600,37073900,145491100
2022-05-02,154.62429809570312,274.59454345703125,391.20379638671875,154.88858563658798,275.04822845042037,392.5629317055577,150.0333364297974,266.63094457560504,382.27502681638845,153.40069487713816,268.0692093712177,388.92913281565893,123055300,35151100,158312500
2022-05-03,156.11221313476562,271.9980163574219,392.99700927734375,157.31624964341847,274.26644208441866,395.4037953011167,153.01895506893698,270.4245970349058,390.1465874755705,154.81029731534235,274.10233066665234,391.7039501067172,88966500,25978600,100028200
2022-05-04,162.5141143798828,279.913330078125,404.9649353027344,162.96439206944154,280.7820806094394,405.53124638806986,155.89685759161674,267.1233049625317,390.4769516548114,156.29820309411934,272.77986042090856,393.65769528593023,108256500,33599300,144247900
2022-05-05,153.4594268798828,267.7218017578125,390.57135009765625,160.61505617925764,276.4093667940325,401.1329469341785,151.6778534074066,264.8162844690875,386.44676416954945,160.38991736716943,275.62748829742554,400.7082064100307,130525300,43260400,172929100
2022-05-06,154.18487548828125,265.1927185058594,388.239990234375,156.3023722983105,269.5557954403699,391.50567570306237,151.14587460582203,261.85281170163194,382.9450500936246,152.93986371222095,265.2699283325795,388.0134773567565,116124600,37780300,151770800
2022-05-09,149.06759643554688,255.3950653076172,375.8096618652344,152.76341048572758,262.90498063444784,383.5869123846669,148.50882129057032,254.17882636789196,374.23343271582064,151.8811126841976,260.6848371526901,382.3504814055953,131577900,47726000,155586100
2022-05-10,151.4693603515625,260.14422607421875,376.677978515625,153.65548649022554,264.24668604013874,383.2754262479383,149.92045170349726,255.86802193263964,372.6477827083813,152.4594939260044,262.25820191919195,381.7747206128694,115366700,39336400,132497200
2022-05-11,143.6170196533203,251.5049591064453,370.6940002441406,152.3908891933398,261.9396861119795,381.3499860628742,142.94059580220576,250.29835302848662,369.94835688896774,150.4792663261752,256.4568751636927,375.71524733858433,142689800,48975900,142361000
2022-05-12,139.75453186035156,246.48548889160156,370.3070068359375,143.3228989996902,250.85822802261495,373.57269244374504,136.06853101088905,241.3405189455736,363.5207798183708,139.96040581157675,248.74425187403014,367.5037946408941,182602000,51033800,125090800
2022-05-13,144.2150115966797,252.05519104003906,379.1602478027344,145.18553469561974,253.90855102922657,380.5382491972758,140.2937279042498,246.4855077130794,373.39335762056186,141.74459868206603,248.4160775334941,374.4315896864937,113990900,34925100,104174400
2022-05-16,142.67593383789062,252.42198181152344,377.621826171875,144.61698048840304,256.59201932670356,381.2839385536254,141.34269647322668,246.90055143257808,375.27166828724563,142.68574662285644,250.9354349323041,377.5180173546355,86643800,32550900,78622400
2022-05-17,146.3031005859375,257.5573425292969,385.3896179199219,146.8226694807634,259.0149028011125,385.62557844782094,143.7934664467187,253.34868474571135,379.9719446127917,145.9305738468132,256.87196899135023,383.70013247510735,78336300,28828800,83029700
2022-05-18,138.04876708984375,245.83082580566406,369.8539733886719,144.46005783667513,255.0417455754485,381.12345103452697,137.14685888931075,244.56335973469547,368.61754246873323,143.96009966859182,254.46121977706724,380.840309909265,109742900,31356000,117674500
2022-05-19,134.64706420898438,244.92132568359375,367.5887145996094,138.87224434894858,249.30426416130737,372.00591725890166,133.91182362893935,243.7022393056512,365.37068003419705,137.127274568989,245.65664551679004,366.79589073865264,136095600,32692300,98510700
2022-05-20,134.88232421875,244.3601531982422,367.7492980957031,137.9311222550243,250.1460116670098,374.7337256994322,130.00033122355916,238.4388554517078,359.1697746219984,136.3528052981394,248.888200942443,371.16600278161656,137426100,39199300,131432200
2022-05-23,140.293701171875,252.18751525878906,374.6298522949219,140.4407432989188,253.0099243599592,375.3943621595535,134.94114336987113,245.2019245791374,368.45711634736125,135.07838767461445,247.19505531377055,370.7695124155736,117726300,33175400,76414900
2022-05-24,137.59783935546875,251.19093322753906,371.77001953125,139.17615657107172,252.84540652501488,372.95924112163084,134.62746828487894,245.2696355087697,365.22917116715337,138.03898075989613,249.5171198981205,370.5146932699092,104132700,29043900,91448800
2022-05-25,137.7546844482422,253.9967498779297,375.0545349121094,138.99968110716551,255.98986547497486,377.0177426324369,135.61757730341805,248.78176241630595,369.88229858000193,135.70580258630076,249.75898018466552,370.2786961363731,92482700,28547900,91472900
2022-05-26,140.95053100585938,257.26708984375,382.5486145019531,141.49950829001511,258.4377968295687,384.18147159869255,134.44120114221013,252.94221495828464,376.0738719405769,134.68628135538745,253.75493935952196,376.28151834129653,90601500,25002100,82168300
2022-05-27,146.69520568847656,264.36871337890625,391.9399108886719,146.73441193920726,264.4654725864212,392.0531673410909,142.4013957458045,258.8731329025277,384.80446634850006,142.5288422380691,259.7632762741946,385.0026651402334,90978500,26910800,84768700
2022-05-31,145.9109344482422,263.04327392578125,389.7407531738281,147.69512536408004,265.84911459447005,393.0725149914447,143.95029298038025,260.1987236575402,387.00361655148845,146.13641898717157,263.68184944791426,390.3259307298854,103718400,37827700,95937000
2022-06-01,145.7835235595703,263.5753479003906,386.5883483886719,148.75389460714223,268.67423608497063,392.86489366619827,144.7737792988703,261.2726146793663,384.07772451690533,146.95009283292427,266.26508840879205,391.8550043373775,74286600,25292200,86585800
2022-06-02,148.2343292236328,265.6651916503906,393.9503173828125,148.2931460840145,265.7329260451573,393.9974979722233,143.96992734384497,253.10663251468594,384.18154466114504,144.9208398093746,255.86410740259439,386.42789374965014,72348100,44008200,79609600
2022-06-03,142.51904296875,261.25335693359375,387.48492431640625,145.05807025566116,264.5720189219099,390.78837150030967,141.61714962601158,259.6956423390334,386.512768154437,144.00911981753086,261.5339498859045,389.24045670832646,88570300,28059000,71874300
2022-06-06,143.26406860351562,260.0245666503906,388.66473388671875,145.64625571792195,265.27826522689224,393.21403077110097,142.04846553260185,258.5442419264379,387.49435013390536,144.13655344098794,263.2270994161104,391.48681245747764,71598400,22400300,57508900
2022-06-07,145.7835235595703,263.65277099609375,392.3929443359375,146.06781003090646,264.26232157625736,392.84599895820924,141.26424373812605,257.3057561922374,384.7195026936411,141.50932395629872,257.9830411761452,385.18200495505744,67808200,22860700,59272400
2022-06-08,145.04827880859375,261.63067626953125,388.1268310546875,146.9206802540853,264.1365839069745,392.4685113875746,144.55811838609154,260.8566319339603,387.3340069805782,145.6560729457736,262.88845771552224,390.68463561799285,53950200,17372300,64350000
2022-06-09,139.8329620361328,256.19305419921875,378.8959655761719,145.03846322934638,263.8558985116178,388.6175274447086,139.7251261469218,256.03824538636314,378.8959655761719,144.1855888973648,259.0859682271301,386.352312221375,69473000,26439700,86289800
2022-06-10,134.43142700195312,244.77621459960938,367.90966796875,137.98998215242344,252.11977283149906,373.55385453962793,134.36279735008839,244.33114285896366,367.86248738155257,137.5194322486073,252.11977283149906,372.70440234363315,91437900,31422800,132893900
2022-06-13,129.28472900390625,234.39459228515625,353.9408264160156,132.53938671229503,240.93512629318718,360.3683895194282,128.85338540144875,233.6882971691395,352.3362831480851,130.25523715092532,237.15206786424903,358.5184668650851,122207100,46135800,170004900
2022-06-14,130.14743041992188,236.5522003173828,352.87420654296875,131.25519810555883,237.76161683238632,356.715650424304,128.89262054526836,233.66894071597716,349.77840591220803,130.5101594170188,235.9426496695378,355.6868660931428,84784300,28651500,104011800
2022-06-15,132.7648468017578,243.5861358642578,357.9049377441406,134.63726323315953,247.01121141715927,362.3409783554577,129.5592083618082,238.41951248541616,351.22251951050276,131.64728162043858,240.24814951336052,356.1682429235863,91533000,33111700,125666800
2022-06-16,127.50051879882812,237.01661682128906,346.0597229003906,129.78466802101963,239.38707028498348,350.10881384000515,126.50058741056863,235.12992997318065,343.63404163139757,129.48077097128098,237.99382006995404,349.702968623294,108123900,33169200,134473300
2022-06-17,128.97097778320312,239.60955810546875,346.80572509765625,130.46106930716064,242.3670332514068,350.142419392661,127.25541670605972,236.10709312767509,343.30792965713135,127.51030963953596,236.7553385108733,346.47397650063243,134520300,43084800,111113900
2022-06-21,133.19618225097656,245.50189208984375,355.53607177734375,134.36276639582726,246.47909535720655,356.9200257502837,130.6963761788774,241.40921581403924,352.44584583713896,130.7943992837295,242.13486575130284,352.52169557516805,81000500,29928300,76811900
2022-06-22,132.6864471435547,244.91165161132812,354.89154052734375,135.04900927487205,248.8204934956348,358.9960185982588,131.2747825760473,242.24125087999028,350.9007792220965,132.13745484401576,243.71190528540944,351.3178660517575,73409200,25939900,90059400
2022-06-23,135.5489959716797,250.4556121826172,358.3703308105469,135.86269092971577,250.94906352812058,359.1002181811548,132.96094899420544,245.39543280330932,353.4696047412398,134.1275334387869,247.27244944007643,357.02430174493765,72433800,25861400,79292100
2022-06-24,138.8722686767578,259.0086669921875,369.76434326171875,139.1173489130396,259.2795751254641,369.7738317116263,137.01946268880786,253.22280743470034,361.5079743602973,137.14689423988725,253.3098818853851,361.53641078181903,89116800,33923200,98050300
2022-06-27,138.8722686767578,256.289794921875,368.3519592285156,140.6662578013618,259.58905600976806,370.9776852889989,138.19584483125837,254.73205165446396,367.2618578134948,139.89179587794544,259.50198159508193,370.683832618729,70207900,24615100,66009600
2022-06-28,134.7353057861328,248.15292358398438,360.825439453125,140.59762053174873,258.2442876848407,372.68391795995,134.61767206581916,247.99811473013298,360.7116937770823,139.3330131628478,255.40942252018837,369.9065216331798,67083400,27295500,86548900
2022-06-29,136.49005126953125,251.81015014648438,360.5315856933594,137.90171551636791,253.46462332290588,362.3610628098229,133.98043259004706,247.4562368464826,358.71159702593604,134.7548943447595,249.22682402298045,361.37524766838453,66242400,20069800,65676000
2022-06-30,134.02947998046875,248.4915313720703,357.60260009765625,135.64700354645933,251.10388274506582,360.83500878132185,131.13753620204082,244.68913309560924,353.1568557172421,134.5490488814723,248.70438985080898,356.64519222936855,98964500,31730900,112508300
2022-07-01,136.19595336914062,251.15228271484375,361.3847351074219,136.3037892489926,251.33611640522454,361.82079880218214,132.99031531614665,246.34365576375197,354.33221338787916,133.36282702594735,248.06587863167437,356.9484798436387,71051600,22837700,74839700
2022-07-05,138.77423095703125,254.31614685058594,362.06719970703125,138.82324999611623,254.4419309103193,362.08617660456315,134.23534018265374,246.46945079470586,353.47905430233544,135.05882114715405,247.8433463795469,356.3038638558327,73353800,22941000,81438000
2022-07-06,140.10748291015625,257.5669860839844,363.28997802734375,141.28386518046202,259.2891938730712,365.7735213242904,138.3036957651199,253.88068722348527,359.83007926034117,138.56838663745515,255.18686285339652,362.20933641852,74064300,23824400,70426200
2022-07-07,143.46995544433594,259.6859436035156,368.73114013671875,143.66601661315485,260.3245191537176,369.52738892243804,140.46036340026106,256.41567617677276,363.3090402764563,140.4701612232241,256.51243541651996,365.0626968664323,66253700,20859900,64525900
2022-07-08,144.14637756347656,258.96990966796875,368.4278259277344,144.64635079248632,259.395626588486,370.2952282014979,142.1465295229667,254.74179480110894,365.5745794315864,142.40140757015126,256.1930944319359,367.10071569720793,64547800,19658800,72397800
2022-07-11,142.01905822753906,255.92222595214844,364.2190856933594,143.75423009408246,257.8766324611341,366.7215778956689,140.95051223046443,253.66785697508126,363.5270941091934,142.80331779694055,257.0251984883415,365.7547105106273,63141600,19455200,58366900
2022-07-12,142.98960876464844,245.4341278076172,360.9961242675781,145.52863633565593,257.3057634702687,366.0485507559225,142.19555121961218,243.8570440782721,359.25195608212715,142.89157069008422,257.2477138444937,363.66926385832295,77588800,35868500,62219200
2022-07-13,142.62689208984375,244.5149688720703,359.10028076171875,143.56799177024092,245.31802312540924,362.02937706003513,139.3232005090592,240.05464064203076,355.14747320454023,140.17608985764943,242.06711128352157,355.5645600399159,71185600,29497400,84224600
2022-07-14,145.5482635498047,245.83082580566406,358.2282409667969,146.01881345268225,246.85640858787121,359.3088540915369,140.43098661066193,237.95510651412596,351.7160390075151,141.24465485515523,242.43478974627138,354.1521699959699,78140700,25102800,89704800
2022-07-15,147.21478271484375,248.38510131835938,365.07220458984375,147.8912065060331,251.91659126646923,365.1859502897795,145.2835494113212,246.4984147054872,360.72125799807424,146.83245817528143,247.41756820782146,362.6265563284071,76259900,29774100,79060400
2022-07-18,144.17579650878906,245.9952850341797,362.05780029296875,148.58724039251226,252.37132447376123,368.82592927824663,143.81306761767442,245.07613156293314,360.83497625525047,147.77357228115997,251.31671696215605,368.1529146526756,81420900,20975000,63203600
2022-07-19,148.0284881591797,251.1038818359375,371.8403015136719,148.25395782693252,251.28771549994482,372.40905889172745,144.0189783944477,245.4438068994524,365.31864088700104,145.0090973341563,249.2171803481861,365.97267860433266,82982400,25012600,78506000
2022-07-20,150.02828979492188,253.7549285888672,374.2101135253906,150.6949157224323,256.2705208821731,375.62253303614597,147.41083503397257,250.50403112190256,370.6649043931411,148.1460756395822,251.46187956720985,372.02991057920354,64823400,22788300,71843800
2022-07-21,152.2928466796875,256.241455078125,378.020751953125,152.50851845862235,256.2898494477531,378.06813634762244,148.94994906470606,248.68502415287526,371.2336461823122,151.45956799212024,251.35542487841855,373.63188089355765,65086600,22404700,64903900
2022-07-22,151.0576171875,251.90692138671875,374.5134582519531,153.20452197233897,256.71556241158675,379.3383643459128,150.39100627342597,250.65882485957425,372.29533041038957,152.3320371239143,256.62848796970013,378.1440056178114,66675400,21881300,72197300
2022-07-25,149.94009399414062,250.42662048339844,374.9684143066406,151.98896129458768,253.00994727720533,375.8215358224329,149.28328071900498,248.47221392948006,372.7313098957775,150.97923186102722,252.5261806476122,375.1390328241593,53623900,21056000,53631500
2022-07-26,148.6166229248047,243.72158813476562,370.5322570800781,150.07729118277658,251.44251309723307,373.53714561288416,147.83236337932289,241.46724894665664,369.64121046025514,149.26362321320852,251.42314353761344,373.3286021714744,55138700,39348000,52946400
2022-07-27,153.7045135498047,260.0148620605469,380.1535339355469,154.2338952339947,261.28232818719346,381.8977018374365,149.1656377708993,250.4459740907152,373.52755888438156,149.5773707705413,252.68097341491003,373.8214115297532,78620700,45994000,82342100
2022-07-28,154.2534942626953,267.43585205078125,384.9216003417969,154.53778073211737,268.81941742326114,385.61356292258694,151.37134852302864,259.17311035737987,377.4140666940386,153.8907653704556,260.99207747518795,380.95930457713075,81378700,33459300,73966600
2022-07-29,159.3119354248047,271.6253356933594,390.53326416015625,160.409904944982,272.8444373086265,391.51910833460266,156.36117506106663,267.6487873224595,385.585124244229,158.0669387195233,268.684055217114,386.352936564959,101786900,32152800,87003700
2022-08-01,158.33163452148438,268.9839172363281,389.37677001953125,160.37070393464464,272.14774020428075,391.8792906615118,157.72384030664722,266.8843571782586,387.13020608259814,157.84147403635484,268.8000835642348,387.8411455020427,67829400,21539600,69997500
2022-08-02,156.86114501953125,265.8974609375,386.80792236328125,159.21392420256825,268.8677947225736,391.49064571833276,156.48863324172908,263.53667774646465,385.63251176391105,156.94938527079637,267.0391429404589,387.8127144423944,59907000,22754200,63435400
2022-08-03,162.86074829101562,273.2991027832031,392.8651428222656,163.31168761792614,274.29566079302055,394.0310649800449,157.5866160134525,267.6293429063653,388.6468906090099,157.67484132195506,267.7744965070368,388.93125481134643,82507500,23518900,67820600
2022-08-04,162.54702758789062,274.4408264160156,392.5997314453125,163.89987539598906,274.5859505118883,393.4718009620609,161.19417977979222,271.07382928467115,390.9598207163616,162.7430888021846,272.6508838288538,392.78929793981433,55474100,18098700,45656600
2022-08-05,162.32122802734375,273.724853515625,391.93621826171875,162.81206933981917,274.4408187197017,392.58079648264055,160.01426786699392,269.6321769661417,388.26777497334547,160.22042780912037,270.0869188049732,388.3246478205913,56697000,16774600,56814900
2022-08-08,161.8500213623047,271.2189025878906,391.4811706542969,164.7361708864107,276.63709419104765,395.87004150956847,161.19229575323052,270.25136942756865,390.3815808280443,163.32254540690658,274.8277823787597,393.62347746477167,60276900,18739200,53886100
2022-08-09,161.8991241455078,273.13458251953125,389.92657470703125,162.78264764526216,273.88925715701384,391.25365582181684,160.25971568153318,268.5968499150632,388.85542136603334,161.0156156250441,270.5609704551994,390.7512597952123,63135500,23405200,44931800
2022-08-10,166.1399688720703,279.7718200683594,398.1166076660156,166.23812814464867,280.40071055511305,398.258818700046,163.8428202002786,277.6238958250195,395.01692204612334,164.60853143111325,278.8139719351001,396.96963344138766,70170500,24687800,68665700
2022-08-11,165.4036865234375,277.7012939453125,398.1166076660156,167.85789272456063,281.755259328041,402.8183081055924,165.10917878344554,277.20787222386883,397.3772317875,166.94492022851418,281.40696164231605,400.96036549541424,57149200,20065900,59489700
2022-08-12,168.9475860595703,282.4326171875,404.8563232421875,169.01629605421468,282.4326171875,404.9605804756404,166.29703098384923,277.62397604955174,399.10244636975136,166.70935086886797,279.1139854304459,400.0503656332881,68039400,22619700,61694500
2022-08-15,170.01760864257812,283.94195556640625,406.5246887207031,170.21394216296972,284.62889583747915,407.0460617331619,168.21131628811554,280.6910288186994,402.5908291054767,168.3782005294128,281.55214749764076,402.6477019536426,54091700,18085700,54048300
2022-08-16,169.8605499267578,283.2066345214844,407.3209228515625,170.52810192661653,284.49347021164397,409.2451978170758,168.51564947224608,280.9910047541906,404.64778356108576,169.61512926108554,282.51000943686375,405.4535207281274,56377100,18102900,59289000
2022-08-17,171.3527069091797,282.4600830078125,404.42974853515625,172.92339013736907,284.4283433719824,407.1313242254354,169.4089794863745,280.6663411966556,402.42965277199465,169.60531301748716,280.9281190261752,403.7282975362389,79542000,18253400,63563400
2022-08-18,170.9600372314453,281.3450622558594,405.6051940917969,171.69629926083016,283.0321341039528,406.28766820146114,169.9489052427666,280.28818642679033,403.33965312992564,170.56737014082248,281.36444334293145,404.628809463559,62290100,17186200,49023200
2022-08-19,168.3782196044922,277.4472351074219,400.15472412109375,170.55755638009072,280.4529598691973,403.11222812937183,168.17205964818893,276.875182491092,399.28262551260394,169.86055507755876,280.11359859796744,402.84681184473675,70346300,20570000,68016900
2022-08-22,164.5005340576172,269.30267333984375,391.8224182128906,166.74858025975374,273.869417859233,395.5003494416631,164.0784028181707,268.7887936345998,390.92188337608326,166.58169604206546,273.50097022350445,395.329701995395,69026800,25061100,77695600
2022-08-23,164.16676330566406,268.0326232910156,390.8745422363281,165.61966421752064,270.37900717902073,393.7846615275958,163.59738564765863,267.02424456116967,390.32473282411485,164.01951691966545,268.0326232910156,391.3958862975145,54147100,17527400,49105200
2022-08-24,164.46128845214844,267.40234375,392.1258239746094,165.03066617037743,268.7985510668254,393.4908012724624,163.2047358944321,266.74300225801466,389.96456893805333,164.25514348994625,267.03389604285996,390.64704312287796,53841500,18137000,49177800
2022-08-25,166.91549682617188,270.36932373046875,397.6617126464844,167.0234825149317,270.53413693993167,397.70909704947985,165.26627719342727,266.1709957164904,392.5239763063099,165.68839353539587,268.89553264663925,393.6140779290685,51218200,16583400,50942300
2022-08-26,160.6229248046875,259.9365234375,384.20111083984375,167.91683533755338,271.8139618186625,398.0881206908962,160.5640262370915,259.8298830917029,384.14423800473423,167.44563181749547,270.5922729736932,397.5478287573556,78961000,27549300,103087000
2022-08-29,158.42396545410156,257.16357421875,381.6607360839844,159.9161124345619,259.2675614677576,384.70354880710715,156.89254277561915,255.82553940593357,380.3052184856568,158.19816763869952,257.76471343275216,381.25313774516417,73314000,20338500,65370800
2022-08-30,155.9991912841797,254.97227478027344,377.470947265625,159.58232691391927,258.9281764138231,383.0542059895712,154.83098655063566,252.7325313512988,375.3760536519589,159.1602105704912,258.55975823755864,382.8172261577202,77906200,22767100,85652400
2022-08-31,154.3401641845703,253.51788330078125,374.5987548828125,157.63861884578063,258.9863379304906,380.3431437236325,154.26162776653078,253.3821269343252,374.4660612189248,157.37356030730842,257.31867689878567,379.10137171228644,87991100,24791800,76029700
2022-09-01,155.0666046142578,252.48040771484375,375.77423095703125,155.51817026416148,252.95552538819916,376.1154680642841,151.836860169279,247.64217884234645,369.7265004007181,153.77077627080038,250.99694103030285,372.42807654595646,74229900,23263400,78740100
2022-09-02,152.9559783935547,248.2724151611328,371.8118591308594,157.4226376540656,256.68842221316766,380.64647400085363,152.13136852434044,246.7307755662362,370.0013297859772,156.82381061062185,253.74089939007345,379.4331384469464,76957800,22855400,99632100
2022-09-06,151.69943237304688,245.5478973388672,370.4089660644531,154.21253778677115,249.9885925912268,373.5939611226999,150.87482246778544,244.2777407898771,368.1908383071308,153.60389928231007,248.4081907033707,372.6555302445026,73714800,21328200,76637400
2022-09-07,153.1031951904297,250.24066162109375,377.0633239746094,153.8001813128386,250.9581464072949,377.8311362647998,150.79623553618094,245.5187784892074,369.8781086762223,151.9840778426693,246.95376285633063,370.0961115930664,87449600,24126700,70964200
2022-09-08,151.6307373046875,250.6575927734375,379.5279541015625,153.4959286997133,252.5095072886724,379.9829368756566,149.88332807721247,247.04103780727314,373.59396971166063,151.80743302495063,249.6783301329259,374.79784580059123,84923800,20319900,80821700
2022-09-09,154.48741149902344,256.41693115234375,385.4239501953125,154.92918072545984,257.1635319672501,386.2865601335256,151.91540745534934,252.37377054080144,381.49955084530114,152.62222024249937,252.57737549512018,381.7649670625823,68028800,22084700,76706900
2022-09-12,160.43638610839844,258.54034423828125,389.5664978027344,161.25118449428555,259.316031521762,390.28692591624866,156.38204700518378,257.09566920762467,387.1872104802028,156.66672837890903,257.6968083589195,387.4905516783361,104956000,18747700,69256300
2022-09-13,151.0220489501953,244.32620239257812,372.6270751953125,157.59931943362142,252.48041678186516,382.10626800654813,150.56065692569356,243.9383587650543,371.5085373863549,156.97104316313002,250.96786362132625,380.90239200547273,122656600,33353300,122947100
2022-09-14,152.46511840820312,244.5491943359375,374.04901123046875,154.22233860679495,246.49805856116708,375.5656880974877,150.79626102566698,242.26096879830945,370.75024121431795,151.95463927472932,245.8193507310912,373.925777076594,87965400,23913000,85023700
2022-09-15,149.57896423339844,237.91720581054688,369.80224609375,152.39640331677907,243.75410750034436,375.3380909362644,148.6071081028978,236.59856721458627,368.53203779447915,151.81719923234522,242.1736911292833,372.4943332407687,90481100,31530900,87633800
2022-09-16,147.93955993652344,237.29669189453125,366.98114013671875,148.57766259301448,237.83965816543386,367.6378936491365,145.65223775657734,234.69819143342704,363.69737257463,148.44022763272653,236.8312795525679,365.62958149307445,162278800,39791800,103084800
2022-09-19,151.65032958984375,237.08338928222656,369.8269958496094,151.72886599832884,237.68452841666505,369.8269958496094,146.36888718799335,233.52500718935042,363.7639505998914,146.5750321533895,235.09573320886867,363.84011191988435,81474200,26826900,73278500
2022-09-20,154.02603149414062,235.07630920410156,365.5819091796875,155.18442503374376,236.10406881216943,367.51408871168167,150.27601083725375,232.3517727501466,362.83118428153335,150.5901415565976,234.7078762922614,366.5051690967704,107689800,26660300,77274900
2022-09-21,150.90426635742188,231.6827850341797,359.2047424316406,155.8323177224437,240.12789337863492,370.55033777024784,150.78646922639234,231.634302730604,359.1952150060502,154.45795295017905,236.84099440441966,367.50452437829694,101696800,28625600,106746600
2022-09-22,149.94224548339844,233.65103149414062,356.1875305175781,151.64055263761352,236.44344631490495,360.07091552367,148.14576405143103,230.3447516288207,355.44511739669144,149.58883905449844,230.63561584371612,358.4337956869669,86652500,31061200,89472600
2022-09-23,147.67453002929688,230.68411254882812,350.2196960449219,148.69548848555903,233.79649299504186,352.7610211494688,145.83878806603744,228.0468350078117,345.78424282582023,148.42061851178616,232.2548385862269,352.722940486398,96029900,34176000,122346900
2022-09-26,148.00830078125,230.22837829589844,346.75506591796875,150.95334879982894,234.1067254216907,352.3707580104209,146.89899456754617,229.69510260715796,345.53674617910787,146.91863241520423,229.84054950120728,348.7538794551558,93339400,27694200,92581200
2022-09-27,148.98016357421875,229.2200164794922,345.8698425292969,151.88595100420483,234.44608868363423,352.5515599107997,147.20332025510484,227.36810216062796,343.48078239742836,149.94222342090066,232.6814336251009,350.2862401271678,84442700,27018700,108294100
2022-09-28,147.0952911376953,233.73829650878906,352.67535400390625,147.88064007446383,234.95997054824008,354.3600529595543,142.18687900699845,227.59110496512747,345.127482081543,144.9355927960457,229.60784728045007,346.8217084645166,146691400,29029700,110802200
2022-09-29,139.87014770507812,230.27688598632812,345.30828857421875,144.0324877695267,232.6523709038743,349.4200991606359,138.10311583907216,227.28086605201818,342.367189530678,143.42384928540386,231.6246111693645,349.1345668445761,128138200,27484200,112952300
2022-09-30,135.66854858398438,225.81680297851562,339.9686584472656,140.4788028880648,233.22444695507593,348.27799879138144,135.47221503631138,225.6519749663668,339.83541969328155,138.69213315187477,231.0428762379574,344.3660311283521,124925300,35694800,153711200
2022-10-03,139.8406982421875,233.41835021972656,348.9441833496094,140.44935170481597,234.26188606885609,350.79070306991537,135.16789396191245,227.52326022905194,341.9007722856018,135.67837316238783,228.25045038719026,343.6806581182504,114311700,28880400,89756500
2022-10-04,143.42385864257812,241.310791015625,359.7568664550781,143.54165578156733,242.74577547683293,359.78541969158493,141.61755096209856,237.52939325058418,348.90620087696135,142.37345088895668,237.6360484007584,354.45525951637643,87830100,34888400,103602800
2022-10-05,143.71835327148438,241.6210479736328,358.91925048828125,144.68041318278895,242.95908260476142,361.1750432151708,140.39044924017614,236.67616375353109,353.0751323104993,141.43104557154376,238.50868236825332,355.3975589353477,79471000,20347100,88065700
2022-10-06,142.76609802246094,239.28433227539062,355.2167053222656,144.83744897574383,242.72636855289312,360.47070383972516,142.55995305808347,238.59593389672287,354.72174385776447,143.13914221609966,240.38966069294162,357.5200770483229,68402200,20239900,82333500
2022-10-07,137.52391052246094,227.1160125732422,345.30828857421875,140.47878470691822,233.98068874798435,355.3023262947486,136.8956342636469,226.07854761763357,343.5474284997668,139.9290298735793,233.57344928121,351.19048666130027,85925600,37769600,107789500
2022-10-10,137.84786987304688,222.27780151367188,342.6717529296875,139.29094450363405,227.42630569411762,346.659852271921,136.03176603772727,219.83443833161004,340.43501530969775,137.84786987304688,225.9622347703348,346.42189898919605,74899000,29743600,76042800
2022-10-11,136.43423461914062,218.5546112060547,340.5015563964844,138.76083241469453,222.09359787031295,345.53665504932576,135.68816128454225,217.29414513566007,338.56937726442624,137.33738075448184,220.69739021047423,340.97746287282405,77033700,30474000,92482800
2022-10-12,135.8059539794922,218.8842315673828,339.3785400390625,137.78895683135124,220.93006041435294,342.4814606200205,135.6292583188671,217.14867761413385,339.1310592917608,136.58149154588781,218.54487025171542,340.9109745209168,70433700,21903900,76991800
2022-10-13,140.37083435058594,227.1160125732422,348.3350830078125,140.9598350656115,228.91944457503647,349.8008834901985,131.90871810397607,212.4655557421077,331.3356839052994,132.51737164924788,213.16365940697776,332.3826842498608,113224000,42551800,147254500
2022-10-14,135.84524536132812,221.60879516601562,340.3969421386719,141.87277603175662,230.02481774633813,352.4183468938871,135.65872326737428,221.39548484935546,339.7592145462475,141.66661609125816,228.37650806401442,350.7907254903841,88598000,30198600,123737000
2022-10-17,139.8014373779297,230.30596923828125,349.1441345214844,140.282452315822,231.6924861628052,350.24824134925336,137.7006369919499,227.98865719878884,340.06382821256403,138.48598615048115,228.64798396705297,346.46954168027236,85250900,28142300,93168200
2022-10-18,141.1168670654297,231.24647521972656,353.2464294433594,144.0128276023933,236.51132497546385,357.35826934412756,138.03438444661543,228.2116634940623,349.81036876588746,142.82500010106065,235.84232244327512,357.0536821558411,99136600,26329600,97162900
2022-10-19,141.22486877441406,229.28793334960938,350.7431945800781,142.29489928414645,232.32274544331872,353.9317748856679,138.90809708603376,227.16453541789096,347.9353337780581,139.09461918905455,229.83089971129152,351.2095737934234,61758300,19985700,79746900
2022-10-20,140.7634735107422,228.96791076660156,347.80206298828125,143.21768011702426,233.9709820712703,354.7122360773966,140.0370229627389,227.72684087943537,347.0405950042413,140.40025572638473,228.59947785288415,350.2958089110657,64522000,21811000,88283100
2022-10-21,144.57241821289062,234.75636291503906,356.2541809082031,145.14179598739213,235.60960407563198,356.7395859020458,140.03703386545854,227.3681158672251,346.02218871676973,140.2530052619691,227.60082203685621,347.5260408349085,86548600,26299700,131038400
2022-10-24,146.7124786376953,239.73037719726562,360.6134338378906,147.47818995640918,240.30242995612315,361.7460937798273,143.32567626964715,233.9613377120293,355.1309809456278,144.4938810962025,236.3465133618895,357.77704931693273,75981900,24911200,85436900
2022-10-25,149.54954528808594,243.03665161132812,366.3719482421875,149.6968066869272,243.40508456640856,366.6860338162217,146.62413491177585,238.3535451916917,360.4231157662592,147.34075911907576,239.74004733273168,360.5373287022716,74732300,34775500,78846300
2022-10-26,146.61428833007812,224.28485107421875,363.6116638183594,149.20592954793565,231.05256356203466,368.9037428227225,145.32827166402765,223.06316209926047,362.97396524839513,148.19479776463467,224.13940416091688,363.23094435236135,88194300,82543200,104087300
2022-10-27,142.1476593017578,219.85382080078125,361.6700134277344,146.3198108162611,226.58275598538947,366.44810554176166,141.48993368404496,218.91332036173824,361.0513115703601,145.35776595535313,224.01334192609988,364.6111129190357,109180200,40424600,81971800
2022-10-28,152.88729858398438,228.69644165039062,370.27435302734375,154.61505507674119,229.40425069094275,370.75025961760167,145.11237189764043,219.17510664004706,361.3844214069697,145.4854012096847,219.3593305055409,361.5652682350303,164762400,40647700,100302000
2022-10-31,150.5312042236328,225.0701904296875,367.5997619628906,151.4147275390832,227.77533111378162,369.68423516133385,149.13721674827332,224.11998470584146,366.69555686556424,150.35450854811523,226.65060686599685,367.81868945232327,97943200,28357300,96631300
2022-11-01,147.89047241210938,221.2306365966797,365.9911804199219,152.60255171953904,228.57041637850017,371.5783479860967,146.3983256985316,220.41618716835114,364.8204688405162,152.2393339638939,227.46508792727667,371.34039469961164,80379300,30592300,85407600
2022-11-02,142.3734130859375,213.40609741210938,356.8062438964844,149.38262560122348,224.26546848649176,369.90320408108596,142.34396380900958,213.34790976650638,356.7015583770088,146.22160672381153,222.4814320174644,365.40111675587,93604600,38407000,126990400
2022-11-03,136.33609008789062,207.7340087890625,353.1322326660156,140.1842842462697,213.7066680884104,356.1685191668986,136.2084665510831,207.47221616405207,351.01920615203176,139.45783369878677,213.39639315584648,353.5700586148132,97918500,36633900,87100100
2022-11-04,136.07057189941406,214.65682983398438,358.2148742675781,140.28896920604143,214.85074424296624,360.61343287804317,132.1373281619349,206.93891208084915,352.170855133582,139.71864706361086,210.9336199205367,358.8335469874606,140814800,36789100,103505200
2022-11-07,136.60154724121094,220.93975830078125,361.6414489746094,136.82770454508952,221.46334350265937,362.23156853069116,133.40578684396397,214.55018429237435,357.43442171013305,134.8217569283286,215.23859748900023,359.50936758378657,83374600,33498000,68286900
2022-11-08,137.171875,221.90936279296875,363.5926818847656,139.06965789658196,224.60481335809473,366.56233474373306,135.19542542837,218.97151548785143,359.5189221082523,138.06669154902085,221.74453478514138,362.7455541021946,89908500,28192500,84641100
2022-11-09,132.61915588378906,217.68194580078125,356.10186767578125,136.23774833279379,221.67665381960256,362.77408732506177,132.3438299914245,217.507427263288,355.6069062348671,136.18857977969958,220.45496487826287,361.6223724698831,74917800,27852900,78495500
2022-11-10,144.41888427734375,235.5902099609375,375.671142578125,144.41888427734375,235.92957127818485,376.00428299719744,137.17188688278108,227.85291099807793,367.0572450041489,138.88285345399055,228.2698262443954,369.35108918360226,118854000,46268000,141455800
2022-11-11,147.20169067382812,239.59461975097656,379.30706787109375,147.5065147597333,240.4478609583566,380.10658743180727,141.96063992686575,234.5721519094285,374.64316019638335,143.38645323831483,235.59992645228266,376.5277606911573,93979700,34620200,93839900
2022-11-14,145.8053436279297,234.20370483398438,376.0804748535156,147.77196548965426,236.491930374749,380.8966479353896,144.9695233350431,231.9348751725974,375.80444085717625,146.4838305708861,234.63032541196574,377.54627550144517,73374100,31123300,71903500
2022-11-15,147.53598022460938,234.6109161376953,379.2880554199219,151.02673737922098,239.48793649488397,382.9239890323085,146.08068410249945,232.72991540292844,375.48080239259394,149.67960607049233,238.1886937504624,381.8198821687392,89868300,31390100,93194500
2022-11-16,146.30686950683594,235.03875732421875,376.3945007324219,147.36884742264508,237.05146554303985,378.61221246717844,144.831902680013,233.7650213224332,375.76630060291683,146.64120672406102,236.06941348333024,377.66039937041876,64218300,24093300,68508500
2022-11-17,148.2046661376953,234.99012756347656,375.2427978515625,148.95197725260945,236.51667602662837,375.91860608551974,143.71092672522755,231.05224616268976,371.34038726892305,143.98625266251898,231.19808812700944,371.6449453937852,80389400,23123500,74496300
2022-11-18,148.76513671875,234.54287719726562,376.94659423828125,150.15160903599656,236.99312613856966,378.6408206344442,147.46717380781297,232.41349542511938,374.1006819611119,149.76811828911318,236.76948200355858,378.5741867367159,74829600,27613500,92922500
2022-11-21,145.53988647460938,235.3498992919922,375.5759582519531,147.8605015253363,237.8973712159803,376.7466989172969,145.25473282614936,234.51370406585946,373.73896579052973,147.6540145740021,234.74705121223045,375.6235663390515,58724100,26394700,51243200
2022-11-22,147.67367553710938,238.24737548828125,380.63006591796875,147.9096756373434,238.51962368090963,380.79188693120494,144.47791399161687,234.04696420457608,376.1089535381112,145.65789948864827,236.8472334482416,377.5176474312929,51804100,19665700,60429000
2022-11-23,148.548828125,240.72682189941406,383.0286865234375,149.29613922514196,241.40744246425524,383.51409151080327,146.84768896962234,237.50844728562427,380.06853232216565,146.95585380028717,238.3251919634337,380.29695819857307,58301400,19508500,68261600
2022-11-25,145.63821411132812,240.6393280029297,382.94293212890625,146.3953678932279,241.81582614094168,383.49499996496786,144.66473067745702,239.90035578095558,382.1910207322794,145.83487333926465,240.46430280009824,382.46702560328106,35195900,9200800,30545400
2022-11-28,141.81309509277344,235.06785583496094,376.8323974609375,144.19270560138654,239.82249555069944,381.49627670237254,140.98711756167793,234.13443782498197,376.07092941217024,142.71773929408752,239.26828138910165,379.8591567063179,69246000,24778200,67881600
2022-11-29,138.8140106201172,233.677490234375,376.18511962890625,142.39326202258005,236.06938731272962,378.1553507626501,138.00770341068628,231.61617814466862,374.34809818392904,141.8819361067611,234.71786413074798,376.96558433179973,83763800,17956300,52310000
2022-11-30,145.5595245361328,248.07754516601562,388.03521728515625,146.23801151936658,248.2622882065125,388.03521728515625,138.20436253781247,233.22050747543122,374.519486615748,139.04016787618127,233.9108607052224,376.4326114888511,111380900,47594200,144566700
2022-12-01,145.8348846435547,247.6400146484375,387.74969482421875,146.64120704597443,249.03042418074372,390.2434409456629,144.16325857031342,243.97436658880594,385.2464212750172,145.73656252403373,246.84270566954237,389.07270016589297,71250400,26041500,76398200
2022-12-02,145.34323120117188,247.9608917236328,387.3022766113281,145.53006273642814,248.97209734788092,388.20648163885994,143.21927533321448,242.77842766287273,382.7621385272809,143.52411441944975,242.90483392955983,382.8668240269508,65447400,21528500,85342700
2022-12-05,144.18289184570312,243.27427673339844,380.3349609375,148.40128929094377,246.79408255563942,385.4176389754673,143.3372438141924,241.19351410319612,378.9834027162839,145.30386574755366,245.03417222631165,384.4848808065506,68826400,23435300,77289800
2022-12-06,140.52496337890625,238.3349151611328,374.8525695800781,144.84169760083205,244.88835294425144,380.7157422182558,139.5514801929375,237.03201078829815,372.7681254520418,144.615540296504,243.8771473447241,380.17323078475664,64727200,22463700,77972200
2022-12-07,138.58786010742188,237.6056671142578,374.21490478515625,140.97729872796708,239.3461270027659,376.57541212687585,137.6635453309665,235.5054686619729,373.0822446819997,139.81699890501977,238.0529405287907,374.005504706076,69721100,20481500,65927900
2022-12-08,140.2693328857422,240.55178833007812,377.1464538574219,141.12482380942538,241.85470746474556,378.2124799961138,138.7452125702619,236.33192613856002,374.3195674856605,139.98417924727298,238.06265330165112,376.09948257287107,62128300,22611800,60737900
2022-12-09,139.78750610351562,238.62660217285156,374.3290710449219,143.14060047218985,241.43660437225947,378.45993659247966,138.54852454565471,237.40148518904434,374.205330689029,139.96449489513216,237.92653108598594,375.9090843451082,76097000,20609700,81447700
2022-12-12,142.07861328125,245.52032470703125,379.72589111328125,142.0884409898644,245.5494930971703,379.72589111328125,138.7058487137347,240.32814355248385,374.45283780553007,140.31847817047847,240.600391751391,375.11908962319546,70462700,30665100,75405800
2022-12-13,143.0422821044922,249.80825805664062,382.6002502441406,147.46718252429508,256.614492351379,390.70968606972207,141.8328135242381,246.0648232599692,379.8399985160715,147.00502505789572,254.44620988669473,390.45270703178306,93886200,42196900,123782500
2022-12-14,140.82000732421875,250.09994506835938,380.1542053222656,144.2124280542218,255.32129440920468,385.9602719426471,138.80421630941913,247.27049264402083,377.2131058725146,142.9242927483946,250.01243990135845,382.2577044665144,82291200,35410900,108111300
2022-12-15,134.22195434570312,242.1172332763672,370.8550109863281,139.43350575702271,247.16357301987648,376.20419694431035,133.7597969655739,240.49346176051932,369.19886518287717,138.75501875197617,246.69686389132764,375.2999627142446,98931900,35560400,117705900
2022-12-16,132.26515197753906,237.91680908203125,366.4765625,135.35274779526193,242.92424748334844,369.6415286124747,131.49817062820333,236.7694646066407,364.3442912550409,134.4087776749108,241.6699621291789,368.3028770994123,160156900,86102000,119858000
2022-12-19,130.16087341308594,233.79417419433594,363.3690490722656,132.94364536804903,238.42242358687312,367.00256593948217,129.12840885731634,232.1023480969562,361.7052981772117,132.8551509782634,238.08210589515767,366.6678956887565,79592600,29696400,79878100
2022-12-20,130.09202575683594,235.10682678222656,363.8661804199219,131.02616804412892,236.18610187706696,365.4821333274918,127.72224305650941,231.8203825618914,361.2940437412651,129.1972093009086,232.7732513908985,362.6135820142311,77432800,25150800,74427200
2022-12-21,133.18946838378906,237.66403198242188,369.3068542480469,134.52677190815584,238.8210944819846,370.4351440513577,130.53453175568677,233.4636197451072,365.92195565770254,130.76068907847488,234.99988623023594,366.457416214542,85928000,23690600,78167400
2022-12-22,130.02320861816406,231.5967559814453,364.03839111328125,132.31432503613755,235.2915726004728,369.28783218740784,128.1254256005218,227.39632912956154,358.3490843681481,132.10783812958184,234.5817687693653,366.26628710078785,77852100,28651700,100120900
2022-12-23,129.659423828125,232.121826171875,366.1324157714844,130.21007573511977,232.25795030612596,366.2758375341586,127.47647162243918,227.4644223733296,361.46623322301946,128.73510883960984,229.57435387242822,363.0152466207401,63814900,21207000,59857300
2022-12-27,127.85993194580078,230.4008026123047,364.6885070800781,129.2169059676245,232.31625810648032,366.36182878328543,126.57179689801647,229.30207698528272,363.01518537687076,129.18740783707491,232.09262880735398,366.017616610939,69007800,16688600,51638200
2022-12-28,123.9365463256836,228.0380401611328,360.1562194824219,128.84326718347396,233.08437961165026,366.59134742365524,123.76938521978283,227.6880046259404,359.92674469166934,127.5059633321295,230.33271426152407,364.6215818081712,85438400,17457100,70911500
2022-12-29,127.44696044921875,234.33868408203125,366.6391906738281,128.30243635978945,235.223498262144,367.5093216045126,125.59833816334043,229.12705170853215,362.4702133125497,125.85399366425621,229.12705170853215,362.9961320141737,75703700,19770700,66970900
2022-12-30,127.7616195678711,233.18165588378906,365.6733703613281,127.78128999342299,233.31778001231856,365.8167920978852,125.30334902080124,230.1091228839325,361.8486350909296,126.26699731697423,231.61622098749143,363.9618223377231,77034200,21938500,84022200
2023-01-03,122.98271942138672,232.9482879638672,364.13397216796875,128.7154174535332,238.94749699304793,369.49815002254616,122.09773792777466,230.82862391751698,361.274962367188,128.10576937065363,236.35140592714558,367.52841345608357,112117500,25740000,74850700
2023-01-04,124.2511978149414,222.7583770751953,366.94512939453125,126.51281646624362,226.42401047503648,368.9722345195995,122.99256074022561,219.7052947992431,363.34986872415914,124.77235152537197,225.8503455985308,366.3905264117615,89113600,50623400,85934100
2023-01-05,122.93355560302734,216.15628051757812,362.757080078125,125.63766124201173,221.25123850297186,365.10928447945327,122.67790010774006,215.62150198648686,362.1642506841692,125.00834271164995,220.9109208459828,364.9945470716449,80962700,39585600,76970500
2023-01-06,127.45677185058594,218.70376586914062,371.0758972167969,128.11558844506558,219.51079264209568,372.19464540653735,122.80571484542136,213.27823740876858,362.7857977564851,123.90702590791659,216.82719680304174,365.8455692406558,87754700,43613600,104189600
2023-01-09,127.97794342041016,220.83316040039062,370.8654479980469,131.18354745345354,224.8391261091335,376.4495872696216,127.72228791640812,220.14282198786435,370.68379991549534,128.292610198386,220.18170823285104,373.2654787600865,70790800,27369800,73978100
2023-01-10,128.54824829101562,222.51528930664062,373.46636962890625,129.06940194282927,224.90718660058684,373.53330951861454,125.98180587179891,221.03735973961676,369.3452185288623,128.08609090104719,221.45544993887123,370.28228944351014,63896200,27033900,65358100
2023-01-11,131.26219177246094,229.24374389648438,378.1898193359375,131.28184718963053,229.41875426303784,378.26633038365287,128.28276062052532,224.71273203443783,374.2312334389066,129.05956971451124,224.88774240099133,375.0439955334967,69458900,28669300,68881100
2023-01-12,131.18353271484375,231.90786743164062,379.5667724609375,132.0193381171801,233.25939064495995,381.02973273660194,129.24640871746402,227.09488993594465,375.22571833967487,131.6456901154858,228.74782975392716,379.289500125456,71379600,27269500,90157700
2023-01-13,132.510986328125,232.60792541503906,381.039306640625,132.6683196907436,232.7440495138857,381.6130228505716,129.46273119909978,228.41723190438844,376.10539392375364,129.82655147153693,230.4396576846913,376.3731242643396,57809700,21333300,63903900
2023-01-17,133.6713104248047,233.6969451904297,380.3412780761719,134.99877137842552,234.24144161412062,382.6935115955875,131.89151977321038,230.52717483814848,379.6623956443495,132.5798345273993,231.38282055332843,381.0201896884126,63646600,29831300,62677300
2023-01-18,132.9535369873047,229.28260803222656,374.33648681640625,136.29678964484992,235.67075285086767,382.58835989011226,132.77653313848788,229.0006419678325,374.1356963351264,134.5366688937393,234.883176604496,381.5270095943542,69672800,30028700,99632300
2023-01-19,133.01246643066406,225.51002502441406,371.6112976074219,133.97610688822573,229.00066284863416,373.9443593060729,131.53750011629828,224.2946258083473,370.2917592534764,131.84232408727254,227.30882179875937,372.2997219516563,58280400,28623000,86958900
2023-01-20,135.56910705566406,233.570556640625,378.5341491699219,135.71661273457056,234.07616685941196,378.68714212069887,131.98002726434026,228.0186065956563,371.36276874212075,133.02233471040634,228.35892430446629,373.00740648744664,80223600,35389800,91806400
2023-01-23,138.75502014160156,235.86521911621094,383.0759582519531,140.92814412125819,238.38352255893335,385.0074392135379,135.59858513124948,233.0163158336519,378.3810918291715,135.81491475833332,234.4261906970003,379.3372757234957,81760300,31934000,84178800
2023-01-24,140.15133666992188,235.34017944335938,382.6647644042969,140.77082749424633,237.19731304543689,383.5731214964874,137.95855701188813,233.7844773158166,380.2169362364954,137.96838472187488,235.78745289233305,381.40259479828296,66435100,40234400,59524900
2023-01-25,139.49249267578125,233.94973754882812,382.8081970214844,140.05297211797858,236.56527872989417,383.1428671935605,136.49339126221906,224.50851101400366,376.31570073269967,138.53867984910516,227.98941574229838,378.6009940622238,65799300,66526600,84800300
2023-01-26,141.55751037597656,241.1352081298828,387.01544189453125,141.8426640693374,241.43662476621853,387.17800600043023,139.53187636533838,235.30129180415983,382.5022526217131,140.78068599712554,236.90561285916706,385.46642861189923,54105100,33454500,72287400
2023-01-27,143.49459838867188,241.290771484375,387.90472412109375,144.77290596887224,242.91454300523202,390.2760709827511,140.69217042868402,239.9975849790759,385.7628812656745,140.7708371263728,242.0977983186481,385.97324291614746,70555800,26498900,68346200
2023-01-30,140.61349487304688,235.99163818359375,383.0377502441406,143.12094131391822,238.80164053803622,387.37883383343035,140.46600420175812,235.49574581512883,382.7413355345612,142.54079133466578,237.74180116090332,385.1509087422322,64015300,25867400,74202000
2023-01-31,141.88192749023438,240.95042419433594,388.669677734375,141.931096037562,241.0865482920522,388.717475261581,139.90547792238985,236.22495217873632,383.2098461559824,140.31846671250062,236.71111179006792,383.5540875652921,65874500,26541100,86811800
2023-02-01,143.0029296875,245.75369262695312,392.8003234863281,144.16324461699494,248.11642130402413,395.5445957142965,138.961535368266,238.6752096108031,384.7205872650518,141.56730384751015,241.13517614830616,387.4552591361378,77663600,31259900,101459200
2023-02-02,148.3029327392578,257.27569580078125,398.51837158203125,148.65691020104856,257.3632009780913,399.981331954011,145.69715028051485,250.12914292548695,394.7892597691829,146.41496291825356,251.6556913662783,396.6824854385565,118339000,39940400,101654500
2023-02-03,151.9215545654297,251.19866943359375,394.2824401855469,154.75349514117664,256.8867426469256,398.7000051703591,145.36287177724367,249.98327044240432,393.0776391240828,145.5595309829737,252.35573164703223,393.55573107794413,154357300,29077300,94736800
2023-02-06,149.19775390625,249.6623992919922,391.8728332519531,150.5448999991755,251.15004653464848,393.26888274999055,148.2636115818144,247.72749350962195,390.21865378736663,150.02374643909673,250.3138662354951,391.8346069060138,69858300,22518000,60295300
2023-02-07,152.06906127929688,260.1537170410156,396.99798583984375,152.63938353904294,261.33021493867875,398.241013206568,148.12598902287087,252.88075890318808,389.7118693730586,148.12598902287087,253.31831440266953,390.9548967397829,83322600,50841400,90990700
2023-02-08,149.38462829589844,259.3467102050781,392.6568298339844,152.00023955919008,269.09907056810056,396.3668272519061,148.64714493246836,258.8410852318201,391.9683764040565,151.3119247541495,265.63761659917793,395.0281759104938,64120100,54686000,76227500
2023-02-09,148.35214233398438,256.3228454589844,389.2528991699219,151.75440537570756,266.39609026500864,396.40516522520073,147.9096553354024,255.5255363984652,388.028984948847,151.213581264491,266.2210502148411,396.25217230001425,56007100,42375100,78694900
2023-02-10,148.7165069580078,255.81723022460938,390.16131591796875,149.0414968354293,256.7798168982394,390.5437836705012,146.95369947058745,253.4447686061317,387.2640796514173,147.1900598433605,254.29068170390744,388.0768126828916,57450700,25818500,70769700
2023-02-13,151.51336669921875,263.8096923828125,394.74139404296875,151.91712829057613,266.9988986544617,394.875273798094,148.62785906834173,259.7551076492649,390.3525133608386,148.65740223290342,260.23156430688056,390.81149214644563,62199000,44630900,64913500
2023-02-14,150.8732452392578,264.6361389160156,394.55975341796875,151.4345954776921,267.35862090148964,396.86413102531327,148.56878800441328,261.82612208741193,390.61070909281807,149.80964612462722,265.12229853290944,393.2210725630297,61707600,37047900,88389300
2023-02-15,152.97091674804688,262.5209045410156,395.8410339355469,153.13833305811258,263.89531203662176,395.91751581058026,150.5581292969133,259.46016095211655,391.5286350725414,150.78463194852628,261.54614998360546,392.3700815999979,65573800,28922400,61555700
2023-02-16,151.37548828125,255.53192138671875,390.3907470703125,153.9556914094499,260.0060415876993,394.8178830322616,151.02095529189845,255.28823272818724,390.25689650308516,151.1785138216891,257.3547077929904,390.87841017898984,68167900,29603600,76431500
2023-02-17,150.23316955566406,251.54519653320312,389.41546630859375,150.67633223329352,253.5239473924271,389.6545122847336,148.55899109181487,249.53720422274546,386.34609496505783,150.03621003527854,252.8416369479222,388.26803395095567,59144100,30000100,89257800
2023-02-21,146.2249298095703,246.291259765625,381.60345458984375,149.0021077790729,249.04007506409081,386.4513142893378,146.15600076088242,245.23852294112166,381.34529542458307,147.91880821074704,248.0555633319736,385.39950609313314,58867200,28397400,82655900
2023-02-22,146.64842224121094,245.16058349609375,381.0775451660156,147.67262055430007,247.91914146734575,383.55405800104023,144.9250004924314,244.02012212257884,379.624126941612,146.60902132895072,247.6754527582978,382.01458672604707,51011300,22491100,83742300
2023-02-23,147.1309814453125,248.3382568359375,383.1046447753906,148.05670759936388,250.35599131241563,384.577176151522,145.00379786650186,244.15655088158258,378.88787027584414,147.8105044744373,249.1083064975943,383.965204449082,48394200,29219100,96242400
2023-02-24,144.4818115234375,242.92835998535156,379.01214599609375,144.95451719493005,244.66342210762315,379.8440212478962,143.50684198813192,241.8366395147742,376.3922116756281,144.8757304118409,243.649683795455,378.0942177024235,55469600,24990900,108194400
2023-02-27,145.67344665527344,243.84463500976562,380.3030090332031,146.90446214048941,246.4374860355747,383.707021167783,145.21058363066865,243.09406973943646,379.3659383654355,145.46664446890208,246.08657375483682,382.3492272761536,44998500,21190000,80444700
2023-02-28,145.17120361328125,243.12330627441406,378.8974304199219,146.8158385647427,245.14105556625483,381.78509520813367,144.6000106018143,242.4507231771338,378.7922350201957,144.8166705381309,242.7821510664902,379.82492994288907,50547000,22491000,96438600
2023-03-01,143.10308837890625,240.05284118652344,377.44403076171875,144.9939263960711,244.59518672884,379.30860107550785,142.80764165155819,239.58494822729267,376.1436346387775,144.60000744430354,244.4294802167035,378.0846868266854,55479000,27565300,99706800
2023-03-02,143.69398498535156,244.77064514160156,380.3795166015625,144.481837933212,245.05331745079246,381.2209631061389,141.71450238763347,239.4094944705545,375.13961830151106,142.1872231725768,240.32576623774196,375.4742885040699,52238100,24808200,85127800
2023-03-03,148.73626708984375,248.84510803222656,386.47998046875,148.81505391237968,249.16677885152734,386.7285976253681,145.0924629530937,245.04357084699137,381.54606794616154,145.79167158414404,245.82337754163785,382.1962660076362,70732300,30760100,90120000
2023-03-06,151.4937286376953,250.38525390625,386.74774169921875,153.92621703534178,253.55320692008516,389.5971805098177,151.12935277334321,249.517722752789,386.30790523195174,151.45432771735832,249.956359426143,387.3023155770407,87558000,24109800,72795900
2023-03-07,149.2975616455078,247.73390197753906,380.8193359375,151.69064849711955,251.18454195758378,386.9389359941927,148.83469862838186,246.99309375726955,380.2073934400801,151.3656586110283,249.82961864090797,386.69989002886615,56182000,21473200,108310600
2023-03-08,150.5482940673828,247.2952880859375,381.4408874511719,151.1391876253047,248.11407854265232,382.19625170885286,149.52409559763862,244.47824732823858,379.212962662717,150.4892077170001,247.62670114600144,380.9341111603913,47204800,17340200,74746600
2023-03-09,148.3028564453125,245.9501190185547,374.4034118652344,152.19286138999811,253.0073336989174,383.88877016600645,147.94832347409573,245.22879516854297,373.4185434936177,151.22774970109054,249.36176055143883,382.2249901315046,53833600,26653400,111945300
2023-03-10,146.24462890625,242.3142547607422,369.0009460449219,148.64757336129242,246.40822131411622,375.93327957719293,145.3681465462101,241.34925717678098,367.4806170891498,147.92866457828165,244.74139919259653,373.8583475978051,68572400,28333900,189253000
2023-03-13,148.1847381591797,247.5096893310547,368.4750671386719,150.81418573238946,251.39896558800064,373.2847008664306,145.45680332509693,239.52644667781433,363.9714484870125,145.56513330123872,241.15428509526765,365.08062547353046,84457100,33339700,157790000
2023-03-14,150.2725372314453,254.20628356933594,374.5658874511719,151.07023295988367,254.47921369225799,376.2105247410941,147.82036369988242,249.4007352202757,370.09092512623045,148.98243524821328,250.26826629818711,373.38977088173,73695900,33620300,149752400
2023-03-15,150.66644287109375,258.7388916015625,372.2233581542969,150.92248866561948,259.7526448252449,372.4241486517229,147.64306182318006,252.66615907277222,366.89740552979487,148.89377768233683,253.41673923474747,368.9819091170098,77167900,46028000,172996900
2023-03-16,153.4830322265625,269.2272644042969,378.7539978027344,154.08376844517147,269.57816182335324,379.0982391870772,149.33696504123728,256.6334203873444,369.36429390384325,149.84907174243986,258.514689849532,369.87107021323396,76161100,54768800,143254200
2023-03-17,152.64590454101562,272.37567138671875,374.32537841796875,154.3594833307599,276.1772083863334,378.5582467760813,151.936838491952,269.3441988521381,372.943216125859,153.7095036146111,271.23522516040924,377.42565051475987,98944600,69527400,140553400
2023-03-20,155.0094451904297,265.35748291015625,377.9246826171875,155.4230795673691,270.47494508940247,378.33743311980123,151.80880531492744,263.0375619626868,374.4021114765073,152.7148458265595,269.98756773899805,375.10277090610924,73641400,43466600,93055800
2023-03-21,156.86093139648438,266.8683166503906,382.8870544433594,156.9791040860205,268.05751846766043,383.36697102971766,154.16253977805687,262.7158524815854,379.69079357481445,154.93070734117964,267.9405526736913,381.28412015653794,73938300,34558700,91524200
2023-03-22,155.43295288085938,265.41595458984375,376.3602294921875,159.67749219321786,273.9450578612845,386.3233040523079,155.41325242402124,265.3087161087697,376.3218572494295,156.88062840402722,266.4979179833595,382.7143506832372,75701800,34873300,111746600
2023-03-23,156.51626586914062,270.650390625,377.3775939941406,159.0964852077447,273.9645506194871,383.25176789780386,155.28525006751315,268.25250241830935,374.6708576136584,156.41779362123944,270.92332074814243,379.2204571484992,67622100,36610900,119351300
2023-03-24,157.81619262695312,273.4869384765625,379.85400390625,157.90482213956633,273.54542137989336,379.94038538264834,155.45264879499626,268.3304776871036,373.7590569871103,156.44730394409444,270.24098860593506,376.10105243097433,59196500,28172000,107682400
2023-03-27,155.87611389160156,269.40264892578125,380.564208984375,158.32830230982592,274.35438861352037,382.8966256334002,155.47233717929535,268.56434460140395,379.67157124890343,157.5109061704178,273.418632638504,382.1287415933862,52390300,26840200,74010400
2023-03-28,155.25570678710938,268.28179931640625,379.71002197265625,156.08296082580924,269.16882983673474,380.5642582938647,153.61107148047543,265.18205615567683,377.8767370350477,155.57085404509948,268.8276596755071,379.8731772141997,45992200,21878600,62871700
2023-03-29,158.3283233642578,273.4284973144531,385.2290344238281,158.60406968566105,274.0425976403278,385.46899270747423,156.929891297985,271.38150614392333,382.6662670661032,156.94957673019417,271.9176094220145,383.8660584843338,51305700,25087000,77497900
2023-03-30,159.89418029785156,276.8789978027344,387.4846496582031,160.00251028897196,277.2786507086976,388.1085353397573,158.82073813032568,274.3739014000633,385.6225710265115,159.07678400613375,277.0544762167483,387.8589693504225,49501700,25053400,69840000
2023-03-31,162.39553833007812,281.02178955078125,392.9461364746094,162.49402556851254,281.96730287180225,393.24368242982905,159.45095924162882,275.8556011455048,388.30051790737826,159.972908545837,276.5671828397676,388.4061147934353,68749800,32766000,112062600
2023-04-03,163.64627075195312,279.97882080078125,394.4434814453125,163.76444342844442,280.992544334595,394.84659500245755,161.725889623748,276.78162637356223,392.03429064106433,161.7751332479675,279.286723502298,392.4278257842298,56976200,24883300,67391100
2023-04-04,163.114501953125,279.9300231933594,392.2550354003906,164.3061166832112,283.117489822551,395.3744932102715,162.60239523685718,278.45816395278734,390.8824517022873,164.06977129650792,279.9787787723989,395.0865256835199,46278300,25824300,66601500
2023-04-05,161.2729034423828,277.1617431640625,391.22802734375,162.54332009164784,279.90080144519544,392.28384974684195,159.34267919173706,275.77760817176124,389.57711302940226,162.23803059475318,278.6336322553814,391.5255732993779,51511700,22064800,65200200
2023-04-06,162.1592254638672,284.2384338378906,392.7541198730469,162.45467221127325,284.70629698554035,393.03247968178334,159.53962067833683,274.9100256186965,389.3850962213968,159.96308282888376,276.0602288528665,390.43131081559227,45390100,29770300,63743300
2023-04-10,159.56918334960938,282.08428955078125,393.1573486328125,159.56918334960938,282.2889797177499,393.23415170894185,157.64880179736934,277.5224147425445,389.6635702554961,158.96844706639095,281.90881108908263,390.27784840557536,47716900,23103000,63681000
2023-04-11,158.3578338623047,275.6897888183594,393.26287841796875,159.8941387722609,278.76028914263696,394.66422675434245,158.0722298566841,274.52985838680974,392.4950235384784,159.88429605818737,278.5360849095031,393.7811965721071,47644200,27276600,59297900
2023-04-12,157.66847229003906,276.33319091796875,391.659912109375,159.59869619161648,279.7643463826104,395.61444936283374,157.35332510698044,274.8418174679427,391.0744279375137,158.77145737665472,277.6003898328518,395.3264818376402,50133100,27403400,86420400
2023-04-13,163.04554748535156,282.52288818359375,396.86224365234375,163.28190788405584,282.58137108364906,397.21737725795947,158.96842452673738,276.02129123451107,391.60234704835096,159.1752417539843,276.4306715348985,392.7445509263928,68445600,24222700,85814800
2023-04-14,162.70086669921875,278.9162902832031,395.8928527832031,163.794009087704,281.19721243469814,398.41721916409074,161.33197803499354,276.52812965920475,393.5892586164342,162.09027277975596,279.7545649448243,396.2288003118919,49386500,20987900,78161500
2023-04-17,162.72056579589844,281.5091552734375,397.3134460449219,162.87813940299813,284.23848637686285,397.33263216817204,161.53879379674336,278.93581824426053,394.57791495452636,162.58269264644778,282.6106328823751,395.8065005537346,41516200,23836200,66436400
2023-04-18,163.9417266845703,281.0899963378906,397.5725402832031,164.8674527745674,284.39442891149264,399.0218979297028,163.13417327770642,279.76434427989847,396.1999857035815,163.5773508935462,284.2092231464568,398.8875072085601,49923000,20161800,63560000
2023-04-19,165.08409118652344,281.1679992675781,397.5053405761719,165.60604050503213,281.7528282776957,398.4075568472331,163.0258220523767,277.3567049001675,395.60486027089866,163.28188286850465,278.7700813374877,395.6624479202901,47720200,17150300,55227300
2023-04-20,164.11895751953125,278.88702392578125,395.33612060546875,165.32042968183282,281.7333204424285,397.08302413683805,163.0455157599964,277.88302787911294,393.79077385332334,163.5674650569094,278.0487492496202,394.69301944461137,52456400,23244400,75840400
2023-04-21,162.5137481689453,278.5458984375,395.6432800292969,163.9220227028112,279.04300308117706,396.10398124565415,161.991798793606,275.91404898236954,393.6948196903557,162.5432913390932,277.8148324496472,395.63367232336066,58337300,21676400,73457400
2023-04-24,162.81903076171875,274.6566162109375,396.05596923828125,163.08493430890758,277.75635870948304,396.4782981802782,161.40089854610392,271.6836263278282,394.1075090570705,162.49404087672,274.9685448486902,395.44166194381876,41949600,26611000,64332100
2023-04-25,161.2827606201172,268.4669494628906,389.76904296875,163.78417796430023,274.49092630001803,394.6450119030647,161.2433597017252,268.41819388016194,389.7114553215701,162.68119268208375,272.45369257019934,394.088292257947,48714100,45772200,97766700
2023-04-26,161.2729034423828,287.91326904296875,388.11822509765625,162.76982277852977,292.00725036990406,391.4584559223253,160.327491776325,285.33993229955405,387.561534606107,160.58353763858076,289.2097093535968,390.38344718568453,45498800,64599200,80447000
2023-04-27,165.8522491455078,297.1344909667969,395.8448181152344,165.99996498511996,297.495175228431,396.11357024267807,162.68115222078845,287.79635312272336,390.40255091976803,162.68115222078845,288.4981777647632,390.65211692803183,64902300,46462600,92968400
2023-04-28,167.1029815673828,299.5031433105469,399.22344970703125,167.27041291997128,301.13096702652024,399.23305741321724,165.33033104891717,295.6528502866571,394.90419994068407,165.93106728858945,296.33519048615636,394.9617875942257,55275900,36469600,89433100
2023-05-01,167.01434326171875,297.84600830078125,398.8203125,167.86128258741087,300.80927056527844,400.8455465437123,166.07877442017465,297.44635535169203,398.58993260769745,166.70905380019818,299.2204158338492,398.7819109693187,52472900,21294100,62122300
2023-05-02,165.9803009033203,297.6998291015625,394.337890625,167.76282424517206,301.3746435203023,398.1580375216088,164.99548835131355,296.237697087883,391.4392047424731,167.5067633643402,299.9905085390908,398.11002828382885,48425700,26404400,103998500
2023-05-03,164.90682983398438,296.71533203125,391.63116455078125,168.32412999077732,300.819041090019,397.24619509986604,164.62124085601573,296.4131604465873,391.3912062306647,166.9256982160475,298.8792887083803,394.837004192524,65136000,22360800,91531800
2023-05-04,163.27203369140625,297.6998291015625,388.85723876953125,164.50304913491388,299.9905085390908,390.91126663739385,161.8145156138655,295.74056268414336,387.52305652796423,162.38570858289833,298.5088623937183,390.5849268562114,81235400,22519900,94901900
2023-05-05,170.9338836669922,302.80755615234375,396.05596923828125,171.65279246173276,304.09423955747224,397.1021838881152,168.16654839153733,296.58861610804354,392.22624422840113,168.38320830672657,298.00202238980415,392.48538864162396,113453200,28197100,87891800
2023-05-08,170.86495971679688,300.8580322265625,396.16156005859375,171.20965008439242,302.36891985995953,396.64147667611564,169.49607101524845,298.3626625741606,394.76021173712985,169.86044681233003,302.30067989163814,396.3823322476967,55962800,21318600,50046800
2023-05-09,169.16123962402344,299.24969482421875,394.4242248535156,170.9043468501181,302.2129574604757,395.53763480997924,168.993823309898,298.5771116971217,394.1938742734827,170.42179836441701,300.22444953048654,394.6162031980649,45326900,21340800,49220100
2023-05-10,170.92404174804688,304.4256591796875,396.2671203613281,171.38690478906514,305.0982423493034,397.8892407221348,169.28924951921832,299.90281252520236,392.44697389350114,170.39224965147537,300.82881170640417,397.2557473304781,53724500,30078000,96142900
2023-05-11,171.11119079589844,302.2811279296875,395.5760803222656,171.93842978088065,303.26563957263573,395.8640185793233,169.55518507059503,298.52834660179957,393.5028369960926,171.2096780676073,302.27140061196803,395.4033173680311,49514700,31680200,70157100
2023-05-12,170.1841583251953,301.169921875,395.0577697753906,171.653548851867,302.8075024197668,397.0254455424627,168.6358569767775,298.85975829449876,392.63900049417026,171.21962961924467,302.7100210129512,396.8142810526254,45533100,19774700,70481500
2023-05-15,169.69105529785156,301.6475830078125,396.42071533203125,170.81529363826058,302.0764774582507,396.8238288685914,169.09934457223466,299.82479646702666,393.75238023444746,170.76598190315437,301.2966855922646,395.6624389099318,37266700,16336500,54289400
2023-05-16,169.69105529785156,303.87005615234375,393.7716369628906,170.74625419954612,305.7903243255261,396.238415734528,169.42478396654107,302.0082708882203,393.762029255893,169.61215953124739,302.0082708882203,395.31695461644586,42110300,26730300,57705500
2023-05-17,170.30250549316406,306.7420654296875,398.55157470703125,170.53917778241149,307.1621190650021,399.1562450551422,168.06388478776768,303.5574089684494,394.14594356293253,169.3360585337975,305.0715994717328,395.7872502342352,57951600,24315000,87287000
2023-05-18,172.6298828125,311.1576232910156,402.3908996582031,172.8172584115987,311.6656229362175,402.8132286270494,170.1940301198803,306.468583842939,398.0140624281471,170.60822168470452,307.2598588771496,398.23480532655367,65496700,27276000,97177200
2023-05-19,172.73837280273438,310.98175048828125,401.8053894042969,173.95136353170963,311.38227715164794,403.8210450825171,172.52141315393132,309.05728471229986,400.5864117249465,173.95136353170963,309.4187276052405,403.29314851307697,55809500,27546700,103793300
2023-05-22,171.79159545898438,313.7561340332031,401.968505859375,172.2945540862593,315.13354641281757,403.504244653695,171.05196458153654,310.6594231373723,400.58634387366504,171.57463586444004,311.23578210832846,401.8245367549846,43570900,24115700,60745400
2023-05-23,169.1881103515625,307.9729919433594,397.45733642578125,170.9829553293692,315.26055083800105,401.9013689419868,168.9119826700276,307.9632135465672,397.0638012887145,170.7364116817252,312.6327259488541,400.32722839371974,50747300,30797200,86383500
2023-05-24,169.46426391601562,306.5955810546875,394.57781982421875,170.03624707165045,309.18432218160666,396.2383417764392,168.16252108250686,305.3842225217215,393.4164298740769,168.724632860117,307.4552452354423,395.85441436146004,45143500,23384900,89213700
2023-05-25,170.5983428955078,318.3865661621094,397.9947814941406,171.4957503105663,319.3438949651791,399.44413882097075,169.3163129553576,312.6033903237595,395.8447647643643,170.02635984381527,315.7684901108892,398.08116295648546,56058300,43301700,90961600
2023-05-26,173.00460815429688,325.1954345703125,403.14910888671875,173.33991896491864,325.69362591247574,403.8689837488059,170.71669083708804,316.3936865085404,398.57071530888675,170.92379413047703,316.53043497879963,398.64748907245814,54835000,36630600,93830000
2023-05-30,174.84878540039062,323.55426025390625,403.302734375,176.51542312806916,327.9795506793169,405.60632835331285,174.1288820495124,322.88020682779495,401.920572129655,174.5134895983742,327.4813593124993,405.07843177412394,55964400,29503100,72216000
2023-05-31,174.79945373535156,320.7994689941406,401.0662841796875,176.87042648421155,328.1749431768424,402.38125089733444,174.3162227478627,319.76394285514135,399.5017514717894,174.87834951174753,324.6093167826368,401.4790054006544,99625300,45950600,110811800
2023-06-01,177.60020446777344,324.8926086425781,404.8768615722656,177.6297885060057,325.82066191290807,405.9326839874396,174.4838886927619,317.2143019258067,400.0489015795839,175.24324745233199,318.3963251868189,401.2966730663804,68901800,26773900,88865000
2023-06-02,178.44830322265625,327.6473693847656,410.73187255859375,179.26683000310032,329.6988347635074,411.51891359121186,176.7816656255451,324.8632399287716,406.92133324219725,178.52719900186148,326.5239570954144,407.44922983268606,61996900,25873800,91426200
2023-06-05,177.09722900390625,328.1749572753906,409.9448547363281,182.39298156722955,330.734392827561,412.36362438133835,175.57851175717974,326.924544875392,409.24416580289443,180.10506441660397,327.47159843712996,411.0774511286256,121946500,21307100,65460200
2023-06-06,176.73236083984375,325.9671630859375,410.8374328613281,177.62976831057978,327.6181020499909,411.3653294424387,174.97695616659206,324.4920861780968,408.87936479133043,177.4818481362361,327.57901828059016,409.5320736758542,64848400,20396200,64022200
2023-06-07,175.36154174804688,315.9052429199219,409.4169006347656,178.70467241393297,326.7584266923508,412.36359602704806,174.86845454040687,315.04557889593144,408.994571620611,175.9729650702157,323.9840754044963,411.2309997126284,61944600,40717100,85373300
2023-06-08,178.0735626220703,317.7418212890625,411.8931884765625,178.33981894141047,319.0899281933469,412.34431121135276,175.0065588784877,315.8759662068324,408.71614321581194,175.44046308150416,316.45232513607897,409.48399798951436,50214900,23277700,61952800
2023-06-09,178.4581756591797,319.2364196777344,412.6322937011719,179.71060666093933,322.3624353785323,414.63834160760314,178.13273621096323,316.9114274266321,411.64366666036057,178.99070336218668,317.47800789711727,412.6898813507892,48900000,22529000,85742800
2023-06-12,181.24903869628906,324.1795654296875,416.3756103515625,181.34766218390052,324.42378688476305,416.45241340725585,178.468033910057,317.64419690689135,412.8914406087862,178.76388932505995,320.98512971749847,413.61131547404943,54274900,24260300,76104300
2023-06-13,180.77566528320312,326.5631103515625,419.1207580566406,181.60404834381112,329.1909351194717,419.76382988102273,179.91769818813273,322.7532623015664,417.1722978814529,180.2727216495119,326.7389426125968,417.8345851160925,54929100,22951300,95899700
2023-06-14,181.40684509277344,329.5425720214844,419.61981201171875,181.84076439721946,331.20328940233077,421.4243028592492,179.5035350184376,325.11728161658255,416.1740148259687,180.83486192307942,326.61191533447175,419.4566567941883,57462900,26003800,100612100
2023-06-15,183.43833923339844,340.0538635253906,424.82220458984375,183.94129793003785,341.75363483053593,426.06997610483035,181.23917400121888,329.40581706772855,418.7080714411939,181.4166932611595,329.6793438273172,418.8040313332803,65433200,38899100,110303100
2023-06-16,182.36337280273438,334.41729736328125,423.3750915527344,184.40476108474166,343.34604774006436,427.3731894001626,181.72236544583518,334.0461058075506,422.90303570152577,184.14834610371997,343.1995208348828,426.8047878199797,101256200,46552000,114165800
2023-06-20,182.45217895507812,330.2361145019531,421.1785888671875,183.52712083284334,334.17296167361366,422.32503554227975,181.86048315364175,328.09673298112693,419.1072877770987,181.86048315364175,331.4669997090526,421.4387253030806,49799100,26375400,76160400
2023-06-21,181.41668701171875,325.8498840332031,419.02056884765625,182.84663717983523,329.9235091734763,420.9955241203809,180.0656175699355,324.3943343610743,418.43288044222425,182.34367850052172,328.59492955815557,420.19591625792975,49515700,25117800,76982300
2023-06-22,184.41464233398438,331.85772705078125,420.5331726074219,184.46395407144706,332.2582536376129,420.6391323512952,181.1306792503188,325.6349718946558,417.72967888460175,181.19971869233248,326.39694130536145,418.06687430704443,51245300,23556800,70637200
2023-06-23,184.09906005859375,327.2761535644531,417.3538513183594,184.96689848868263,330.1481991797799,419.1361444036858,182.45215034536935,325.7424660612822,416.6409458444642,182.98469303577104,326.6314055883412,417.08410091737835,53117000,23146900,92074500
2023-06-26,182.7085418701172,321.004638671875,415.6487121582031,185.45010559685554,328.34102981665524,418.7026693868189,182.66908646591548,320.8971657453209,415.40786249787595,184.24697158177437,326.00628855643646,416.7855154988048,48088700,21520600,72823600
2023-06-27,185.4600067138672,326.83660888671875,420.20556640625,185.78544616190248,328.3800749537934,420.82212620155866,183.10304984582174,321.6884029069419,416.0725783167209,183.32000947784528,324.1892275549751,416.5253768197751,50730800,24354100,72813700
2023-06-28,186.633544921875,328.0870361328125,420.4176330566406,187.27455239917202,330.1678072397065,421.4291900763719,185.00636283468697,326.0941811528345,418.51009277305087,185.33178721386028,326.92453987884056,419.12665274110253,51216800,20259500,75636000
2023-06-29,186.96884155273438,327.3055114746094,422.0745544433594,187.4422162021352,328.3410078355039,422.2383451446893,186.32783407243755,324.93168659890875,419.5986423394109,186.4658979165552,326.97337394490575,420.00325329466176,46347300,16997000,67882300
2023-06-30,191.28829956054688,332.6685791015625,427.0552978515625,191.79124321876165,334.80796061953606,428.0379537648419,188.61575961709715,329.40578527983763,424.9647101118157,188.98065447297634,329.9430603518384,425.28264809004037,85213200,26832800,104964000
2023-07-03,189.7991485595703,330.177490234375,427.5466613769531,191.19951452662892,333.0202303553527,427.82602579498047,189.1088143797874,328.79032964679084,426.4291155030701,191.10089105870892,331.3497646514175,426.70850932168867,31458200,12508700,32793400
2023-07-05,188.684814453125,330.33380126953125,426.9107971191406,190.31199675191496,333.75290026498266,427.6429894132442,187.98462376800288,326.99286980308096,425.7258063379871,188.92150180749704,327.3445342470537,425.7354497315169,46920300,18172400,58418400
2023-07-06,189.15817260742188,333.3817138671875,423.5678405761719,189.36527592182694,335.0619581701481,423.991738320798,186.58425595947688,327.7450950952517,421.06299828536083,187.21540718494302,329.5034771232006,423.3366343156822,45094300,28161200,80658300
2023-07-07,188.04379272460938,329.42535400390625,422.4984436035156,190.00628587990153,333.8897282258727,426.438769743823,187.60988847797856,329.2104379854344,422.2575939538954,188.76371112125616,331.4768196689225,422.5755319557256,46815000,21214800,86134200
2023-07-10,186.00238037109375,324.1599426269531,423.5678405761719,187.36330604998784,327.48137758941004,423.7412452715391,184.45407912216882,320.0179571321777,421.57359837767063,186.6433878022031,326.8659348779879,422.1420000351028,59922200,32791400,62443500
2023-07-11,185.47972106933594,324.78509521484375,426.2652893066406,186.68285528837708,325.16606502447587,426.75663194663485,184.02018687082855,319.4415308007057,423.3558364397673,186.5447914459214,323.40768320181985,424.32887832662993,46638100,26698200,64463800
2023-07-12,187.1463623046875,329.4057922363281,429.6949768066406,189.04967210294507,333.7529146882439,431.101559747161,185.86433228601203,327.9111586604982,428.6256186127397,187.05759515232103,328.81965499219945,430.0514589385291,60750200,29995300,91924500
2023-07-13,187.90570068359375,334.7396240234375,433.10546875,188.54672319895087,335.7946473564409,433.89546265173254,187.15621340871894,331.18374612162296,431.07271183277675,187.8662603208446,331.711272694216,431.50622355890425,41342300,20567200,72425200
2023-07-14,188.0536346435547,337.2599792480469,432.8357238769531,188.53685056119244,343.3069035731136,434.83958003816,187.00829198764853,336.35148278353853,432.07463074719146,187.59998771190843,339.55566639937143,433.991813962652,41616200,28352700,69815800
2023-07-17,191.30801391601562,337.73870849609375,434.3385925292969,191.63345333608896,338.9695642229461,435.3886934056767,189.15814548736353,334.29030311956524,432.6430016974079,189.24689758888442,337.689846323102,432.6911892645716,50520200,20363900,52680200
2023-07-18,191.05160522460938,351.1805419921875,437.5660400390625,191.64331601668746,358.3020452926389,438.2115006773749,189.75971887799713,334.2609086018875,433.5775554716282,190.6768691009351,337.83628312548785,434.01109662916457,48288200,64738600,80668200
2023-07-19,192.4026641845703,346.8725891113281,438.5390930175781,195.48938034906212,354.08201092658555,439.72405458332963,189.9865244553515,344.293626158434,437.48896257877516,190.4303150490968,353.38843037126543,438.35604491544507,80507300,39732900,65891700
2023-07-20,190.45989990234375,338.852294921875,435.62957763671875,193.75371936128715,349.6957307761419,438.44271452207744,189.83860510668907,337.3869665581141,434.91667207150675,192.39279363664537,345.3974402048797,437.5467608684042,59581200,33778400,70591600
2023-07-21,189.28634643554688,335.8239440917969,435.62957763671875,192.2744541324422,342.20300571747845,437.5467608684042,188.58615588066942,331.97501253322577,435.61996364299455,191.4164870851642,341.07959326630163,437.3444259913096,71951700,69405400,71275600
2023-07-24,190.08517456054688,337.1329650878906,437.5756530761719,192.2153155367517,338.901155398555,438.38490436691495,189.59208720760122,334.397697414045,435.74517222742827,190.73605347791477,337.8558806826926,436.7760157789645,45377800,26678100,54023400
2023-07-25,190.943115234375,342.8673400878906,438.770263671875,191.75178560391285,343.75630961701245,440.02267010001805,190.2527960456413,337.09394225294653,437.2577208036124,190.65713123041024,339.0867675369492,437.3059083742901,37283200,41637700,55191200
2023-07-26,191.8109893798828,329.9626770019531,438.8377380371094,192.93522799592873,336.70321228068315,440.26354925381463,190.6473103947794,325.4103859956427,436.78569416377627,190.9924625294884,333.5478606909615,437.8357951870991,47471900,58383700,71052900
2023-07-27,190.54864501953125,323.07562255859375,435.9281921386719,194.47361545879667,333.4403649695194,442.62382369326946,189.88790988625553,321.444210409782,435.0225951669556,193.30993672945922,332.61003601882766,442.2191833737535,47460200,39635300,92194400
2023-07-28,193.12258911132812,330.54876708984375,440.1960754394531,193.9115318637554,332.1508737419497,441.0245840745933,191.45595149688123,325.46897998950345,435.92819754722996,191.97862287270013,325.95742277677743,439.1941327220315,48291400,28484900,80011800
2023-07-31,193.7340087890625,328.1553955078125,441.03424072265625,193.77346420221568,329.89425053304086,441.39069349037516,192.56045853696887,325.6545411607463,439.35790721415856,193.34940127389015,329.13228102338303,440.66814456102355,38824100,25446000,62040400
2023-08-01,192.90562438964844,328.565673828125,439.772216796875,194.01013518521242,330.7148339075202,440.51402315707037,192.5801849485631,325.9867115450311,438.81843216166044,193.52691923606866,327.4422614370604,439.5698819163366,35175100,18311900,55291500
2023-08-02,189.91749572753906,319.92999267578125,433.6545715332031,192.48154051645844,325.9183054002414,436.92047716007846,189.19759252290805,318.81632892578153,432.90312187918494,192.34347668203839,325.9183054002414,436.660370149276,50389300,27761300,93933400
2023-08-03,188.52700805664062,319.1094055175781,432.411865234375,189.71041463976601,322.25497786737617,434.29050444334024,188.0536484329567,318.41582519365545,430.9956679816183,188.92148694956984,318.46465754141326,431.64115804128886,61235200,18253700,64276100
2023-08-04,179.47390747070312,320.20355224609375,430.4561462402344,184.78938756590674,327.393445572908,436.3232404604835,179.4048680308995,319.67602568873457,429.9359027397443,182.95510234495143,324.20878906184083,434.2230384704291,115956800,23741500,100128900
2023-08-07,176.37734985351562,322.4797058105469,434.21331787109375,180.59817633552169,323.4565914550908,434.3674651549641,174.8980878140883,319.94957556864017,431.5928728464738,179.61200164257014,320.7799343289393,432.2865209235964,97576100,17741500,58357500
2023-08-08,177.31417846679688,318.51348876953125,432.3250732421875,177.77768168655697,321.15109140709956,434.20371206163696,175.1248698685598,315.53400007450387,428.97243590614755,177.20569866966517,319.40245810571645,431.6795833163524,67823000,22327600,71361300
2023-08-09,175.72645568847656,314.78192138671875,429.4349060058594,178.42856448196,319.5490990381871,432.7586427817327,174.56276182695083,313.6291734879443,428.67381291504086,178.3693964131728,318.9239076298751,432.5948520910791,60378500,22373300,78789600
2023-08-10,175.50949096679688,315.46563720703125,429.58905029296875,178.25105509162734,320.6724537793776,435.1671361209915,175.14461118800062,313.75608752866935,428.4233462814403,176.99860916334498,318.4842099187915,431.7855978075418,54686900,20113700,93005500
2023-08-11,175.56874084472656,313.5900573730469,429.33856201171875,176.3883728930982,314.9576912566164,430.3501481391964,174.34424265962002,311.8316453980151,427.1227570858758,175.10462674008653,312.8573931698293,427.7200594884635,52036700,24355500,68690900
2023-08-14,177.21786499023438,316.54998779296875,431.7085266113281,177.44498719165242,316.5695147707091,431.7085266113281,175.09471767076215,312.68149972344554,428.1150686990038,175.746475363334,313.9612471638397,428.4233633029166,43675600,18836100,47867400
2023-08-15,175.2329864501953,314.42041015625,426.67962646484375,177.23762299403361,317.57576163003193,430.2923712690211,174.8379899652799,313.4826082523493,426.1111954097984,176.6451282666605,315.53407413953244,429.9358890851779,43622600,16966300,75707500
2023-08-16,174.364013671875,313.6567687988281,423.548583984375,176.30938743269644,317.59218190962685,427.9223925566891,174.29488099061055,313.0693905863645,423.44259484772283,174.91701484938284,314.0483443153716,426.26534575201464,46964900,20698900,80107200
2023-08-17,171.8260955810547,310.21087646484375,420.3211975097656,175.29223725703497,315.0958462335388,425.27305119137833,171.31258808782235,309.55496429159837,419.8009540161682,174.9268647491592,313.79385086017476,425.01294414487614,66062900,21257200,95711300
2023-08-18,172.30999755859375,309.8193664550781,420.52349853515625,172.9123770667114,311.679373042675,421.5543421169173,169.8116075662743,304.9931006267398,417.1612467523088,170.14735612669347,307.8712277189821,417.5080561439708,61172200,24755000,98852000
2023-08-21,173.6431121826172,315.105712890625,423.259521484375,173.92949746098708,315.97696640050947,424.0013277942752,171.56935789788312,310.36757919700125,419.38666984217986,172.88274314562352,311.2388327068857,421.53502982303786,46311900,24040000,68719000
2023-08-22,175.01573181152344,315.6734619140625,422.11309814453125,175.46010661888187,319.2172702035748,425.0321947779214,174.04797988711957,314.69450802744353,421.55433988295033,174.84785755399471,318.6494900944686,425.0321947779214,42038900,16084600,64994200
2023-08-23,178.8571319580078,320.117919921875,426.8144836425781,179.28176749229362,322.2716304158125,427.43107286328376,176.1019960768648,316.65241480901244,423.0283341735705,176.28962468028294,317.00485374224843,423.1728380844883,52722800,21166400,68441000
2023-08-24,174.17637634277344,313.2358093261719,420.89923095703125,178.8374075605793,325.9720062281622,428.9243284062607,173.8109887437673,313.2260102293042,420.8703007742917,178.41277199096436,325.8447374700637,428.41372832126285,54945800,23281400,88517300
2023-08-25,176.37852478027344,316.1824951171875,423.86651611328125,176.91177162464882,318.5123799630537,425.14782341445994,173.62338845938785,312.09044570865603,419.07842352366526,175.16389608553052,314.70426538436715,422.62372359066535,51449600,21684100,102325100
2023-08-28,177.9387664794922,316.88739013671875,426.55438232421875,178.33376298082638,319.2858092722639,427.1709421526019,176.31925671498092,314.949050654982,423.8664919427265,177.8400098200833,318.8061314202153,426.05339622552776,43820700,14808500,61595400
2023-08-29,181.81968688964844,321.4981994628906,432.72015380859375,182.589940732724,322.05621026150664,432.9995476574254,177.25741180863895,315.10563277299525,426.2653709047112,177.45491008950265,315.10563277299525,426.44841900560834,53003900,19284600,83081900
2023-08-30,185.30555725097656,321.8702087402344,434.5024108886719,185.50307057198083,322.86873080054954,435.1382574911251,182.43192527543482,319.57946057224274,432.35402143192493,182.62942352828824,321.75273907140877,433.05731299234867,60813900,15222100,69053900
2023-08-31,185.5228271484375,320.8619079589844,433.8665771484375,186.75721017905872,323.9456064626788,436.2557869248091,185.13770024560978,319.9025224771531,433.6835290574293,185.49320316115478,322.27160382501023,435.11898360214246,60794500,26411000,66084600
2023-09-01,187.0929412841797,321.74298095703125,434.6758117675781,187.54718572230075,325.00288418337306,437.06505085275637,185.92767607044595,319.9025429102048,433.2210704898494,187.1225652663115,324.33720272503615,436.5833515582069,45766500,14942000,58944100
2023-09-05,187.3299560546875,326.530029296875,432.7971496582031,187.60645663383806,327.8026871669536,434.5505420529184,185.26607135025952,321.74296073160247,432.72973410501413,185.92769881238064,322.07580143984785,434.23263347174435,45280000,18553900,55166200
2023-09-06,180.62478637695312,325.8741760253906,429.88775634765625,186.4905763861184,327.4209100280818,432.0939475374288,179.20277485131902,323.23098856949474,427.5659620214055,186.04618648324464,326.3636529709045,431.987958395261,81755800,17535800,70758500
2023-09-07,175.3416290283203,322.9666748046875,428.56787109375,175.98351721110967,326.0699418421109,429.24223247025344,171.3718491931888,322.1051906191248,426.5447281630559,172.99135904079122,324.3176359252016,426.8915375451562,112488800,18381000,70355400
2023-09-08,175.95388793945312,327.23486328125,429.21331787109375,177.9881638364286,329.08510023164433,430.74511806057524,175.56876103562882,322.52609807587226,428.2595627004295,176.121777292026,323.1428437260037,428.6160154651993,65551300,19530100,61659700
2023-09-11,177.11911010742188,330.8276672363281,432.0361633300781,178.0473683330804,331.29757584054045,432.3444285728758,175.12434339280344,328.37048350695864,430.1286232997532,177.82024612940288,330.1423875895978,431.8338284325165,58953100,16583300,60180100
2023-09-12,174.09738159179688,324.7874755859375,429.6661071777344,177.8795329175836,329.70184254177326,432.1131477113599,172.63587633671216,324.5036005080368,429.08809157187744,177.2475294233725,328.7522562072044,430.5909909482861,90370200,17565500,67565400
2023-09-13,172.03347778320312,328.98724365234375,430.1671142578125,175.08486860955094,329.76062559468676,431.3231749266096,171.8063404869434,324.2001746396606,428.78943192828973,174.30473020059844,324.33721264984047,429.8877204342684,84267900,16544400,60199300
2023-09-14,173.5443878173828,331.5716552734375,433.87615966796875,173.89989073979382,333.68616913545833,434.56980780447236,171.41137028291678,329.4864789543326,431.33280276784916,171.82612118103754,332.01216654665086,432.63339669886733,60895800,20267000,83430800
2023-09-15,172.823486328125,323.2701110839844,428.64874267578125,174.29487626046748,330.2989918946616,432.62229333118586,171.64836639188815,322.7121002719872,428.21370176743056,174.27512191376346,329.8291132111252,432.2935859212208,109259500,37679800,111848900
2023-09-18,175.74652099609375,322.134521484375,428.90008544921875,177.13890868226434,323.4463159361462,430.1955896700722,173.96900640397726,319.4913343854658,427.86560575276553,174.2751309871455,320.9010301881777,428.3393267614431,67257600,16834200,55752200
2023-09-19,176.83274841308594,321.733154296875,428.0106201171875,177.38574949277796,322.45760041034737,428.57137880593234,174.91698390976052,317.6803011768475,425.3326034960519,175.30211073798526,319.30536803908217,427.981617392204,51826900,16505900,66514600
2023-09-20,173.2974853515625,314.01898193359375,424.0757751464844,177.45487842056565,322.65336113195434,429.68318495179983,173.20859833310675,313.7644742751729,423.8727265693422,177.0203732393163,322.5750579775089,429.2674693964477,58436200,21436500,82562600
2023-09-21,171.7569580078125,312.8051452636719,417.06646728515625,174.0973581099587,318.50266425545,421.4943834516094,171.6878404044714,308.3704851953978,416.91177626347593,172.36922214048295,312.540838460042,421.2333589486901,63149100,35560400,104095800
2023-09-22,172.60623168945312,310.338134765625,416.12872314453125,174.8676297137013,314.6846917624831,419.6865285568745,171.87548661966315,309.4962190138313,415.71297806578804,172.48773574692532,314.5574229961994,418.09131961695476,56725400,21447900,100829700
2023-09-25,173.88009643554688,310.8569641113281,417.87860107421875,174.75897636563758,310.98423287149456,417.9172517040119,171.97420160197885,308.3704133654572,414.485134786977,172.02357992644104,309.9269461526473,414.920205158679,46172700,17836000,70874500
2023-09-26,169.8115997314453,305.5706481933594,411.7394714355469,173.01111068359924,309.2319257820145,415.54865360911657,169.51534481079926,303.49524107796117,410.90801075336816,172.63586851438868,308.4977104446982,414.84288124552415,64588900,26297600,96168400
2023-09-27,168.30068969726562,306.20697021484375,411.9037780761719,170.87808171574733,307.6851701509051,413.4700137261174,166.93794126401278,303.1722074325514,408.2686420542666,170.46333088230946,305.7272625333357,412.90925504168933,66921800,19410100,104705800
2023-09-28,168.5574493408203,307.03912353515625,414.291748046875,169.88070413963854,308.8403951730469,415.964317107926,165.52579782856736,302.9373041972711,410.762945679416,167.22430983558627,304.44487173232886,411.35270706101295,56294400,19683600,92258300
2023-09-29,169.0709686279297,309.10467529296875,413.2862854003906,170.90773103963988,312.746384776468,417.5111824781116,168.21182785802986,308.35089159051364,411.7684074215334,169.87084635964763,311.06258297495117,417.3371661441051,51861100,24147300,115111300
2023-10-02,171.57925415039062,315.0273132324219,413.1219482421875,172.1223857383103,315.1154453625428,414.3691244055631,168.79447859132247,308.5466440139972,410.36657139466814,169.08086391411345,309.6234991428816,412.454856073705,52164500,20570000,83798600
2023-10-03,170.24609375,306.7943420410156,407.59185791015625,171.46073744550782,314.6259723470464,413.1799422139496,168.6858469308082,304.66020007739525,406.22867088652805,170.1078434596355,314.0777307403494,410.94664397430034,49594600,21033500,103760600
2023-10-04,171.4903564453125,312.2470703125,410.5599365234375,172.03348795172127,313.3043570607618,411.30435944495287,168.8339619515459,307.3914682241067,406.59606370497346,168.9524578917983,307.4208356407086,408.0559363281981,53020300,20720100,87453000
2023-10-05,172.72474670410156,312.6387023925781,410.40521240234375,173.25799352598938,313.2456789043345,411.2463208378169,170.52259660006877,308.2725763744339,407.18579226927517,171.6187292983148,312.3743955953389,410.26984669791165,48527900,16965600,70142700
2023-10-06,175.27252197265625,320.3724670410156,415.27789306640625,175.76627518846593,322.26184092251725,416.8150963910029,171.01635659512883,309.6431106472469,406.63472757769614,171.62862082907643,309.8878491254301,407.9592344326086,57266700,25673600,113273300
2023-10-09,176.75376892089844,322.8785705566406,417.9366149902344,176.81301689163445,323.3484492911128,418.5070215863633,173.60362121945622,316.37830256029935,412.8319288458573,174.6009972191987,317.9152672966711,413.3829806224,42390800,19891200,80374400
2023-10-10,176.16127014160156,321.4786376953125,420.1119384765625,177.47465549196244,324.131594004222,422.70294712015226,175.72676490471198,320.7737897972471,418.1686672417201,175.87489990900735,323.99452613848536,418.5650575162268,43698000,20557100,78607300
2023-10-11,177.55364990234375,325.4238586425781,421.83282470703125,177.60302823490863,325.8154342155564,422.08417183466213,175.38113888285298,322.21289114367397,418.797068320578,175.9736336691769,324.2393029495446,421.17540990507433,47551100,20063200,62451700
2023-10-12,178.45225524902344,324.19036865234375,419.2611083984375,180.06188013769966,326.6083859172805,422.8189135801861,176.80310660532254,321.8017188086289,416.91179922986146,177.82025187235598,323.6127894514465,422.44187816631086,56743100,19313100,81154200
2023-10-13,176.61550903320312,320.8325500488281,417.1728515625,179.6570151987734,326.8041445225291,421.95850789546967,175.91437292525092,319.49135820401887,415.60664534568787,179.1533924067404,325.3846793916084,420.75965970754623,51427100,21072400,95143100
2023-10-16,176.4871063232422,325.63916015625,421.56207275390625,176.8426091520335,329.06549796997166,422.6255551040407,174.3047110276888,323.64208632259823,419.1740835467255,174.54171793626585,324.08259754489984,419.4157827397426,52517000,22158000,75433200
2023-10-17,174.93675231933594,325.0714416503906,421.5427551269531,176.19088966345473,326.4419711859503,423.5923892481788,172.61612132571108,320.51931182231954,418.09131276942526,174.44299912050275,322.6534242330698,418.4393454760135,57549400,18338500,75324700
2023-10-18,173.6431121826172,323.1624450683594,415.9256591796875,175.36137864838344,328.5271229876209,420.73064064200355,172.9222367694585,321.3905409680336,414.8428514424272,173.3863659573123,325.4923600401383,419.77352121429993,54764400,23153600,93559800
2023-10-19,173.26788330078125,324.34698486328125,412.27117919921875,175.6181383369893,329.78996567974724,418.4490253157197,173.0012523479638,323.9456102144574,411.59443909771255,173.84062376512662,325.1595033838665,416.64111990263626,59302900,25052100,121323000
2023-10-20,170.72007751464844,319.7948303222656,407.2052001953125,173.22833664495803,324.9343374400908,412.37756965755136,170.4830706009531,318.6005055684448,407.0988371910665,173.1197103596996,324.73853474262626,411.8361657385735,64244000,25027700,123919900
2023-10-23,170.8385772705078,322.3890686035156,406.4993591308594,171.83595313524123,325.7273046053134,410.3568982821464,167.80692592091492,317.5628335992071,403.9276761980999,168.77469287243957,318.620090545015,405.67757598059893,55980100,24374700,92035100
2023-10-24,171.27310180664062,323.57366943359375,409.5641784667969,171.50022404547477,324.8560968034201,410.71466914656554,169.30795876796012,320.7053413392681,406.7701212432729,170.88797493724758,324.32745327015175,408.61670687631084,43816600,31153600,78564200
2023-10-25,168.9623260498047,333.5002136230469,403.6859436035156,170.8978298690587,338.9138270951405,407.91086989621283,168.51793618108192,330.51438652342347,403.17354254116606,169.7325797223047,337.7586388732426,407.8818671758645,57157000,55053800,94223200
2023-10-26,164.80491638183594,320.9891662597656,398.85205078125,169.23882483986895,334.4399815109655,403.47333880031834,163.60015755926395,320.05914822735156,397.93361142540357,168.24143389027685,333.3729254857893,402.6225823087564,70625300,37828500,115156800
2023-10-27,166.11831665039062,322.8687744140625,397.0440979003906,166.8490767618186,329.63334926048014,400.83395429205797,164.7456834493569,321.4884458683103,395.6229054415524,164.82468576422622,323.4757210351802,400.43756406837696,58499100,29856500,107367700
2023-10-30,168.16244506835938,330.2109069824219,401.79107666015625,169.03145545417337,332.3058824741977,402.8448816266276,166.7601878982554,324.84622935304117,398.5329761803426,166.90832288755587,326.39299310170355,399.8284803456642,51131000,22828100,86562700
2023-10-31,168.63645935058594,330.9940185546875,404.314453125,168.76482492650203,331.8653016809535,404.63348310254605,165.80230595130433,327.6460136572754,400.45691364342605,167.23420217717043,331.71846460217154,402.361504611754,44846000,20265300,79665200
2023-11-01,171.7964630126953,338.7865295410156,408.6263427734375,172.0532092124064,340.10812307119625,409.43844855236455,167.99455793411695,332.50163335597534,404.74947812853236,168.86356825336904,332.63870122035286,405.28123407598383,56934900,28158800,98068100
2023-11-02,175.35150146484375,340.9892578125,416.45745849609375,175.5588693503195,341.4885040275744,416.61214954670544,173.26786256268767,337.51395325496594,412.3968995543654,173.32711052996643,339.9319707829099,412.41622487157895,77334800,24348100,94938900
2023-11-03,174.4429931640625,345.3749084472656,420.2569580078125,174.61088250590672,346.93147136857294,421.80383898984763,171.18423421755685,340.02002965992455,418.63274625361095,172.06311427874405,342.2716414539088,418.7584345746445,79829200,23637700,100167800
2023-11-06,176.99075317382812,349.02642822265625,421.2237243652344,177.18825142381783,350.0151812088652,421.66844265759465,174.00849494223715,345.91336203130555,419.28045324415575,174.17636920813592,346.0112633950899,421.01102787683624,63841300,23828300,67831700
2023-11-07,179.54840087890625,352.9422607421875,422.42254638671875,180.1606499568927,354.83163466533523,423.0606358569916,176.73400192517136,350.10330030774577,420.0829145000172,176.9413698079054,351.83603801636735,421.2237277176419,70530000,25833900,64256100
2023-11-08,180.6050262451172,355.5560302734375,422.7319030761719,181.15802736111343,356.211912585882,423.544008852029,179.32126504404005,352.9617788165993,420.4309219590949,180.07177947416378,354.06800138493276,423.0219303160148,49340300,26767800,61746000
2023-11-09,180.13101196289062,353.0988464355469,419.4351501464844,181.81963914926845,357.11256296700316,423.91142437106953,179.5385022077218,352.77577495327927,419.00975716373983,180.67414339377055,354.6749477041347,423.8727442351021,53763500,24847300,83174400
2023-11-10,184.31365966796875,361.8899230957031,425.9803466796875,184.48177017271385,362.3108661279153,426.28972875327344,181.47578777634308,353.4709130749397,419.42546520511473,181.91086536697577,353.8820570074666,421.5041020397778,66133400,28042100,89462200
2023-11-13,182.7316131591797,358.9627685546875,425.57427978515625,183.94784205398747,360.715104203908,426.6764127794683,182.14822040593083,358.19918579348337,423.86306009469695,183.74020094629049,360.4703657564029,424.64616313137293,43627500,19986500,52236100
2023-11-14,185.342041015625,362.47723388671875,433.83074951171875,186.00454008995078,364.1218990717547,435.1165763059157,184.21480130754796,359.61870535436486,431.2783917339626,185.59912547957174,363.20168005612413,431.50076562505876,60108400,27683900,97176900
2023-11-15,185.90562438964844,362.6244201660156,434.7492370605469,187.37895245541037,366.0184671527949,436.3928036457593,185.6782029727857,360.1131840283514,433.89845104016877,185.74742671461323,364.20372057822027,435.164952660045,53790500,26860100,77327600
2023-11-16,187.58663940429688,369.0005187988281,435.2809143066406,188.82264852852316,369.17708096054344,435.59994425440004,186.5384909930313,363.1246629725075,433.24095780816333,187.44820698590362,363.88979560921166,434.30444014118734,54412900,27182300,66665800
2023-11-17,187.56686401367188,362.8009338378906,435.8223876953125,188.24914348244,367.2347751466243,436.43147446982493,186.4594046371221,360.00524677898665,434.37219232906403,188.12059370194675,366.4892506146671,435.2906316917746,50922700,40157000,83133200
2023-11-20,189.30714416503906,370.2462463378906,439.1771545410156,189.76200213676566,371.6489843017366,440.0182630951851,187.75472463510502,363.9289860715847,435.5613141930735,187.76460727588125,364.1447942149405,435.57099160312566,46505100,52465100,69936200
2023-11-21,188.50624084472656,365.9595947265625,438.219970703125,189.37639617894334,369.0495522871196,439.05143128536895,187.61632022600733,364.0467481750121,436.95346926763995,189.26762676216626,368.5100468166504,438.13296253247677,38134500,28423100,49244600
2023-11-22,189.16871643066406,370.64849853515625,439.9118957519531,190.77057938008178,372.5515261398846,441.22675482120695,188.6940931656517,367.82338415552084,438.8194400859089,189.3467095850447,370.79563367244174,439.8732451207241,39617700,23345300,59394900
2023-11-24,187.84371948242188,370.2364501953125,440.18255615234375,188.76330300712377,370.7661665682208,440.3759273074353,187.13177703645835,367.9901174917075,439.631504418495,188.73363999587542,370.1383501357465,439.9602117787139,24048300,10176600,29737400
2023-11-27,187.6657257080078,371.39398193359375,439.389892578125,188.53588093642713,373.38532049617334,440.36633744385705,186.78568783853885,369.02994094912424,439.003150191057,187.79427548166112,369.5988734413345,439.55423153875734,40552600,22179200,50506000
2023-11-28,188.2689208984375,375.4060363769531,439.82489013671875,188.94131776896225,375.70030662709087,441.1203943936042,187.28011350908017,370.9525569972749,438.4423777026132,187.65586514519703,371.1389381343408,439.00310690168646,38415400,20453100,62115000
2023-11-29,187.25042724609375,371.62939453125,439.5154724121094,189.9399842182602,376.9755034472532,443.10230972873876,186.85491037465812,370.24626453575155,439.1191116939092,188.7633011569372,376.4458170169272,441.97114450802434,43014200,28963400,63146000
2023-11-30,187.8239288330078,371.68829345703125,441.2460632324219,188.18979776505014,372.8457964517108,441.59412543023933,186.08363355367433,368.3138546072338,438.28766732031204,187.71515943504943,371.27628513665223,440.35662667945024,48794400,30554400,79752700
2023-12-01,189.0995330810547,367.3721923828125,443.8564453125,189.4159436040849,370.95262074245636,444.3881717849613,187.11202054575708,364.2331694742271,440.0472633152973,188.19971472368132,369.5793094459282,440.6369952391435,45704800,33040500,89183400
2023-12-04,187.30975341796875,362.1044921875,441.5264892578125,187.92282418358675,362.47722453595185,443.87579870037587,185.35191925319242,355.9834013927852,439.25451058722007,187.85360043262926,362.0652461744231,440.4726841519421,43389500,32063300,72430900
2023-12-05,191.25511169433594,365.4200439453125,441.439453125,192.22413865175915,365.9693683802573,442.3965725770802,188.05137051787239,358.65155863650625,439.76688393206007,188.08104861869373,359.46575623768496,440.14394887033336,66628400,23065000,69793500
2023-12-06,190.1674346923828,361.77093505859375,439.6605224609375,192.58011192579394,367.04840106048385,443.60504042530386,189.95977851245675,361.0156214613024,439.2254520989698,192.27358406476233,366.4206145498899,443.57603770145914,41089700,21182100,69124700
2023-12-07,192.0955810546875,363.8800048828125,443.015380859375,192.81740609388598,364.37047528705625,443.6631182990797,191.42318430562543,359.33824414976533,441.1397923997764,191.4627450433353,361.211844686289,441.73920179328286,47477700,23118900,66995400
2023-12-08,193.5194854736328,367.0975036621094,444.919921875,193.79635031367135,367.3231008977417,445.451648340426,191.50231010992096,361.2118585847211,442.02917923250493,192.02637677770835,362.16337240300305,442.27087844484373,53406400,20154400,83194400
2023-12-11,191.01780700683594,364.2232971191406,446.6504211425781,191.32434997590968,364.51759731266617,446.82446698086267,189.27751140798418,359.12242306000167,444.2141039538438,190.948598334338,361.4570668899954,444.42680041904015,60943700,27708800,65002200
2023-12-12,192.53067016601562,367.24462890625,448.6904296875,192.54055280703432,367.28387492110465,448.7871152745883,189.57413099725628,363.3993277208236,445.30664066950123,190.9189094878757,363.78190900979564,446.3024402574832,52696900,24838300,68327600
2023-12-13,195.74429321289062,367.2347717285156,454.8779602050781,195.7838388648497,370.44246703468053,455.1293368508186,192.66910200901862,363.7033791572921,448.7097910080703,192.90640609677627,368.8533179256787,449.067501155131,70404200,30955500,93278000
2023-12-14,195.89263916015625,358.9556884765625,456.3377990722656,197.38573293709894,366.6364723191659,458.00069086527446,193.96446770304377,357.1900068696794,453.66943027540754,195.80365011321348,366.19503694947514,456.8115200961749,66831600,43277500,119026000
2023-12-15,195.35867309570312,363.6641845703125,455.58636474609375,196.1793699091571,365.30233890168853,456.9162712434612,194.79504567055722,359.29898614385536,453.7420093093976,195.3191123528845,359.858129570657,455.74168294193043,128538400,78502300,141553700
2023-12-18,193.69744873046875,365.5475769042969,458.1491394042969,194.42917151631295,365.89091216563435,459.12957270241793,192.214237877434,361.65324079721444,456.13006180277284,193.89520715993984,362.4085843593443,457.1881393985243,55751900,21802900,70375300
2023-12-19,194.7357177734375,366.1459655761719,460.9350891113281,194.7456004150459,366.1459655761719,461.0127630324847,193.69746706046115,362.79113493260104,458.61509172941334,193.96444926391277,364.40968123442,458.69273602664884,40714100,20603700,55761800
2023-12-20,192.64932250976562,363.5563049316406,454.5478210449219,195.46741418063525,368.8631986960778,461.9640813854923,192.64932250976562,363.46802384456504,454.12070331796554,194.69614571593394,367.85283078495934,460.08088857770923,52242800,26316700,102921000
2023-12-21,192.50099182128906,366.420654296875,458.8577880859375,194.87413831888384,367.27406804850153,459.1295875723286,191.33420648650613,362.9873613143247,455.1108062836296,193.90511142023345,365.45932148482285,457.52788134560456,46482500,17708000,86667500
2023-12-22,191.43310546875,367.4407653808594,459.7799377441406,193.2228443252002,368.02933580590116,461.4592882220052,190.81015202156473,365.606411005962,457.8870580411275,192.9954077755279,366.55792471126443,459.98377994700513,37149600,17107500,67160400
2023-12-26,190.88926696777344,367.519287109375,461.7213439941406,191.71986154255086,369.7558309565617,462.62410332069675,190.67172813799795,366.38139217856946,460.1099508863103,191.44299668429173,367.852803392138,460.1876248035588,28919300,12673100,55387000
2023-12-27,190.98809814453125,366.94049072265625,462.5561828613281,191.33418668795235,367.9116124252774,462.7017844285322,188.95115779593849,365.7044958750045,460.98362668768385,190.33549688162287,366.56772847108294,461.5175089754055,48087700,14905400,68000300
2023-12-28,191.41331481933594,368.12744140625,462.7308654785156,192.48122849088116,369.2849443001597,463.56566747559816,191.00790021395272,367.0287925621367,462.31346447997436,191.96704448132198,368.2157224809446,462.91530398929757,34049900,14327000,77158100
2023-12-29,190.37506103515625,368.8729553222656,461.39129638671875,192.2241257878035,369.9716041347207,463.060930093317,189.58401220758475,366.3617494835299,459.44014657654174,191.72972215657148,368.83370931155366,462.53673484415077,42672100,18730800,122283100
2024-01-02,183.5621795654297,363.801513671875,458.8091735839844,186.33084291740326,368.7356447522221,459.7993234289346,181.83176685644636,359.7796503608471,456.71242227128295,185.0552730997862,366.73451711634624,458.333531951908,82488700,25258600,123623700
2024-01-03,182.18775939941406,363.5367126464844,455.0622863769531,183.79952025374087,366.14601909825154,457.39200051317124,181.37693010719954,361.48654970636903,454.4604467676884,182.15809638511382,361.9770201686724,456.6542463475319,58414500,23083500,103585900
2024-01-04,179.87393188476562,360.9273376464844,453.596435546875,181.04071720671112,365.9889954484458,457.1686653982138,178.85546161628733,360.1720240549271,453.3731600721968,180.11123597031312,363.6053166389914,454.5865557790852,71983600,20901500,84232200
2024-01-05,179.152099609375,360.740966796875,454.2177734375,180.7144169560074,364.96881910463645,456.66396886840727,178.15340966673114,359.5147908390338,452.7713854034213,179.95304619735901,361.93771572916546,453.80034274035296,62379700,21004600,86118900
2024-01-08,183.48304748535156,367.5486755371094,460.7021484375,183.52260821958473,368.04896487668356,460.8477500166702,179.46849297664804,361.9769395114855,454.5866154970485,180.05188555859277,362.26139076236115,454.71281340697016,59144500,23134000,74879100
2024-01-09,183.06776428222656,368.6277160644531,460.003173828125,183.0776469225398,368.8238862439724,461.02241437904433,180.68473531069785,364.11538283242464,457.54726208619434,181.86141829199212,364.9197613954772,458.05202403896755,42841800,20830000,65931400
2024-01-10,184.1060333251953,375.47467041015625,462.6047058105469,184.31367440860302,376.8480113734613,463.4686578138975,181.8614365329183,369.14762069750896,459.9934757568045,182.2866315170422,369.1966557593691,460.27499186871785,46792900,25514200,67310600
2024-01-11,183.51275634765625,377.2992858886719,462.40081787109375,184.9564217479187,383.2339660876797,464.1189754381304,181.56480461990643,373.1302872544769,458.43059087939,184.45212033242825,378.64317007041507,463.6044968701081,49128400,27850800,77940700
2024-01-12,183.8390350341797,381.0660400390625,462.72113037109375,184.64986419021457,381.27202920676456,464.5849190705561,183.1172099941003,377.31883933016337,461.3136092318177,183.9774674403319,378.1428259369064,463.84716505686447,40477800,21661200,58026400
2024-01-16,181.57472229003906,382.8317565917969,461.0224304199219,182.19766074228528,386.52010359232963,462.6532272077025,178.90493002496626,380.2322694497991,459.2071951071508,180.12117408812333,386.15716028479716,461.34278348918724,65603000,27202300,85014900
2024-01-17,180.63528442382812,382.0469970703125,458.45977783203125,180.88248621338644,382.67478358686355,458.94513616011074,178.28193364707266,377.47580955942465,456.110630489601,179.241077797599,380.58540492477397,458.00353981867966,47317400,22234100,68843900
2024-01-18,186.51870727539062,386.3631286621094,462.5367736816406,187.0229935165519,386.48083676243556,463.0900892897804,183.75004409317066,382.68460084723523,458.58597937392244,184.00712853391946,384.2541120354354,460.1294153145847,78005800,23392100,91856200
2024-01-19,189.4159393310547,391.0716552734375,468.30279541015625,189.80157360580037,391.0716552734375,468.5843115147551,186.70661676571424,386.0001785110236,462.5852901238366,187.21090309791916,388.21711414753673,463.66277131466796,68903000,29331100,110834500
2024-01-22,191.7198486328125,388.952880859375,469.2929992675781,193.14373357255337,392.9845335375129,471.01115715758357,190.10808789018887,386.08852029622886,468.64260604571103,190.14764863184953,392.3959630178593,469.83659824827777,60133900,27016900,75844900
2024-01-23,192.99539184570312,391.2972412109375,470.6616516113281,193.55901922053994,391.7681035262422,470.9043307691421,191.660511110776,386.42196470997874,468.7493682867175,192.83719415255706,388.2072839775827,469.836566173897,42355600,20525900,49945300
2024-01-24,192.3230438232422,394.8875427246094,471.1761779785156,194.18200660712424,397.89903829237466,474.45717543420074,192.16483101440033,392.81777191847715,470.68110299788805,193.232744842077,393.8869938433054,473.525295727068,53631300,24867000,81765000
2024-01-25,191.9967041015625,397.1535339355469,473.7388610839844,194.07320538533628,399.252761812522,474.01066056996024,190.9485708187439,394.85813584184393,471.17618444820096,193.0349547434494,396.6140284196201,473.3020267275593,54822100,21021200,72525000
2024-01-26,190.2663116455078,396.23138427734375,473.1369934082031,192.58011726192578,398.4287118822507,474.79691054106985,189.79168833424328,394.75997317345707,472.29247468488353,192.09561130867766,396.66300059602537,473.3117152908374,44594000,17803300,76641600
2024-01-29,189.5840301513672,401.91107177734375,476.8839111328125,190.04877081575225,402.16612596865383,477.029542315143,187.45810037105477,396.6237864171102,472.9039969579279,189.86089500402176,398.3208248033987,473.4475958586122,47145600,24510200,61322800
2024-01-30,185.935302734375,400.8026123046875,476.5151062011719,189.65322753238257,405.17760004808207,477.2237103899132,185.37169046557113,398.70341448382425,475.7579187820987,188.80285272092348,404.4026783420674,476.19475312019154,55859400,33477600,58618400
2024-01-31,182.33607482910156,390.0024719238281,468.7396545410156,185.00586682539145,407.4043839387936,474.75807991768903,182.28664653050623,389.6395285786488,468.7202212489611,184.94652570867123,399.2037024045015,474.31155855924624,55467800,47871100,126011100
2024-02-01,184.76853942871094,396.0842590332031,474.8746032714844,184.85752846784007,400.2238302394902,474.90372358641025,181.76257176566293,394.1419855506921,469.6327095934461,181.93066720224104,394.17141257606636,470.43842101293257,64885400,30657700,91891600
2024-02-02,183.7698516845703,403.3824768066406,479.873779296875,185.23328233515724,404.7852149654356,481.5239798187347,177.2437171517322,395.86846668943514,474.971642466127,177.84689023760967,396.11370188933375,475.31139921660196,102551700,28256700,99228200
2024-02-05,185.57936096191406,397.9186096191406,478.12646484375,187.13179578344227,403.32360273614995,479.90289286822576,183.75995901240586,396.290244380319,475.87442477356564,186.04410163536497,402.08760781050484,479.2428126687566,69668800,25352300,75757100
2024-02-06,187.18121337890625,397.76165771484375,479.51458740234375,187.19109601961685,400.1944015675409,479.84462748505155,184.67953227102765,395.23084373526007,477.64108188661896,184.76852130142626,398.14423897907153,479.06803644581043,43490800,18382600,55918600
2024-02-07,187.28997802734375,406.15850830078125,483.5139465332031,188.91162125480523,406.4037434899342,483.93134756331705,186.49892923853312,399.63525825649936,480.8541628931194,188.5062066759397,399.67450426882596,481.75695184930976,53439000,22340500,70556500
2024-02-08,186.21221923828125,406.2173156738281,483.7275085449219,187.41855040104747,407.639691581848,484.1060726186496,185.25307484073457,404.6674426282855,482.69855130751233,187.27023532431497,406.1584616300691,483.513949705615,40962000,21225300,52343600
2024-02-09,186.9745635986328,412.53460693359375,486.5232238769531,188.10324181676,412.799480086422,486.96002861938376,186.1329987846296,407.17867899598485,483.89256027998283,186.77653768433356,407.3356331031592,484.23231705115523,45155200,22032800,63979400
2024-02-12,185.29141235351562,407.3454895019531,486.3095703125,186.796321504533,412.7210259706923,488.7557652655047,184.9349868995182,406.8452001103824,485.5912199471907,186.54880424779185,412.54446380988065,486.4940088202494,41781900,21202900,56502300
2024-02-13,183.20237731933594,398.5758972167969,479.6116638183594,184.36077144619387,402.25442543992307,482.53353038052535,181.68757282391297,395.70174768308635,476.3500701317823,183.92513863049606,397.22219404093613,480.04849815534635,56529500,27824900,113099200
2024-02-14,182.32119750976562,402.4282531738281,483.9701843261719,183.68749754312392,402.77222335184723,484.4555426281319,180.6281880058035,397.59311635632974,479.9222830533005,183.47959151637605,401.03275815392834,482.2423099561509,54630500,20401200,68387800
2024-02-15,182.03407287597656,399.5487976074219,487.30950927734375,182.65782113209212,402.07448469518283,487.4939478237512,179.54900531664387,397.3179549607251,484.19348728209525,181.7271539268571,401.1015670196542,484.66915861837293,65434500,21825500,61683000
2024-02-16,180.49952697753906,397.0918884277344,484.8826599121094,183.01431139428482,401.24895188558764,488.14425347916483,179.8658832462877,396.4825852713034,484.1449058140717,181.59850447628455,400.9246260176193,487.0085316428908,49752500,22296500,75532900
2024-02-20,179.75692749023438,395.8438415527344,482.21319580078125,180.61828269677792,397.5145068330212,483.8148722929186,178.21242224791314,391.1462744848481,479.970842787005,179.98463913307552,396.28606324841394,483.14507545774694,53665600,24307900,71736700
2024-02-21,180.5093994140625,395.24432373046875,482.6500244140625,181.0737309260645,395.35244235543763,482.8053426352379,178.86588113831095,390.3698682526408,479.1069145137689,180.13316833455778,393.2690069492409,480.9124629140013,41371400,18518900,59293400
2024-02-22,182.53903198242188,404.551025390625,492.63873291015625,183.1231842228548,405.7106689082216,493.5997329784438,180.64801151557128,401.5241536683513,488.2899113619232,181.65787110291916,403.1162117164581,489.25094105413393,52292200,27009900,76402500
2024-02-23,180.70741271972656,403.2635803222656,492.97845458984375,183.20237592421455,408.6883757427927,495.1916873577398,180.42028422645075,401.9172111140197,492.25041710535265,183.17267506039363,408.5016799323737,494.35685563775104,45119700,16295900,61321800
2024-02-26,179.36090087890625,400.5118713378906,491.1729431152344,180.94500218994074,405.05219339501383,493.85213073904663,178.8559560281093,400.33495269298504,491.04674520195,180.43017719516277,404.36425308702184,493.4152963659735,40867400,16193500,50386700
2024-02-27,180.81629943847656,400.4529724121094,492.0853576660156,182.09348175278842,401.27848291877046,492.30863314805396,177.77678047240937,396.88556737137105,489.9692025931845,179.3014951345761,400.95415701072204,491.86211180789684,54318900,14835800,48854500
2024-02-28,179.61831665039062,400.68878173828125,491.4350280761719,181.30143093346823,402.24152110085487,492.01743437576624,178.34113428414614,398.33017625490425,490.17307863790023,180.69748823755316,401.1408405413653,490.5322390639573,48953900,13183100,56506600
2024-02-29,178.9550018310547,406.50665283203125,493.20172119140625,180.75693496542868,407.0569930435109,494.8131144463538,177.74711623943745,398.9197856408711,490.5516835957709,179.46984202762675,401.5928795214688,493.19203416880555,136682600,31947300,83924800
2024-03-01,177.87582397460938,408.3345947265625,497.83197021484375,178.7371792855814,408.6982091819838,498.2590878764062,175.61846756104012,403.79427262351686,493.6676174504883,177.76691576574171,404.17753137688453,494.07533144522296,73563100,17823400,76844800
2024-03-04,173.361083984375,407.7646484375,497.2981262207031,175.14319605787904,410.1527354833861,499.1425115484434,172.06408093389737,405.2094798738606,497.00692307628157,174.40064432483445,406.31016048803207,497.03607301464484,81510100,17596000,49799300
2024-03-05,168.4305419921875,395.7062072753906,492.32806396484375,170.33147275577412,407.1061687535314,495.745005535815,167.93550746706842,393.7308905561475,490.1245478315941,169.0641855800497,406.8211614689715,495.2984545471132,95132400,26919200,72855600
2024-03-06,167.4404754638672,395.1558837890625,494.8227844238281,169.53943215491887,398.17294829822555,497.0748540345267,167.00484265804033,391.5197089331465,493.53174438668293,169.36121186741923,396.02071283324057,495.5993458504527,68587700,22344100,68382400
2024-03-07,167.32168579101562,402.08428955078125,499.734619140625,169.03450118476172,402.71323699020854,500.7830096761973,166.81675596481475,395.30325783772497,494.8810360564722,167.47019012011697,399.11635103541613,498.1135389799133,71765100,18718500,58652100
2024-03-08,169.0345001220703,399.21466064453125,496.735107421875,171.97500667784078,403.3422428484954,503.04473579557066,167.2622830078253,397.35723965535834,496.1623881738849,167.3216847390924,400.92464441897226,500.36560770630734,76267000,18002200,86532500
2024-03-11,171.034423828125,397.54400634765625,496.3079528808594,172.64824117092596,398.6840056449402,496.8903887313969,170.34137853305091,394.3402457274735,493.60936207648933,171.22253935977105,396.79713300835283,495.5313914960879,60139500,16120800,62557200
2024-03-12,171.50965881347656,408.118408203125,501.6469421386719,172.3017170819102,408.4034154899357,502.2293483869414,169.31170429451927,399.7748296289143,495.9002573325016,171.43045147590772,400.5905029088669,498.41443934118087,59825400,22457000,73114400
2024-03-13,169.43051147460938,407.94146728515625,500.86065673828125,171.4700511814422,410.96833845604056,502.14200986510485,169.0641756745517,404.3544187575241,499.4240150117718,171.05422401757613,410.8897312790389,501.9672879725168,52488700,17115900,55104100
2024-03-14,171.28192138671875,417.886962890625,499.8705139160156,172.5789092413306,420.4421311587594,501.9866689472691,170.34135894390695,410.7816354740665,496.8321662856789,171.19281881058188,412.9928335922281,501.83132111592977,72913500,34157300,110171800
2024-03-15,170.90573120117188,409.2387390136719,496.4380798339844,170.90573120117188,415.31215606424155,498.25898476271357,168.5988682774061,405.6713345351322,494.77300540358664,169.47013396047814,412.0592402980969,496.80810297761957,121752700,45079900,107646300
2024-03-18,171.9947967529297,410.12322998046875,499.38848876953125,175.94517770513775,413.4744273628243,501.93966343615864,171.7967859641753,406.6442696787311,498.97953771699747,173.82643054023092,407.10616562272253,500.4985582011873,75604200,20106000,88893300
2024-03-19,174.33135986328125,414.1426696777344,502.16375732421875,174.85609525037736,414.3981955018545,502.44611843714694,171.31164624406932,408.3837114296865,497.6942976787681,172.6086342803731,410.62439098905713,498.69727097739485,55215200,19837900,60755300
2024-03-20,176.89564514160156,417.89678955078125,506.8084411621094,176.89564514160156,418.6141812833587,506.9447780211189,173.35119593354977,413.40559339888034,501.550319572243,173.97494430389506,414.72248109059194,502.22219759800726,53423100,17860100,69594600
2024-03-21,169.66812133789062,421.96539306640625,508.483154296875,175.72735394947048,423.3903994195494,510.342957334889,169.14338597139206,419.79351351352574,508.200733818281,175.29172116809335,422.4174518440492,509.6418984195912,106181300,21296200,60256100
2024-03-22,170.56910705566406,421.3463134765625,507.5191955566406,171.33146450930536,422.44699413264203,508.8823855528386,168.37115239719608,418.72237476810477,507.2854498071945,170.05426688241553,422.2897797457437,508.39551924735605,71160100,17648500,79070800
2024-03-25,169.15328979492188,415.56768798828125,506.1170654296875,170.23246134793257,420.03924040543956,507.2660628859731,167.76718417070535,414.3392444656493,505.961234915521,168.8760716915293,417.9066492539799,506.14624650613894,54288300,18060500,48512100
2024-03-26,168.02462768554688,414.3785095214844,505.1822814941406,169.71763732680742,418.6436612820826,507.87954020766836,167.8959138727621,414.0836951106592,504.7830772199743,168.31174106723407,418.270209700842,507.5386980888141,57388400,16725600,65463700
2024-03-27,171.5888671875,414.162353515625,509.4277648925781,171.87599567632833,417.13029224439015,509.466752240446,168.42064920188324,411.7841036640323,505.84443537276076,168.71767294274684,417.12045509904823,508.00615306178463,60273300,16705000,82999800
2024-03-28,169.77703857421875,413.4645690917969,509.330322265625,170.51959037094832,414.5947310272611,510.8298490860622,168.81667037520143,411.89215553357553,509.0479612048705,170.0443614510728,413.70042062857715,509.4666590943707,65672700,21871200,96294900
2024-04-01,168.34146118164062,417.2481994628906,508.44427490234375,169.54934678777494,420.5109524938084,510.6059925472889,167.79692011211174,414.9387197575333,507.2855305336226,169.48994505423667,416.6388963047316,510.07045141241963,46240500,16316000,62477500
2024-04-02,167.16323852539062,414.172119140625,505.2114562988281,167.6582730022656,415.09591090433804,505.3477336967163,166.55929585931307,410.63419642760596,502.9134021583385,167.4008605129018,412.8650386703262,504.627181070464,49329500,17912000,74230300
2024-04-03,167.96519470214844,413.1992492675781,505.7665100097656,168.98496453257434,415.96078773337547,507.266096506351,166.90582876011774,411.8626872035861,504.07222450545925,167.11373478373662,412.49166464341647,504.1208992573895,47691700,16502300,59155800
2024-04-04,167.14346313476562,410.6736145019531,499.593017578125,170.21266810452119,421.27754806630895,510.1093183056524,167.14346313476562,410.368962888124,499.2911628340767,168.59885072968464,417.66098731056826,509.76853565111946,53704400,19370900,96858100
2024-04-05,167.8959197998047,418.18182373046875,504.8122253417969,168.69787335368648,419.15477140454254,506.7694375345306,167.2721714324497,411.1060069616712,500.5083435441168,167.90581505219322,412.76686502075876,500.94653513579135,42104800,16554800,74546500
2024-04-08,166.77711486816406,417.26788330078125,505.09466552734375,167.51966659518817,419.91149627913853,506.5163368559833,166.5692088446593,416.00012113110665,504.2865100686739,167.35135668326646,417.8378979159273,505.51342294474244,37425500,14272400,48401800
2024-04-09,167.9850311279297,418.92877197265625,505.6788330078125,168.3909631058002,420.36358577841287,507.0712635271461,166.6781477036779,414.34913038227916,500.8393509659492,167.02466284236104,419.0860163610173,506.8278303713481,42373800,12496900,68049200
2024-04-10,166.11380004882812,415.9608154296875,500.61541748046875,167.41078821247058,416.71752584552905,502.60181066009386,165.45045553411236,412.46221066374153,498.6387711363,167.1236748074244,414.90926057255786,499.9922143304957,49709300,16216600,82652800
2024-04-11,173.30166625976562,420.55029296875,504.3934631347656,173.71750852250418,421.96546240995326,505.8345682969367,166.49000200344838,415.07634103238024,498.62898305416263,166.6682071669761,418.4766945462349,502.1343964769264,91070300,17966400,70099000
2024-04-12,174.7967071533203,414.62420654296875,497.43133544921875,176.58872985356905,417.8476407951663,502.2707879594682,172.47994902506244,412.53093421008157,495.70780962230026,172.52944039553972,416.7371231732088,500.85886371567153,101670900,19253800,92561100
2024-04-15,170.97503662109375,406.50665283203125,491.199462890625,174.8759113224836,419.4593520807638,501.7644387082916,170.7869210734751,406.30025275925726,490.3522904966187,173.61851932570818,419.2431448554473,501.5989207934361,73531800,20273500,92101400
2024-04-16,167.69789123535156,407.43048095703125,490.3036193847656,172.03438316124112,411.1846115754289,493.19560665785394,166.59891404642835,406.59516335126955,489.01828510429004,170.0443499195711,407.42067380289205,491.6765860412786,73711200,16765600,73484000
2024-04-17,166.3315887451172,404.7377624511719,487.40185546875,168.9552655008738,411.65636514019064,492.9229325491744,166.3315887451172,403.2537929988289,486.00942494137024,167.9256004082147,410.054469901942,492.75738492725213,50901200,15855500,75910300
2024-04-18,165.38113403320312,397.2982482910156,486.39892578125,166.96525061902096,404.786864609064,490.88784877913054,164.89600984807865,396.983789567324,485.46415075166374,166.36130787024413,403.5485840383649,488.7943295112607,43122900,21029900,74548100
2024-04-19,163.3614044189453,392.23712158203125,482.1534423828125,164.7474951408098,398.4874581931933,487.31421332567436,162.4505426435407,390.9103965002531,480.8875721611567,164.55939469854349,397.06245162548737,486.3210167619427,68149400,30565800,102212600
2024-04-22,164.19305419921875,394.04534912109375,486.5937194824219,165.59895049362888,395.9027700554988,489.18385210193054,163.1336881290828,388.9252051027742,482.41639776348796,163.87623994630854,393.18052011404563,484.7533503648902,48116400,20286900,67961000
2024-04-23,165.24252319335938,400.5413818359375,492.36798095703125,165.39104261951863,401.16052215978465,492.79642576333276,163.28219064755024,396.10914808184776,486.40874101697625,163.70792820716713,397.26879155025864,488.59963980175917,49537800,15734500,64633600
2024-04-24,167.34149169921875,402.00567626953125,492.1342468261719,167.6187098522012,405.3568737379943,494.0427545951939,164.5593998092657,399.76499652417516,489.914137461728,164.8861093338651,402.4970536697523,493.2540334865075,48251800,15065300,55928100
2024-04-25,168.20281982421875,392.1584777832031,490.2646484375,168.91567070440144,392.9938253486681,491.02415872515365,166.48009434590165,381.3383380037112,484.42225246602163,167.84639438412742,387.2348667133991,486.0678630419317,50558300,40586500,69122400
2024-04-26,167.61868286132812,399.3129577636719,494.90936279296875,169.63841695172266,405.8777529623426,496.4868049205615,167.49986430971396,398.76261744709456,492.4166096033967,168.19292468782604,405.0620796331898,493.0495298783495,44838400,29694700,64306100
2024-04-29,171.77699279785156,395.3131103515625,496.6620788574219,174.28186646983917,399.31292950505053,497.33395677101214,171.38097119165224,392.30588312333157,493.9258924563797,171.64827897757164,398.2613746922827,496.69128964862307,68169400,19582100,46415400
2024-04-30,168.63845825195312,382.6159362792969,488.7943115234375,173.25218351807536,395.2246979226767,496.1751917116098,168.31173366197407,382.45872189410846,488.7943115234375,171.6086653165762,394.5662389705951,495.20145909113546,65934800,28781400,77483600
2024-05-01,167.61868286132812,388.129150390625,487.2071838378906,170.9948217396029,394.79222617325195,494.84124497607075,167.43056733625505,383.5789912516123,486.7397814235659,167.8959009696714,385.83931510454033,488.2101273744075,50383100,23562500,80242800
2024-05-02,171.31166076660156,390.9791564941406,491.7641906738281,171.69778712393833,393.0331103770738,492.60161619088024,169.19291342760516,387.84416635932274,486.4281251448712,170.79682058773386,390.80226783236736,490.90730120185356,94214900,17709400,62550200
2024-05-03,181.5588836669922,399.64703369140625,497.85980224609375,185.14292911827533,400.1285739017596,499.08668524553275,180.84603267784937,394.9297930918896,495.20150126804214,184.7963988764884,395.3425632659736,497.73321224009646,163224100,17446700,72756700
2024-05-06,179.9054718017578,406.40838623046875,503.0010986328125,182.37073431535399,406.79164496723695,503.0400265445959,178.62827413884693,399.3620218492585,499.8169737447077,180.53911545314375,401.71081997342634,500.2551653379584,78569700,16996600,47264700
2024-05-07,180.58859252929688,402.2808532714844,503.5561828613281,183.06376520709566,407.5189532422579,504.9486136014355,179.51933122687228,402.03516456718575,502.8843048675207,181.6281680754234,407.50911609687097,503.96513398697067,77305800,20018200,52561300
2024-05-08,180.9252471923828,403.46014404296875,503.6048278808594,181.25197183429347,405.1210019721616,504.14036899052337,179.64804949152685,399.6961765499289,501.6086876910597,181.03415540635302,401.1310200807253,501.72553086291623,45057100,11792300,42047200
2024-05-09,182.737060546875,405.20947265625,506.5065002441406,182.82616313989396,405.60256858412407,506.54548758690595,180.30148392023486,402.04500095122404,503.13742328274043,180.74701199258516,403.48965172941627,503.78980752288453,48983000,14689700,43643700
2024-05-10,181.4779510498047,407.58770751953125,507.1590270996094,183.50042466657956,408.2166849740278,508.9117342857,180.56585391849484,404.698406069441,505.94186107705553,183.3120539854214,405.8187609135271,508.10351940578255,50759500,13402300,52233200
2024-05-13,184.68023681640625,406.5853576660156,507.2270812988281,185.49320196467926,411.13551764309994,508.9408603825465,183.03448917069318,403.73537445961426,506.0878306657376,183.8474543189662,410.8013845766818,508.83376404779614,72044800,15440200,36716400
2024-05-14,185.82034301757812,409.3763122558594,509.55438232421875,186.6828817403559,410.29026696650755,510.0704892557743,184.6901339480471,404.4527014093116,506.8863638567624,185.89965779253163,404.9145973369448,507.42190503136476,52393600,15109300,57535900
2024-05-15,188.09066772460938,416.53387451171875,515.8640747070312,189.0126735344407,417.25259039103736,516.1561825946173,185.76084369802737,410.81377223604346,511.3848691803367,186.29621459797372,411.4340293579302,512.01781913004,70400000,22239500,59504900
2024-05-16,188.2096405029297,414.4761657714844,514.802734375,189.458829238671,418.8376448328751,517.558414507879,188.03119361367854,413.8460838814957,514.6566506998298,188.83423487080034,415.2736305334928,515.9614786446474,52845200,17530100,50244800
2024-05-17,188.2393798828125,413.708251953125,515.5427856445312,189.1713095252472,416.37634285020215,515.6109540647997,187.55530322495105,411.56198942365705,513.4687302561026,187.8824709799172,416.00221762948183,514.9195824580145,41282900,15352200,59187600
2024-05-20,189.3993377685547,418.7588806152344,516.13671875,190.2717851507536,420.1667475860199,517.5973177042522,187.38677266186554,413.49165301735496,515.2700824401487,187.70403175639103,413.7082502471213,515.6595992673854,44361300,16272100,37764200
2024-05-21,190.69810485839844,422.4016418457031,517.402587890625,191.07483113273048,426.27082729608003,517.5584184029028,189.2803778274553,418.2764696581723,515.1727614260365,189.44891605266244,420.22581467067795,515.3772666864285,42309400,21453300,33437000
2024-05-22,189.26051330566406,423.85870361328125,515.9129028320312,191.16403734183464,425.719474725285,517.4221768932046,188.63593413629764,420.5211715226864,513.7414381195646,190.6187578068766,423.4353640639669,516.7113709167669,34648500,18073700,48390000
2024-05-23,185.27503967285156,420.3932189941406,512.1444091796875,189.3596513961204,426.89110613989686,519.0676335599267,185.027186725998,418.8376788510908,510.9369308576571,189.33981892460397,426.2708490423147,518.9605372397859,51005900,17211700,57211200
2024-05-24,188.34844970703125,423.5043029785156,515.5330200195312,188.94330296502375,424.39037161476875,516.3412347653415,186.4251079843019,417.84327052223153,513.0402667962413,187.1984232707908,420.58025544710625,513.9847589456947,36327000,11855300,41291100
2024-05-28,188.35836791992188,423.6618347167969,515.8934326171875,191.3425125399711,424.1540984130066,516.5750575431485,187.4760118609873,419.99939161518114,513.2643418638753,189.86530324069457,422.98250841239616,516.3413711529769,52280100,15718000,36269600
2024-05-29,188.65577697753906,422.5296325683594,512.2807006835938,190.59895109353056,424.27223522977,513.458938533357,187.8824768517226,419.1034664398289,511.5698948988185,187.98162409974876,419.1034664398289,511.87174962966077,53068000,15517100,45190300
2024-05-30,189.64720153808594,408.2539978027344,508.8824768066406,190.52955764421512,417.7349716036768,511.40447087133504,188.99288109200768,407.8306281783295,507.6361297457073,189.12175436970267,417.7349716036768,510.7423397089747,49889100,28394500,46377600
2024-05-31,190.59893798828125,408.7068786621094,513.5173950195312,190.9161970579539,410.3018082986228,513.6439850215788,188.2790377703441,398.25120211572766,504.7440541264526,189.79589676882185,410.3018082986228,509.8367164200918,75158300,47995300,90785800
2024-06-03,192.36367797851562,407.1217956542969,513.9360961914062,193.31544019840626,409.98677424724076,515.4064420460951,190.86665123579675,402.5929932498963,508.87267437322015,191.24337752621932,409.10070551791864,515.1240809646227,50080500,17484700,46835700
2024-06-04,192.68092346191406,409.6323547363281,514.5106201171875,193.64259428823095,409.9966250957063,515.2506664560023,191.3722523931234,403.3412097338974,511.17072418863216,192.96842627855952,406.0486602967713,512.631323194632,47471400,14348900,34632700
2024-06-05,194.18783569335938,417.4494323730469,520.6256103515625,195.20898869639487,417.51832644992857,520.645104022442,193.19642383583022,409.85870521580796,514.8416361330836,193.7218709101011,411.3453510614717,516.8280887412405,54156800,16988000,47610400
2024-06-06,192.80978393554688,417.9515380859375,520.6159057617188,194.81244022862765,418.7293231019465,521.3559521321091,192.50244866402238,414.0724979392672,518.6879340097541,194.0093990023229,417.44944957036887,520.9275073614583,41181800,14861300,30808500
2024-06-07,195.19908142089844,417.2919616699219,519.98291015625,195.2486550396786,419.68435613947076,522.787264555686,192.4726987931798,416.4551073364084,518.5514924537447,192.9783133981505,419.60560716420275,519.6420681166458,53103900,13621700,43224500
2024-06-10,191.4614715576172,421.249755859375,521.589599609375,195.60558138834554,421.45649821147657,521.9109480214009,190.49980075281104,417.3313558315188,518.5807990347079,195.20900753042525,418.1288206635897,519.1747616812378,97010200,13982900,35686100
2024-06-11,205.37095642089844,425.9853515625,522.845703125,205.3808802210458,426.1231998343133,522.9041247005574,191.96707924808354,418.67031944713443,518.0743898707741,191.98689659289002,418.8967715885156,520.0413486344055,172373300,14551100,36383400
2024-06-12,211.24014282226562,434.23565673828125,527.139892578125,218.30889945026047,436.53944727057524,529.8274041983666,205.1231180281253,426.54650007534946,526.1077383475028,205.58908283581826,428.5844790234761,527.4028194115604,198134300,22366200,63251300
2024-06-13,212.40008544921875,434.74761962890625,528.2012939453125,214.88852380834695,436.52964196122593,529.0581834417079,209.782758705521,432.57182236972,525.4164327979901,212.8957913864929,434.0289338170149,528.8829186945259,97862700,15960600,44760900
2024-06-14,210.6651153564453,435.7223205566406,528.522705078125,213.32209192759066,436.2835084137765,528.551886156822,209.48533280144244,429.9628289677156,525.6696157422205,212.01343611534222,431.4986893853765,526.6725890295746,70122700,13582000,40089900
2024-06-17,214.8092041015625,441.4325256347656,532.7291259765625,217.06962191331422,443.9627681496181,534.1216160104203,210.89313031273133,433.9008973733048,527.3833430672393,211.53754196526575,435.741958721063,527.8410283318889,93728300,20790000,55839500
2024-06-18,212.44967651367188,439.4339294433594,534.0825805664062,216.75241620599633,443.17515136355723,534.2091705580833,211.17076165562816,438.00638282722565,532.3688016931667,215.72133922684367,442.7517817727517,532.7874995764366,79943300,17112500,41376400
2024-06-20,207.87925720214844,438.8038635253906,532.6317749023438,212.40010854906527,439.6210080275433,535.669816103357,207.0563985691976,434.4423844149745,530.8595742964317,212.09275812722348,439.3945559147101,535.0076850141029,86172500,19877400,70328200
2024-06-21,205.70806884765625,442.82073974609375,531.917724609375,210.07027533194446,443.6083496603445,533.0313753907063,205.33132746963062,439.60134591371855,530.4621917432297,208.58315742215362,440.45787995794916,531.8102827682807,241805100,34187100,64338600
2024-06-24,206.3524627685547,440.74334716796875,530.1885986328125,210.87329840415435,445.74473260427544,534.3012597413704,204.81577136869439,439.5028331623204,530.0713785197397,205.93607160503834,442.8403650672186,531.7418545665156,80727000,15913700,45528700
2024-06-25,207.27450561523438,443.9726257324219,532.2303466796875,209.5646648210329,444.4353547941903,532.5917853363576,206.81844945769743,439.83759879553867,529.8956032092343,207.35380525957078,441.3143898379412,531.4097461795637,55549700,16413400,37936200
2024-06-26,211.41860961914062,445.1639099121094,532.89453125,213.0147835489249,446.5816317625772,533.6076301716555,208.83102368645302,441.25533495755695,530.4719028733521,209.68363861405976,442.05279974277113,531.1166134619692,66213200,16507000,38550600
2024-06-27,212.2613067626953,445.84326171875,533.734619140625,213.88722177256454,449.11190006347704,534.3110010096894,210.5263358320774,444.7799552473841,532.0153114364416,212.8462361886446,445.1836151073107,532.7577451835803,49772700,14806300,35041500
2024-06-28,208.81117248535156,440.0345458984375,531.6343994140625,214.21437951883613,448.3341049043701,537.5543137581463,208.4939285392998,439.50289267468526,530.3938098387125,213.91695291908772,446.059848949654,534.5064116818106,82542700,28362300,76144500
2024-07-01,214.88853454589844,449.6632080078125,532.728515625,215.64200216221636,450.2932899171113,533.2560061424955,210.10001313722785,438.7644825324962,529.9737236752046,210.26855134899324,441.71806471797646,533.0117876323043,60402900,17662800,40297800
2024-07-02,218.37828063964844,452.17376708984375,536.3135986328125,218.4873365423676,452.47896819642483,536.3135986328125,213.25268346733495,446.09921948918884,531.0775683576217,214.29365375141188,446.1878533998419,531.126400132376,58046200,13979800,40434800
2024-07-03,219.64732360839844,453.6406555175781,538.70703125,219.64732360839844,453.88678735468443,539.068469909586,217.1489612238199,450.79538710423196,535.9620173191718,218.11063203893852,451.1005881786126,536.0010708200014,37369800,9932800,32789900
2024-07-05,224.39617919921875,460.32562255859375,541.8134765625,224.50523511983306,461.10340760685847,542.213968717536,219.74645469045154,451.8685359116121,538.3748605783948,219.74645469045154,452.4986178155469,539.0098526062544,60412400,16000300,41488400
2024-07-08,225.86349487304688,459.0260009765625,542.4386596679688,225.89323602358715,460.4634324742541,543.3861988920726,221.33273465594922,457.27354357582976,541.3738407022457,225.1397532025748,459.33120203742016,542.5949332840256,59085900,12962300,36110500
2024-07-09,226.71609497070312,452.4297180175781,542.9661254882812,227.42991284004066,460.09916463101644,544.2946598471173,224.4259356098064,450.91353744838284,542.6730752067231,225.97253595078877,459.77428381745585,543.3959524424528,48076100,17207200,27289700
2024-07-10,230.9791717529297,459.03594970703125,548.3389892578125,231.07831900756045,459.2426920705962,548.6808713510104,227.28120909695775,451.7602770153543,543.8942239279161,227.33078272427315,454.08377755329457,544.1872742397521,62627700,18196100,38701200
2024-07-11,225.61563110351562,447.66461181640625,543.61083984375,230.39422897123262,457.5886345893225,549.3255886798729,223.83108651749725,444.5633265323156,542.9759074999535,229.40281699319425,455.81649732303464,548.4561564855596,64710600,23111200,53054200
2024-07-12,228.5601043701172,446.53240966796875,547.0397338867188,230.64207551688347,449.2989293786312,550.6346235261244,226.71607753741577,443.6772860929006,544.2654447499774,226.9540218514806,447.3003398715442,544.7343252522627,53046500,16324300,53084400
2024-07-15,232.38694763183594,446.9360656738281,548.5441284179688,235.1926451763578,450.185024234339,551.7775792240066,231.08820043911544,444.44521246679955,546.6880438244344,234.44908623752588,446.28627396172595,549.0325654558818,62631300,14429400,40584300
2024-07-16,232.80335998535156,442.56475830078125,551.7970581054688,234.24090427881208,447.27079820143007,552.090108393895,230.33473879844306,439.7490242805094,549.1008762046278,232.98180687397965,447.19204922721934,549.8530882979716,43234300,17175700,36475300
2024-07-17,226.91436767578125,436.6575622558594,544.0602416992188,229.47221227385296,437.9670004651751,547.5476892504238,224.69359950369105,432.38471713490526,543.7378565645935,227.47946461019197,435.74195902538145,545.8772131422685,57345900,21778000,57119000
2024-07-18,222.25473022460938,433.5563659667969,539.8792724609375,228.46097889584826,437.7701424222079,546.5806748281783,220.36114484151935,427.67873564964367,537.700862061102,228.3023493485251,437.46494130393756,545.5940223403177,66034600,20794800,56270400
2024-07-19,222.38360595703125,430.34674072265625,536.2940673828125,224.8522270905052,434.31441483454387,541.2663824595259,221.36245288688534,425.3158203253179,535.2390267295067,222.88923571935766,426.39880643244663,539.644738170822,49151500,20940400,65509100
2024-07-22,222.03662109375,436.0865478515625,541.8232421875,225.82380677595344,437.72086686190295,542.4288993582354,221.174082433242,432.1189038234256,538.277184442637,225.06041535891617,434.95434740544323,540.2113760766848,48201800,15808800,43346700
2024-07-23,223.0775909423828,437.9670104980469,540.9733276367188,224.9910238167192,441.45224583194545,543.8648365993427,220.76759935066607,436.24408758502966,540.484890622907,222.44308791792702,437.0316974699668,541.7157018138391,39960300,13107100,34439600
2024-07-24,216.6631622314453,422.2638244628906,528.7135009765625,222.86941075843336,434.6491968195245,536.4698829953903,215.26528287042115,420.9740958851319,527.7952370228695,222.07627816799848,433.6351347306288,536.1670544374522,61777600,26805800,74515300
2024-07-25,215.6221923828125,411.92626953125,525.9586791992188,218.95333716975932,423.14987619224735,534.7994361794972,212.77682977395946,411.05005574464656,525.0209183627663,217.04981289629316,422.1653487650477,528.8306910081631,51391200,29943800,61158300
2024-07-26,216.08816528320312,418.68994140625,531.8493041992188,217.60502442671483,422.28349032231534,534.5357078065754,214.15489978899527,410.8137224917234,528.9675138593225,216.82180047841348,411.7293557750341,529.7392825093052,41601300,23583800,53763800
2024-07-29,216.36573791503906,420.1274108886719,532.1619262695312,217.41663210574902,425.46353285919287,534.3989464184045,213.89711684474761,418.12882136064246,530.1690650137424,215.0967318967012,424.9023450000168,533.3927971337158,36311800,15125800,39515800
2024-07-30,216.92092895507812,416.3763122558594,529.4656982421875,218.43778796730905,422.41143955979663,534.6822315404584,214.2639371695869,410.9023126509883,526.0661958644091,217.3075789949067,421.1020314288797,533.6271909452782,41643800,32687600,46853600
2024-07-31,220.17276000976562,411.8770751953125,538.072021484375,221.89782218872546,415.25399722383173,540.6998152024645,218.7352157578384,405.83206207673004,534.9167372159726,219.53825698895486,413.99380325758636,536.2843251839307,50036300,42891400,65663400
2024-08-01,216.48471069335938,410.65618896484375,530.452392578125,222.55214689360594,420.84605305704525,542.0381046138815,215.15622233135366,406.69839983005807,526.9551667505608,222.44309097566543,414.2792724511176,539.7913062018092,62501000,30296400,76428700
2024-08-02,217.97183227539062,402.1695556640625,520.576171875,223.66254232334134,408.57883813707474,524.5715530952934,215.84030263063204,398.08377329176966,516.3755660291246,217.2679231335739,406.10766494731143,523.3602388903765,105568600,29437900,82789100
2024-08-05,207.4727783203125,389.0360107421875,505.41510009765625,211.66644653820467,394.83489176821496,511.4717311244644,194.31673780556494,379.6140759587015,498.4695101090915,197.38019703112641,383.1485558976655,499.80785259777787,119548600,40709200,146267400
2024-08-06,205.45028686523438,393.4269714355469,510.0747985839844,208.18659343179937,399.39323499306323,517.4990173620844,199.34320096724198,392.3341604668248,505.89374911647377,203.53686913101606,393.81095153508136,507.2125052074326,69660500,24946500,84826300
2024-08-07,208.01808166503906,392.2652282714844,506.66546630859375,211.8052677945223,403.73496598996115,519.2965001883216,204.61753049861642,391.3200904199489,506.06958745039486,205.12314519344287,402.31727423535324,516.248598311969,63516400,20650900,70698300
2024-08-08,211.47808837890625,396.4593811035156,518.3782958984375,212.36044444161047,399.58031645092876,519.0034500456989,207.0365669160157,393.75193048039444,509.77203694963987,211.27980900719393,396.21324922868644,511.7941139882875,47161100,20203000,63276600
2024-08-09,214.38291931152344,399.7378234863281,520.6641235351562,214.91827509282652,401.736413003281,522.1489912653111,210.1495861717322,396.0360207139592,516.3365783728381,210.2784745623819,397.7786234799922,517.5576710131196,42201600,19276700,45619600
2024-08-12,215.91146850585938,400.51556396484375,520.9376220703125,217.8767320905019,402.4354042920839,523.3406939742863,213.9958359256548,397.98532149531104,518.6712672136742,214.4623401059105,400.7616957993417,521.8558860240913,38028100,16762900,42542100
2024-08-13,219.62364196777344,407.60418701171875,529.5047607421875,220.23902400333975,408.5296451452922,529.739260585726,217.38044783379533,403.23288307516907,523.8780165940644,217.38044783379533,403.2525628062739,524.122235093717,44155300,19414300,52333100
2024-08-14,220.07029724121094,410.4101257324219,531.17529296875,221.37054778476931,411.25683501944593,532.3573320967027,218.06532277692483,406.06838582856113,527.6292352085552,218.92885985517657,408.3820014539116,530.2960824274743,41960600,18267000,42446900
2024-08-15,223.04795837402344,415.2626953125,540.2796630859375,223.67327566716008,415.34158622213624,540.562935056648,221.1025352094067,411.9388626649199,536.1865589989441,222.9288560878089,414.0495331175792,536.7922160560852,46414000,20752100,60846800
2024-08-16,224.36807250976562,412.7377624511719,541.4910278320312,225.14226768918678,415.5684441235936,542.1846298407453,221.98592068094572,411.5837759699612,538.5115740387317,222.25391598005478,414.83859034033384,538.6678476452682,44340200,22775600,44430700
2024-08-19,224.20925903320312,415.755859375,546.6685180664062,224.30852103873067,415.9728470077707,546.6685180664062,221.38045847347976,410.75530126947416,541.0514918139045,224.0405257400108,413.22105614207504,541.901367537868,40687800,15234000,39121800
2024-08-20,224.82464599609375,418.98101806640625,545.779541015625,225.47973889834265,420.0264956299884,547.8700657821756,223.7725353535306,415.864330676567,544.4412283435015,224.0901616619868,415.9235063802004,546.2191462607274,30299000,16387600,33732300
2024-08-21,224.7154541015625,418.3301086425781,547.6551513671875,226.2836998547364,420.55913050260955,549.1106842316043,223.37550792716294,415.943244764668,541.9013486274712,224.83457153469638,418.27090283610073,546.8248322343893,34765500,16067300,41514600
2024-08-22,222.85939025878906,409.85772705078125,543.3567504882812,226.64103964823346,420.94378045645306,550.1558140271343,222.23407290784718,408.9306008917766,542.145436440108,226.09512887719345,418.5470440541718,549.5501570030477,43695300,19361900,56121500
2024-08-23,225.15220642089844,411.0807800292969,549.1301879882812,226.5219434569281,413.51694694228206,550.0680084955276,222.66088738350675,406.4451490290269,544.4020915801096,223.9809934126029,411.2681797994915,546.5903394303513,38677300,18493800,50639400
2024-08-26,225.4896697998047,407.82598876953125,547.8211669921875,225.58893181224732,411.56408163461276,550.8690092024209,222.22415556593285,405.7054455704439,546.1214157161334,225.07279660900764,410.6665432369522,550.1559102385648,30602200,13152800,35788600
2024-08-27,226.33334350585938,408.17120361328125,548.5733642578125,227.14724957253156,408.68406980179446,549.0618012606642,223.21670725505913,404.6303831532702,545.4083020191189,224.31844891527626,407.2046168469379,546.5512279111676,35934600,13492900,32693900
2024-08-28,224.8048095703125,404.9755554199219,545.3887329101562,228.149730282918,409.315277644923,548.661296528156,224.00082364270057,401.73061382710534,542.2041141850556,226.22416240429726,409.19692623598894,548.2314695905903,38052200,14882700,41066000
2024-08-29,228.08023071289062,407.4610595703125,545.4375610351562,231.18694665641485,416.26872882049446,550.6443160255352,227.17701311839377,404.975589475056,544.294635177053,228.38793686624163,409.2561363555491,547.3522554939839,51906300,17045200,38715200
2024-08-30,227.29612731933594,411.4259948730469,550.6444702148438,228.68570457235603,411.7711764633265,551.1524639045385,225.78743262658827,406.4846126518204,544.2557340828612,228.4772755570311,409.90708149754283,547.8017923810901,52990800,24308300,62700100
2024-09-03,221.11248779296875,403.8314514160156,539.3125610351562,227.2961293418145,414.1284456363182,547.8406511283397,219.52438650802387,401.45446023053216,536.801987949737,226.84948058831634,412.18542969380115,547.5084877669302,50190600,20313600,60600100
2024-09-04,219.20677185058594,403.2988586425781,538.208740234375,220.12984491677884,405.6068015782242,541.608242662233,215.86183603349318,398.830912042889,536.7532075195429,220.01074262314262,400.3498254636215,537.4760847370844,43840200,15135800,47224900
2024-09-05,220.72537231445312,402.79583740234375,536.8997802734375,223.80229748015876,407.44131080829675,540.9928852935313,219.87177059333374,400.56678553175374,534.4478166491117,219.9809527371486,402.0363656944642,538.1502077884983,36615400,14195500,44264300
2024-09-06,219.17698669433594,396.197509765625,527.8635864257812,223.56409767944487,405.0248942566708,538.8436399407501,218.13479623481732,395.30981392110493,526.964879098129,222.28368749781316,403.4566777506577,537.2220554393132,48423000,19609500,68493800
2024-09-09,219.26632690429688,400.16241455078125,533.7736206054688,219.6236489368284,403.0522719406784,535.0436043247605,215.09757995493325,396.6413094868822,530.1299001804285,219.17700018247805,401.6615826272171,532.0543726925215,67180000,15295100,40445800
2024-09-10,218.47225952148438,408.5262451171875,536.0986938476562,219.83206111139577,410.62704280907684,536.4504138231891,215.1174037589381,402.1152829853601,530.8138314182086,217.29111136152258,402.6084339185776,535.6786451567546,51591000,19594300,36394600
2024-09-11,221.0032958984375,417.2451171875,541.5985717773438,221.43008920211523,418.1820858271925,542.5168359009789,216.26878297144034,403.96947343776486,527.4730091477311,219.81222755985956,409.8083932716186,536.0108800293665,44587100,19266900,75248600
2024-09-12,221.11248779296875,421.15093994140625,546.1604614257812,221.8866830044339,421.51586685329676,546.4632899534062,218.1844402475294,414.00025068010603,539.957276313442,220.84449248276735,417.51148327493246,542.1747991721596,37455600,17395700,51819600
2024-09-13,220.84449768066406,424.69171142578125,549.0130615234375,222.37303270856336,425.914716092092,550.0094922558702,220.25889118684435,419.63197810212404,546.5122660345418,221.9164638014437,419.9969049719398,546.7662628583907,36766600,15874600,39310500
2024-09-16,214.71046447753906,425.4314270019531,549.82373046875,215.6037619118882,427.59143041386807,550.0874458768798,212.32831274384958,422.35417011362034,546.9517188263792,214.9288136198369,424.7015732808735,548.7491334077678,59357400,13834700,36656100
2024-09-17,215.17698669433594,429.1893005371094,550.0484619140625,215.28616885496612,435.79753584231287,553.477299266029,212.9040318988166,426.34874601904636,547.8211605278194,214.14473138540643,434.1997314507894,552.0314851715059,45519300,18874200,49321000
2024-09-18,219.04794311523438,424.90875244140625,548.4170532226562,221.05291740528648,430.05724996700025,555.5384427736924,215.92137182236397,424.5142376703877,547.8602279225689,215.931307109631,429.04136013434226,550.7029048507478,59894900,18898000,59044900
2024-09-19,227.16708374023438,432.6807861328125,557.7755737304688,228.11002736409566,435.452292084435,559.6316584337985,222.95864123060412,430.91529729082623,554.9426745171918,223.31596324984213,435.1860014052933,557.8049085738365,66781300,21706600,75315500
2024-09-20,226.50205993652344,429.3076171875,556.8113403320312,231.35567496568984,433.22323693457605,557.8500005367814,225.9263736470506,428.27201223229315,553.7933228326182,228.25889437635817,431.23091793236443,556.4096197933483,318679900,55167100,77503100
2024-09-23,224.78494262695312,427.57171630859375,558.2027587890625,227.742765583781,430.481288649773,558.8495067502496,224.12984974700805,424.4944594123769,556.6643550711399,225.64846451262724,428.33115788248597,557.8794446150124,54146000,15128900,44116900
2024-09-24,225.67825317382812,423.29119873046875,559.7999267578125,227.64353192764617,427.4139334394583,559.8587165873663,224.05045616714196,420.2632446802758,556.1743944512203,226.94872814757065,427.0687217553129,558.9964258828836,43556100,17015800,46805700
2024-09-25,224.68568420410156,426.1908874511719,558.5653076171875,225.59883710649478,427.18706197372046,560.378103761662,222.35317851779175,422.6994004960537,557.4580492681129,223.2563961324406,423.94212038705155,559.6432009533316,42308700,13396400,38428600
2024-09-26,225.82713317871094,425.4018859863281,560.7798461914062,226.7998372114188,429.3372210826113,563.1413674659622,223.73283210674714,423.251754987828,558.428192996937,225.60876888531146,429.1301061037402,562.8179934718497,36636700,14492000,48336000
2024-09-27,226.09512329101562,422.156982421875,559.9664306640625,227.81226214161182,425.9345360380006,562.6610738881527,225.6087788258606,421.61452834728004,558.9375788488986,226.7601514881057,425.60903951360433,561.847824630314,34026000,14896100,42100900
2024-09-30,231.266357421875,424.40570068359375,562.21044921875,231.266357421875,424.52408219664926,562.8179640810873,227.9412771261621,419.54323948144145,556.6447925339722,228.3283747151782,422.3443332995087,558.9376557740085,54541900,16807300,63557400
2024-10-01,224.5269012451172,414.9273681640625,557.1738891601562,227.94129335648356,422.61066875300435,562.5043864049716,222.0752779583648,413.07311568923785,554.6066335561335,227.81227091446172,422.58108089859957,561.8576982708267,63285000,19092900,72668800
2024-10-02,225.09263610839844,411.4161376953125,557.4090576171875,225.67824256269316,417.0281982052677,558.4281611024765,221.360617941662,411.00187763203274,553.8913563966638,224.20925878310885,416.7914652693021,556.282242548741,32880600,16582300,38097800
2024-10-03,223.9908905029297,410.8341979980469,556.389892578125,225.12240767637772,413.8029462214933,558.3300163957163,221.65838486968212,408.61501874387466,554.1067783137431,223.46483520314058,411.90926344701154,555.9391307651414,34044200,13686400,40846500
2024-10-04,225.11248779296875,410.36077880859375,561.4461669921875,226.3035561118749,414.00023534021534,561.8185225581165,222.46235586119454,409.28571331626097,556.6643942780399,226.20429410810965,412.5109097932594,560.828843806913,37245100,19169700,42939100
2024-10-07,220.04052734375,403.9301452636719,556.3703002929688,224.01076551273388,411.39642881924686,560.4465939096317,219.68320530273118,403.39753373502316,555.2238688786401,222.8296172342201,410.30164800432675,559.7998460712181,39505400,20919800,49964700
2024-10-08,224.09014892578125,409.02923583984375,561.6323852539062,224.29857792676054,409.9662346464486,562.2301517411685,221.58889489724396,402.5788433485802,558.0657019121494,222.63108533790577,405.2714281620606,558.9377412468939,31855700,19229300,37398700
2024-10-09,227.83209228515625,411.7415771484375,565.5223999023438,228.0405364361267,414.6215919010832,566.0809331902332,223.15714569962594,408.62485957486433,561.0247685875196,223.55416342639623,410.16348810998284,561.6224751598685,33591100,14974300,37912200
2024-10-10,227.3358154296875,410.143798828125,564.5327758789062,227.7923994519787,411.63312440285347,565.953600014702,225.47973405841245,407.49064417755886,562.9257739624676,226.0851959438118,409.54216908706456,564.1800368650188,28183500,13848400,44138100
2024-10-11,225.85691833496094,410.61724853515625,567.9132690429688,227.70307961960657,411.4161507329335,568.6481717987969,225.6484741750507,407.58929422530787,564.3171018304082,227.5938974682738,410.4397214022164,564.4542980317323,31759200,14144900,42268000
2024-10-14,229.5790252685547,413.39862060546875,572.5579223632812,230.00581860221664,418.2314942204609,573.4888112745962,226.89911753216435,411.8007861364326,569.0401610478535,226.99836439928595,412.0473616280092,569.520288010914,39882100,16653100,36217200
2024-10-15,232.11004638671875,413.0040588378906,568.1093139648438,235.7229623804217,416.69284850861214,573.1262458468478,230.6410474142004,409.57174739931537,566.8942243784207,231.87182665313995,416.3969398711013,572.8224884018784,64751400,18900200,54203600
2024-10-16,230.05545043945312,410.41998291015625,570.5785522460938,230.39291705034768,410.6566857580044,571.097912292803,228.1298824963092,404.8572552888869,567.3058184280349,229.87679699083486,409.4830140710585,568.1093193754714,34082200,15508900,30725400
2024-10-17,230.4226837158203,411.0117492675781,570.6275024414062,232.11004699556463,416.7125733271007,574.3216329805343,228.8048220166126,409.89722324961605,570.4413246734956,231.69315867439417,416.57447660649984,574.1158386665669,32993800,14820000,34393700
2024-10-18,233.25146484375,412.4320068359375,572.822509765625,234.42267769537074,413.9015870376485,573.6063941876963,232.2688255608399,410.55803924257515,570.852960533333,234.42267769537074,411.42598973201757,572.3129579783322,46431500,17145300,37416800
2024-10-21,234.720458984375,413.0435485839844,571.8817138671875,235.08771628667242,413.22107571933117,573.0771269383695,232.7055644739604,408.08245074925037,568.9126781204517,232.7055644739604,410.41998166329415,572.0972566282711,36254500,14206100,36439000
2024-10-22,234.10507202148438,421.6539306640625,571.577880859375,234.46239402859047,424.68185459098345,572.7341204955679,230.8693336731526,412.31365056093216,568.6970601364774,232.14972869721714,412.75746835174544,569.3535564115765,38846600,25482200,34183800
2024-10-23,229.04302978515625,418.7838134765625,566.3552856445312,233.39044533687328,425.17503084101816,570.0004346494243,226.0653512199268,416.74216121867397,562.8571411229607,232.33833466706656,424.9580432083023,569.5594810059998,52287000,19654400,49314600
2024-10-24,228.85443115234375,418.91204833984375,567.5801391601562,229.10257100562325,420.1449258075998,568.3836400907534,226.71049918514768,416.61394788419994,564.9639018539431,228.26880958821053,419.5038054447286,568.3052337104026,31109500,13581600,34979900
2024-10-25,229.6881866455078,422.28515625,567.384033203125,231.48471683213373,426.5952907757042,572.6949728800472,227.86188088691335,420.72681247783265,566.4433960638868,228.03061417648678,420.9142122484759,569.8043437567766,38802300,16899100,47268200
2024-10-28,231.6633758544922,420.7465515136719,569.1381225585938,232.98348177622344,426.02327304477956,570.9802836348513,230.81970938626554,420.46051551603273,568.8343651367928,231.5839844241638,425.74710969864265,570.8528957024953,36087100,14882400,30174700
2024-10-29,231.93136596679688,426.0331726074219,570.0592651367188,232.5864588417728,427.2364622843578,571.1762720247682,230.59141979007921,419.967391061662,566.7864714367279,231.36561495313973,422.13726756090693,568.1778707648036,35417200,17644100,42899700
2024-10-30,228.38792419433594,426.6051940917969,568.3345947265625,231.7328445287285,432.4934181148105,571.5779630983764,227.84201349481597,426.1810914644013,567.6290569957021,230.87924283818487,431.44794042425275,569.588797638648,47070900,29749100,41435800
2024-10-31,224.22911071777344,400.7837829589844,557.1935424804688,228.11994197442104,410.4594021869807,564.0428273008541,223.693120129287,400.7344498042727,556.9975564307639,227.63358238786932,409.6703426075015,563.9742291931302,64370100,53971000,60182500
2024-11-01,221.2514190673828,404.7486877441406,559.545166015625,223.67326642200996,409.8084210802644,563.9643910438907,218.6310628621847,401.91800623395363,559.1336371976272,219.32585141181025,403.40733166804887,559.8195584319851,65276700,24230400,45667500
2024-11-04,220.35813903808594,402.8648376464844,558.33984375,221.13233427123137,404.79801090779887,560.9756970155746,218.07526420177624,400.0144410053543,556.4585096866238,219.34573920720757,404.1864784886832,559.6822611574623,44944500,19672300,38217000
2024-11-05,221.7873992919922,405.82379150390625,565.09130859375,222.28367900181775,409.21667261639857,565.1304818819561,219.49458945583885,402.49008610038965,559.0357163025479,220.14968230766976,402.7761220934701,559.2512590975022,28111300,17626000,39478300
2024-11-06,221.0628662109375,414.4243469238281,579.142578125,224.3879467919736,414.69066771455005,580.0146771322202,219.54425129715867,404.8966664565658,573.6063462638446,220.95368405362794,406.77066424480597,577.3396500855225,54561100,26681800,68182000
2024-11-07,225.78744506835938,419.6023864746094,583.62060546875,226.18447798056903,421.0029483375747,584.639708979933,222.89910825147632,414.12842327754487,581.063158030651,222.95865940199351,415.5092398399127,581.1415644099445,42137700,19901800,47233200
2024-11-08,225.51913452148438,416.75201416015625,586.1488037109375,227.2083389148385,420.65776126477715,587.5696280594702,224.9726232043034,416.0024150826717,584.1694459368482,225.72779283046052,419.4939322441371,584.1694459368482,38328800,16891400,46444900
2024-11-11,222.8064727783203,412.2840576171875,586.7072143554688,224.26714170400084,418.9908983471605,588.0888053142032,220.0938084143074,410.3015812107333,584.9826328704219,223.57158868270503,416.7322586188732,587.7360663213191,42005600,24503300,37586800
2024-11-12,222.8064727783203,417.23529052734375,584.8846435546875,224.15783943194586,418.6259798148705,587.2264882691159,221.9420008205612,411.485163708279,582.4055428293386,223.12444853772337,412.5207686609151,586.6287817012992,40398300,19401200,43006100
2024-11-13,223.69081115722656,419.3755798339844,585.1688232421875,225.21109667354565,423.4489813965326,587.1677373847895,221.3457931121334,412.4813090867046,582.9837313260188,222.5878574334345,415.8643474786666,585.3451927424278,48566200,21502200,47388600
2024-11-14,226.77114868164062,421.0424499511719,581.4060668945312,227.41701609796436,422.30491523139983,585.7763103260314,223.57158960851197,414.24681513135374,580.7202054727688,223.59146688403666,419.17832483529844,585.296183408181,44923900,30246900,38904100
2024-11-15,223.5715789794922,409.3153381347656,573.9591064453125,225.4793879673537,417.0084818478404,578.3195418358689,222.84621765747355,407.9739818358906,572.1071369723535,224.96268496170848,414.0693210931382,577.8491633593196,47923700,28247600,75988800
2024-11-18,226.57241821289062,410.0649108886719,576.3107299804688,228.28149999782985,412.6687324009395,577.6237226660043,223.74050538640262,406.4550421174999,573.5572968817456,223.8199993254601,409.18708769998454,574.4195277074432,44633700,24727000,37001700
2024-11-19,226.83074951171875,412.06707763671875,578.4174194335938,228.69881907074455,412.2150169012381,579.142513878155,225.22103903072198,405.912533336808,572.2736733921519,225.53899960732684,407.4511618868994,572.9399780116551,36211800,18133500,49412000
2024-11-20,227.54620361328125,409.7986145019531,578.613525390625,228.4702922716314,411.57397618834216,578.897666302881,224.45594670445817,404.9558679972854,572.8616903884546,226.61216873586113,411.1597160983201,578.4959457161364,35169600,19191700,50032600
2024-11-21,227.06924438476562,408.0295715332031,581.7196655273438,228.69883223369175,414.85856338751086,583.1404896221547,224.2770861035494,405.47983232208855,575.6249001169805,227.42695953023323,414.5818472703372,581.455141177832,42108300,20780200,46750300
2024-11-22,228.41065979003906,412.11114501953125,583.5225830078125,229.25526960886552,412.50644943843054,584.1497143652956,226.6121530455377,406.2407824115055,581.2101034094488,226.6121530455377,406.547145598137,581.7097870344509,38168300,24814600,38226400
2024-11-25,231.39161682128906,413.8801574707031,585.501953125,231.7692092379923,416.14328803070504,588.7648782973704,228.28149797848934,409.9863472135053,583.2188384863542,229.99057974831032,413.4749606494442,587.4518855330788,90152800,27691100,42441400
2024-11-26,233.56771850585938,422.9722900390625,588.55908203125,234.07449047305911,424.0099980685231,589.2253866159143,231.84870566104107,413.93946191933657,586.0310000728672,231.84870566104107,414.6707766023476,586.7462862080961,45986200,23458900,45621300
2024-11-27,233.43853759765625,418.03094482421875,586.7757568359375,234.1937224347506,422.22125646736464,588.7550542016285,232.32565277909848,417.07231569319254,585.256969810655,232.9814664022851,420.12608556589345,588.3729502321648,33498400,18332400,34000200
2024-11-29,235.82330322265625,418.49542236328125,590.4208984375,236.3002516789311,419.8987878079345,591.2047827973582,232.48463370489634,412.90177557031507,587.3147260107087,233.3192972938568,415.16493646523105,587.5890586237147,28481400,16271900,30177400
2024-12-02,238.06895446777344,425.92730712890625,591.4791870117188,239.26133321145704,427.9236142872225,592.1552999944694,235.654388648958,416.3706625649292,590.3425038316959,235.76369091824088,416.6276240398858,590.8324390421951,48137100,20207200,31746000
2024-12-03,241.1095428466797,426.1446838378906,591.7534790039062,241.21884512379424,427.3997836787713,591.9984465923378,237.38334952948236,422.72522667678595,590.2151351783115,238.2875760799829,424.80061260374794,591.2439870884159,38861000,18302000,26906600
2024-12-04,241.46725463867188,432.291748046875,595.427978515625,242.56027739454964,434.5153692878957,595.6729460981672,239.7184333911867,427.5578970490266,592.7725681970518,241.32814402991647,427.95320145991604,593.438872844782,44383900,26009400,42787600
2024-12-05,241.49705505371094,437.4307861328125,594.4481201171875,242.98753231090083,439.44687793021666,596.2314913306755,240.59284370740727,431.0564230401268,594.0953811448159,242.4410361127995,432.7859063083414,595.4279904670244,40033900,21697800,28762200
2024-12-06,241.29832458496094,438.36968994140625,595.5750122070312,243.0769692456264,440.87002757046025,596.8096584526629,240.5431549096241,436.5907746503493,594.800936138575,241.36788746709487,437.1145598403157,595.212464951605,36870600,18821000,31241500
2024-12-09,245.18348693847656,440.7908935546875,592.508056640625,245.67038159068719,443.0738089240489,595.6240374954255,240.21522985765637,435.3356203613735,591.9201582931329,240.29472379037958,437.4110061952819,595.457476264727,44649200,19144400,34742700
2024-12-10,246.197021484375,438.1324157714844,590.6658325195312,246.63423054379348,444.34868068132636,593.6054435570935,243.78244060146582,436.42271747683185,590.0093361336401,245.32260336553807,439.1800161501316,593.184106485161,36914800,18469500,37234500
2024-12-11,244.92518615722656,443.72613525390625,595.2320556640625,249.20782208911243,445.07020661100427,596.1825011825678,244.69663537468304,438.8440482605507,593.3114882757061,246.38585520914904,438.8440482605507,593.5858806768452,45205800,19200200,28677700
2024-12-12,246.38583374023438,444.2893981933594,592.1649780273438,247.1608807008323,450.81202644259827,594.9379676481675,244.12029436088807,443.8446618873549,592.1649780273438,245.32261935264157,443.8446618873549,594.3696859896878,32777500,20834800,31543800
2024-12-13,246.55474853515625,442.0262756347656,592.0474853515625,247.70737273801882,446.13750815775296,594.9086900260288,244.67674782957272,440.3560864798084,590.6756429397628,246.24671899982582,443.1825720342727,594.1934038090473,33155300,20177800,35904700
2024-12-16,249.44625854492188,446.2956237792969,594.5755004882812,249.78411156803347,446.8787030896928,595.54562235978,246.07778066556844,440.0596036741231,593.0273484159295,246.41563368868003,442.02626356510217,593.8014244521054,51694800,23598800,43695200
2024-12-17,251.87078857421875,449.1319885253906,592.1258544921875,252.2185726786221,449.9522746519603,592.9881452170704,248.19428090188288,444.2993336430134,590.7540718346318,248.49237939681157,445.7224537683285,592.0278913761272,51356400,22733500,55773500
2024-12-18,246.4752655029297,432.2621154785156,574.4783935546875,252.6657103008961,447.34318887069384,594.2031278558312,246.1672359539693,431.89642797238076,574.0962297805506,250.55917390522964,446.0287948744165,591.8220501813851,56774100,24444500,108248700
2024-12-19,248.20420837402344,431.9063415527344,574.3020629882812,250.4001849209636,437.98423408144293,581.0631932062172,245.52135228225407,431.2046739034814,574.0570953688857,245.92875304737495,436.4425256398133,579.456191269411,60882300,22963700,85919500
2024-12-20,252.87435913085938,431.48138427734375,581.199951171875,253.3811159043778,438.5376604876813,585.7225012446567,244.13022347118752,423.6048219518138,571.132257605004,246.46529524609687,428.03227991601136,571.9778279294948,147495300,64263700,125716700
2024-12-23,253.6494140625,430.1471862792969,584.680419921875,254.02699130961165,432.51904296318025,585.2801382457641,251.84096111600803,427.7555447705133,577.7687172457148,253.15258832932108,431.61970806424813,580.9443919924163,40858800,19152500,57635800
2024-12-24,256.5608215332031,434.1793212890625,591.1790771484375,256.5707374276886,434.4461751355928,591.2184422848073,253.66927695641888,429.09959787026054,585.4471892507113,253.868019379837,429.5541964268554,586.0272849416975,23234700,7164500,33160100
2024-12-26,257.3755798339844,432.9736022949219,591.2184448242188,258.44874034869076,435.7704403833361,592.3392110668057,255.99442012888886,431.51097305499115,588.0133066034633,256.55086249805703,433.9322312620779,589.4093887705021,27237100,8194200,41219100
2024-12-27,253.9673614501953,425.4825744628906,584.9950561523438,257.0576331183779,430.11759250731205,587.7184519013749,251.45342458389948,421.35158695918557,580.8165903318666,256.1931309155478,429.5048660553498,587.482441071987,42355300,18117700,64969300
2024-12-30,250.59890747070312,419.8493347167969,578.3192749023438,251.890657464443,422.53744699473475,581.7800467977985,249.15811581542044,416.95369289645987,574.5734057798932,250.6287158030117,421.0649252132939,577.9948725430215,35557500,13158700,56578800
2024-12-31,248.83021545410156,416.558349609375,576.21533203125,251.6720594492945,421.72704414058194,580.698577374324,247.84649497663966,415.7282013574423,574.5832389413312,250.83739579916153,421.10442541168464,579.9808236627084,39480700,13246500,57052700
2025-01-02,242.3019256591797,413.6726379394531,574.799560546875,247.51859606258614,421.0748471756245,581.1803135593343,240.28481431614935,409.98638702094667,570.7292291618253,247.34966196417784,420.54116958363784,579.4696102256324,55740700,16896500,50204000
2025-01-03,241.81503295898438,418.3866882324219,581.9863891601562,242.62981931594805,419.05870873446685,582.6254124428244,240.3543640210219,414.62135874681445,576.5592818557609,241.81503295898438,416.1432822085411,577.6408028082942,40244100,16662900,37888500
2025-01-06,243.44461059570312,422.833984375,585.3390502929688,245.75982034447205,429.2281326887413,589.6060270134918,241.65603491404494,420.491774572373,583.608664526265,242.75898865424097,422.9822197752049,586.2337670283534,45045600,20573600,47679400
2025-01-07,240.6723175048828,417.4181823730469,578.7223510742188,243.99110961427562,425.6011074871905,587.6888410122485,239.81777667580207,415.8665816173968,576.903513754268,241.4374181829594,423.9704579117962,587.3643786767495,40856000,18139100,60393100
2025-01-08,241.15921020507812,419.58251953125,579.5678100585938,242.16280789951685,421.9642686702226,580.6394897953063,238.52603985831155,416.5979364179098,575.3500401020275,240.3841632667122,418.4954097350683,578.7911287868388,37628900,15054600,47304700
2025-01-10,235.3463592529297,414.0382995605469,570.7193603515625,238.63534322792128,419.73074959963856,576.0874809051687,231.52079498772144,410.15435142162687,568.8120114375996,238.48628640867517,419.651700779007,576.0186519228087,61710900,20201100,73105000
2025-01-13,232.91189575195312,412.2989196777344,571.6041870117188,233.180185891021,413.5935589908242,571.9581131697737,228.26161420500546,407.456372689251,565.6658125456092,232.04742383507855,410.3717691669062,566.0787864044993,49630700,17604800,47910100
2025-01-14,231.79904174804688,410.7967834472656,572.3907470703125,234.62100862534365,414.8190446806072,575.1534475548353,230.99418638589506,405.90480416806594,568.6153544470202,233.25971079858908,412.9116788431012,574.5242054496483,39435300,16935900,48420600
2025-01-15,236.35987854003906,421.31201171875,582.8026123046875,237.4429702030776,423.13043625280113,583.943061283102,232.94171493841435,413.3662628653434,579.2828525136379,233.1503884256181,414.2161960548363,580.3938376431494,39832000,19637800,56900200
2025-01-16,226.81089782714844,419.6022644042969,581.6817016601562,236.4990004602556,424.45470380326,584.34604932179,226.58236221549976,419.4145196873236,580.9836305712422,235.8432019589194,423.67398737859014,584.1690862304802,71759100,15300000,43319700
2025-01-17,228.51995849609375,424.0001220703125,587.521728515625,230.81529094249188,429.386239236107,589.2717368825727,227.0294813062853,423.1502190446997,585.5848557638515,230.64637201374376,429.0007970548674,586.9121689712896,68488300,26197500,58070600
2025-01-21,221.2265625,423.476318359375,592.899658203125,222.99526090225285,425.8481750206776,592.9094994878243,217.98726416864307,420.61032363697626,588.5933760531964,222.57792910461188,425.1563998310193,590.5597127423754,98070400,26085700,42532900
2025-01-22,222.40902709960938,440.9688720703125,596.232666015625,222.6971793763667,442.02630472978717,597.5894432517595,218.39466636780546,430.88844231911156,595.1708273073808,218.39466636780546,432.4301508467356,595.7213992287225,64126500,27803800,48196000
2025-01-23,222.24009704589844,441.47283935546875,599.4868774414062,225.58869773276695,441.5123788470024,599.4868774414062,220.88873040600683,436.3239289556834,595.3280946897063,223.3132424800993,436.81806704057095,595.6033506126263,60234800,18389300,41152100
2025-01-24,221.3656768798828,438.8539123535156,597.7368774414062,224.19758968028435,441.4135440071518,600.4996383180872,220.00437919561992,436.225094129831,596.5865871884719,223.35297985225768,439.94102216929423,599.5459337435196,54697900,15549500,34604700
2025-01-27,228.40074157714844,429.4653015136719,589.2815551757812,230.67619691244207,430.09781275609777,589.5961762199101,222.55806572164707,418.53496919379126,584.6311885086425,222.59782027357136,419.03899970511213,584.798310310645,94863400,35647800,70361100
2025-01-28,236.7473907470703,441.9571228027344,594.344970703125,238.66514594376807,443.1232814648123,595.1806398263976,229.3446904229109,426.3225862891417,587.1973173488781,229.38444497187513,429.50483681704293,590.5105900023588,75707600,23491700,44433300
2025-01-29,237.84042358398438,437.1441650390625,591.6805419921875,238.33724933385383,441.6408395030523,593.9614997638901,232.52438199561368,435.23679935643304,589.1341095636221,232.6336842670617,441.45306462654537,593.5583671362218,45486100,23581400,37177400
2025-01-30,236.08168029785156,410.1247253417969,594.8561401367188,239.26136238940995,417.90245411076046,596.3898803192325,235.70410299948912,408.3161931892364,590.6088457833347,237.15482584661257,413.86040812362955,593.7943615542468,55658300,54586300,39281300
2025-01-31,234.50177001953125,410.19390869140625,591.6903076171875,245.62073349000855,415.7579084081136,599.6933113603776,231.9580244316672,410.0456732964256,590.9332488823969,245.62073349000855,414.06796458574274,597.2746959271392,100959800,34161900,66566900
2025-02-03,226.56246948242188,406.1024475097656,587.7085571289062,230.35822543026035,410.53979775772405,590.1861005375324,224.2671369795404,403.8689337668832,580.5510628181718,228.52991033796462,406.774468051233,582.6943625959686,73063300,25679100,65857200
2025-02-04,231.3220672607422,407.5354309082031,591.6509399414062,231.64997406812495,409.0672770356713,592.1621465583886,225.21110156992967,404.9362598096777,587.2266834022734,225.80729852188347,407.8516865143663,587.7674138666034,45067300,20532100,33457800
2025-02-05,230.99415588378906,408.4446716308594,594.0498657226562,231.19288314320298,408.97831905399164,594.1973649569587,226.82082278842498,405.5885389886856,588.5048426365228,227.07916670947125,407.515689607161,590.5301667443101,39620300,16316700,30653100
2025-02-06,231.73939514160156,410.94500732421875,596.1145629882812,232.31571480889477,413.2971094519946,596.2423796576439,228.9670990724139,409.14633744300244,592.4866698522919,229.82163993606684,409.14633744300244,595.7901006731433,29925300,16309800,35771500
2025-02-07,226.1848907470703,404.9461364746094,590.6580200195312,232.51444580894437,413.74178783038474,597.8941240756534,225.81722939017394,403.3154869234488,589.9501076619601,231.1233398047693,411.5972455590395,596.6750050236558,39707200,22886800,50788500
2025-02-10,226.45346069335938,407.3871765136719,594.6693115234375,229.378010419489,410.58918143726896,595.3083949100401,226.00582893863492,406.10242964328353,592.5948408497425,228.36338248973718,408.85969825647294,593.8631663388722,33115600,20817900,26048700
2025-02-11,231.3973388671875,406.6163330078125,595.1216430664062,233.99362125199642,407.6540108795472,595.6623736678141,226.93094812871882,404.50140761463905,592.2901133629294,227.000572314181,404.8374480391833,592.408088766588,53718400,18140600,30056700
2025-02-12,235.62501525878906,404.24444580078125,593.2044067382812,235.71455375787428,405.93438940933225,594.3743794070193,229.4675472393098,399.6291833556912,588.4360645213627,229.98481838871234,402.4358837314584,589.1144530437037,45243300,19121700,45076100
2025-02-13,240.260498046875,405.7268981933594,599.4672241210938,241.06623819438488,406.1814967766394,599.6737110792319,234.33183277718044,401.5958809737979,593.047165943141,235.66478598858163,402.2283921851393,594.3055902381474,53614100,23891700,40921300
2025-02-14,243.31439208984375,403.6416015625,599.437744140625,244.25939586817944,404.1159849495273,600.7060096863363,239.72336558929686,401.1215095634391,598.8183432907158,239.981993568851,403.00912053959007,599.6736949390985,40896200,22758500,26910400
2025-02-18,243.18507385253906,404.83746337890625,601.1976318359375,243.8913336127375,405.78620005413757,601.1976318359375,240.56889220053384,401.7342617389566,598.1399925315113,242.86674847770814,403.2166759889158,600.5979135172886,48822500,21423100,26749000
2025-02-19,243.58294677734375,409.90728759765625,602.6134033203125,244.7169542759842,410.61884763156144,602.9083418402669,241.88194311867716,402.8707662400353,599.3001305958442,243.37405904734027,403.09808061190597,599.81139736899,32204200,24114200,31011100
2025-02-20,244.5379180908203,412.07598876953125,600.1063232421875,245.4829218502696,415.2250013636158,601.3844301402796,243.00600383864503,408.52096684547683,596.8028918726411,243.65259654249155,411.24417583261857,601.2467721645895,32316900,23508700,36554000
2025-02-21,244.25938415527344,404.2331237792969,589.842041015625,247.38287960480025,413.97725680128366,600.0276510429451,243.93111682470231,403.91626425407014,589.3799206723878,244.6572756706751,413.27418223243296,599.8899930676969,53197400,27524800,76519800
2025-02-24,245.80123901367188,400.0641174316406,587.1580200195312,247.551982922016,405.38179653354615,592.8800672914438,243.1353173033831,395.4297185716828,586.4501075695626,243.64263125957103,404.5301894031576,591.8870576091449,51326400,26443700,50737200
2025-02-25,245.74156188964844,394.0235290527344,584.2379150390625,248.68601093773057,398.0043843099881,587.8265033006376,243.62276739789988,392.835237956153,579.6366946428752,246.69652285022872,397.19236575081766,587.098968367302,48013300,29387400,58266500
2025-02-26,239.0966796875,395.83575439453125,584.5328369140625,243.69239232640413,399.66804717869115,589.488043359785,237.87314875998453,390.40913086553707,581.8979531727184,243.04581476744292,394.13250979931917,585.8994552001853,44433600,19619000,43321600
2025-02-27,236.05276489257812,388.70587158203125,575.20263671875,241.18564780716906,401.78716793671936,587.9543615454245,235.81402085750776,388.3493932994261,574.8094053796542,238.1516754344793,397.3607146060961,586.8040113591791,41153600,21127400,74196700
2025-02-28,240.5688934326172,393.1224060058594,584.1788940429688,240.8175794410065,393.7561854578909,584.70978328648,228.9900734891547,382.80393739721217,572.636508577737,235.70459571566596,388.83460333794534,575.7039886670112,56833400,32845700,88744100
2025-03-03,236.77890014648438,384.7052307128906,573.9441528320312,242.7473638198223,394.93461038215554,587.2857532860544,234.8689935924468,382.39794340981075,570.1392964764723,240.51913191748446,394.93461038215554,586.1452445030724,47184000,23007700,74249200
2025-03-04,234.68994140625,384.82403564453125,567.150390625,238.80819608105105,388.75535997703025,575.5368441329807,233.44651142335266,377.2881889484286,562.6179996474549,236.46059966619734,379.6648014174362,569.952455985737,53798100,29342900,109648200
2025-03-05,234.50094604492188,397.1131591796875,573.24609375,235.30668622205877,397.7568509049982,575.035467216836,228.02515316620742,385.02212029604283,563.434093538414,234.18262069274581,385.54695570418704,566.9833166199888,47227600,23433100,71230500
2025-03-06,234.09312438964844,393.0234069824219,563.0703735351562,236.60982567864426,398.2321421191711,570.4047711019521,231.93453157387603,388.8544001591339,560.523941077153,233.207802772317,390.43881857931865,565.7937090893346,45170400,23304600,80094900
2025-03-07,237.81346130371094,389.4783020019531,566.2262573242188,240.10136041796665,390.95377648794664,567.6715458955733,233.5261018066448,381.7840095954452,556.1094773560538,233.87426828677374,388.49795642753014,561.2907933786839,46273600,22034100,81158800
2025-03-10,226.28436279296875,376.4563903808594,551.1444702148438,234.91874867921032,382.6355890788174,559.9536192631458,223.04150278970278,373.5450301742595,546.2384702857362,234.3019970725287,382.08104715568106,558.0364891964213,72071200,32840100,99326600
2025-03-11,219.6792755126953,376.7435607910156,546.56298828125,224.65299583409444,382.23947903620126,554.5266887361913,216.3070937419303,373.2380400086461,542.7286673284324,222.63366659789358,375.3076750122287,549.9844552948313,76137400,30380200,88102100
2025-03-12,215.8395538330078,379.5361022949219,549.4632568359375,220.58448707211764,381.46711712441265,553.631880779765,213.7804415985268,375.25821149680263,544.3704523001988,218.98294858814833,379.2192427611773,552.7077001878538,62547500,24253600,69588200
2025-03-13,208.5779266357422,375.0799560546875,542.138671875,215.70029772842102,381.5661631231906,549.6992388466521,207.3245545879158,373.7728386562969,540.4279685563406,214.81497612462363,379.4272025345451,549.0896792735167,61368300,20473000,74079400
2025-03-14,212.36788940429688,384.7745361328125,553.3369140625,212.82546311709572,386.42827981726157,554.3397648685512,208.47843695256688,375.8127158813028,542.2074423986709,210.13965751241793,376.08007458561946,546.7496748611676,60107600,19952800,62660300
2025-03-17,212.8751983642578,384.9132080078125,557.6039428710938,214.0887871580046,388.88412112316473,560.1208513978755,208.86638159065717,381.813696346666,552.8846868765244,212.1888226325467,382.9326924641042,553.3172833424321,48073400,22474300,49008700
2025-03-18,211.57211303710938,379.78363037109375,551.5770874023438,214.019174884069,383.5961286419255,555.5097605205915,210.3784232206469,377.38722360904,549.6500559715837,213.0343879953175,383.2990634136601,555.2934322950165,42432400,19486900,66041400
2025-03-19,214.10870361328125,384.0417785644531,557.5842895507812,217.6101915579757,385.8836435250732,561.3399999727566,212.6265295918345,380.2589866011294,552.1768634471969,213.0940604852241,381.7740797920575,553.3566775077279,54385400,19185500,66556000
2025-03-20,212.97470092773438,383.0713195800781,555.9718627929688,216.3468825511506,387.97310772514027,560.966374832501,211.10457731145533,379.5460042678497,553.1304918485869,212.86527847830126,381.98202996781214,553.848245552193,48862900,18470500,62958200
2025-03-21,217.12277221679688,387.44830322265625,556.1552734375,217.68976839110027,387.92360765846763,557.0526817242638,210.16950634984832,379.0706998982185,550.2878724028328,210.4480334492585,379.48662149982533,551.5205297947124,94127800,39675900,83763000
2025-03-24,219.56983947753906,389.2505187988281,566.1151733398438,220.3158974796034,391.54792412450786,567.1703352751009,217.4311459430569,386.012386704804,562.2890000340255,219.8384246082871,391.54792412450786,562.880651498493,44299500,21004500,58766800
2025-03-25,222.573974609375,391.3102722167969,567.47607421875,222.92214108802088,392.4985634335279,568.4128457426297,218.92326587520165,388.81483346341923,565.7306119858723,219.6096416779903,390.08236222676067,567.3182603575567,34493600,15775000,38355700
2025-03-26,220.3656463623047,386.17083740234375,560.7013549804688,223.83730853242594,391.45881045430576,568.3339598573967,219.3112201065871,384.7844825194778,559.3207546377017,222.33523531503357,391.15183295239507,567.2097618801449,34466100,16108400,51848300
2025-03-27,222.6734619140625,386.77484130859375,559.2122192382812,223.80746952519274,388.4186727261189,562.9792269072261,219.40074548587612,383.62582905803845,557.1018956425098,220.2263848697343,386.3292434732889,559.3108077400744,37094800,13766800,42164200
2025-03-28,216.7547149658203,375.1096496582031,547.95068359375,222.6336557419088,385.339029849346,558.4135249923543,216.5358700680628,373.2578723723651,547.3689030262066,220.504904155295,384.2992410074857,557.6838014665011,39818600,21632000,71662700
2025-03-31,220.9624786376953,371.73284912109375,551.62890625,224.4341253115235,373.396474789069,552.9305994826874,215.09348022110552,363.6622247634287,539.282592409213,215.86937928840504,368.9106086577597,542.201546342058,65299300,35184700,95328200
2025-04-01,222.01690673828125,378.4666442871094,553.1869506835938,222.5043215641154,379.12021808448793,555.1296497708261,217.74944665223015,369.59394254927554,545.998115405224,218.65466729819107,371.0000917512926,549.7158288612504,36412700,19689500,54609600
2025-04-02,222.71322631835938,378.4171142578125,556.6878051757812,224.0063965120705,381.32844426453147,559.5475341360295,219.85831598824518,372.95087209109226,547.1125011420022,220.15674221426906,374.2877261088344,547.3491617248258,35905900,16092600,76014500
2025-04-03,202.1220245361328,369.4750671386719,529.2537231445312,206.39942653372108,373.80251903809335,540.3673198616506,200.19221885499383,365.7517184220645,529.2537231445312,204.45966369883956,371.13872318254886,537.5470145495102,103419000,30198000,125986000
2025-04-04,187.389892578125,356.3343505859375,498.2696533203125,198.82944937179326,370.94065262193254,518.5739803507369,186.35535024633944,355.97787229621173,498.05270443606094,192.87092693410324,360.5825648601157,516.4044915082214,125910900,49209900,217965100
2025-04-07,180.50625610351562,354.3736267089844,497.38214111328125,193.12954493623218,367.3856281525139,515.9114234247066,173.70219548773406,341.43098078163547,475.1154034595348,176.26863687444822,347.4616469003483,482.402887644306,160466300,50425000,256611400
2025-04-08,171.51376342773438,351.1057434082031,489.591796875,189.33957458197378,370.0097579671702,517.6963548854247,168.32064359895526,346.83773543404493,482.3733480760591,185.71870692843436,364.6722850479048,514.6196468974629,120859500,35868900,165816600
2025-04-09,197.80484008789062,386.68572998046875,541.0083618164062,199.55558397169528,389.39905670107095,541.0083618164062,170.9865365771085,349.66000929830324,486.20934082523814,171.04621878540135,350.0957251156184,486.5939443539347,184395900,50199700,241867300
2025-04-10,189.4191436767578,377.6347961425781,517.3019409179688,193.7562279640405,380.1599412978202,526.0981670837639,182.03814529024513,364.21678559967916,502.25365007002944,188.07624843340898,378.33787067807094,524.7866027854379,121880000,38024400,162331200
2025-04-11,197.1085205078125,384.6656494140625,526.5321044921875,198.49121408156802,386.25003769690613,528.9875485351057,185.0820690088969,375.1987873888056,512.8545420601603,185.12186726950821,376.93173851590154,515.7537548286505,87435900,23839200,97866300
2025-04-14,201.45555114746094,384.0318603515625,531.6401977539062,211.82078139531484,390.8052198187617,536.7286411738348,200.10269875392328,380.46692636349223,526.453165817952,210.32866545443895,389.38915847164185,536.5017912856171,101352900,19251200,68034000
2025-04-15,201.07752990722656,381.9721374511719,530.151123046875,202.44032418337582,388.07212889209285,535.6931457102869,198.74983284066025,380.41742551182244,529.3622343758641,200.7990028314966,384.7250528209778,532.1825399641931,51343900,17199900,56892900
2025-04-16,193.24891662597656,367.98968505859375,518.3668823242188,199.64511311117855,377.892263018399,530.4272422697393,191.35889396287376,364.4148689208335,513.0713913810127,197.31741584829123,376.9614484928254,524.3033791384568,59732400,21967800,83484800
2025-04-17,195.94467163085938,364.1969909667969,519.1064453125,197.78495412822454,370.6732850580017,523.8004136549424,193.39812938355274,363.31567729138493,516.6411308627585,196.16351652823,370.10883089247193,520.3194209498447,52164700,21120200,79868100
2025-04-21,192.14476013183594,355.6213684082031,506.7503356933594,192.78139570274652,360.9291658129438,514.4618467446136,188.8123615658979,352.20499720618693,501.40552056556845,192.25418258208256,359.2853342749941,513.9293002870572,46742500,20807300,69368100
2025-04-22,198.69017028808594,363.2463684082031,519.9348754882812,200.53043756485187,364.18709517298703,521.9564215250564,194.93998119085117,356.3541524572501,511.9867032226325,195.08918671811182,359.83987920585236,512.9235348557764,52976400,19485000,75948100
2025-04-23,203.52464294433594,370.74261474609375,527.9915161132812,206.9067667134076,376.68416126561135,537.8626460694973,201.7341005812904,369.38593623911186,526.4729038847668,204.9172785719325,372.3963282706759,532.9320165359907,52929200,20545500,90590700
2025-04-24,207.27481079101562,383.5268249511719,539.1051025390625,207.73239972806866,384.6656455709585,539.8348259826943,201.87335793866913,371.53481777720657,528.0210584541512,203.81310578126346,372.0398589139721,529.2733972607866,47311000,22232300,64150400
2025-04-25,208.18002319335938,388.03253173828125,543.0004272460938,208.6475540878433,388.33950924401097,543.4047124173812,205.1162098506388,380.8531625631297,536.1468396073658,205.28531450927932,383.2297752805051,539.0657941930334,38222300,18973200,61119600
2025-04-28,209.03550720214844,387.3492431640625,543.2074584960938,210.38835967290976,388.91383718504306,545.8700106135369,206.3696005213303,382.8732888048125,537.4583875113086,208.89624364686077,388.1414373128656,543.7400050325934,38743100,16579400,47613800
2025-04-29,210.09988403320312,390.201171875,546.6292724609375,211.12446912484504,391.2508426713115,547.7435994540236,207.27479957627347,386.5768248872523,540.9393072120234,207.59312493762445,387.48784509297593,541.294298062473,36827600,14974000,47775100
2025-04-30,211.38311767578125,391.4092712402344,546.84619140625,212.45744310704663,392.79562598704683,548.7987614609631,205.58375784941018,380.69467558939255,534.0068741379372,208.19993964532281,386.49757125114587,539.9729233205555,52286500,36461100,93101500
2025-05-01,212.1988067626953,421.2556457519531,550.7217407226562,213.43227966302132,432.7327295827746,556.2440822591161,207.80202473083082,420.76051687113977,550.1202183270924,207.98108655162656,426.9100091091665,552.5954041380958,57365700,58938100,63186100
2025-05-02,204.2706756591797,431.03936767578125,558.8966674804688,205.90205512568554,435.15884330772667,560.4941864598073,201.09744003856807,425.8008960147878,554.5774316657111,205.00677646592024,427.5338469786456,556.894803218062,101010600,30757400,60717300
2025-05-05,197.8446502685547,431.9207458496094,555.6917724609375,203.0272736250085,435.2182909345157,558.7882219920989,197.1682315771274,427.9002714913439,553.9068871278389,202.03252954096354,428.652877068793,554.7648117792631,69018500,20136100,38659200
2025-05-06,197.4666290283203,429.0885925292969,551.0471801757812,199.59538061408486,433.46554517602334,555.5340413030556,195.98447015970467,426.9694566129341,549.2327420958744,197.1682179665783,427.9894209087166,550.1892553966732,51216500,15104200,48264700
2025-05-07,195.21852111816406,429.1282043457031,553.3645629882812,198.3917570874617,433.8517229596541,555.9975022415719,192.23428894820486,426.9100064238295,548.3254139860352,198.12317194216024,429.61342097536215,552.3784371058738,68536700,23295300,55588000
2025-05-08,196.45199584960938,433.9012145996094,557.2202758789062,198.99853803284546,439.3476317599919,562.3974366423718,193.65675249053749,431.4156581886589,553.9069074354913,196.68078271707188,433.6635322101029,557.3977713110521,50478900,23491300,65130800
2025-05-09,197.48654174804688,434.4557800292969,556.5103149414062,199.4859718922483,436.4461774951318,559.6264462916283,196.5017396407649,431.6335394854884,554.9522191721212,197.95407268173315,435.7133964534002,558.6205786168767,36453900,15324200,37603400
2025-05-12,209.95704650878906,444.8832092285156,574.9014892578125,210.435160708662,444.9921230759706,574.9113601462691,205.93301745006437,435.4955548202822,569.0340285188223,210.13634313336473,441.5955462250109,573.402558732667,63775800,22821900,78993600
2025-05-13,212.08859252929688,444.764404296875,578.6981201171875,212.55673652410627,446.2794975271711,580.9070323903663,208.17412935394688,441.021200788799,574.7536167184122,209.59847136477597,443.41763796979524,575.3156554869938,51909300,23618800,67947200
2025-05-14,211.490966796875,448.52734375,579.437744140625,213.09460539099953,449.4779827199474,580.8084133986617,209.7478820292828,443.7741186799948,577.4161378946785,211.5905625216416,443.7741186799948,579.6546629482465,49325800,19902800,66283500
2025-05-15,210.6144561767578,449.53924560546875,582.2679443359375,212.11849916658366,452.5749946823822,582.77081800724,208.71199985896817,446.86062923137035,576.9822635531588,210.11643191755599,447.19793132038893,577.4359031534708,45029500,21992300,71268100
2025-05-16,210.42520141601562,450.67022705078125,585.9559936523438,211.73003772257164,450.7595102326154,586.2518193704545,208.94109887256835,445.17414935289,581.1042713102905,211.52086084946143,448.4678177382938,583.0469103495059,54737900,23849800,76052100
2025-05-19,207.9550018310547,455.2337646484375,586.5969848632812,208.65223273202483,455.9480603525366,587.27741416191,203.45285841572866,447.2277066057748,579.9406348417033,207.0884445111699,447.3070896149787,579.9406348417033,46140500,21336500,68168500
2025-05-20,206.04258728027344,454.53936767578125,584.6246337890625,207.64622592622177,454.7080036018212,585.8079967408526,204.2198167548668,450.719869916101,581.4197250633151,206.84938410987283,451.9797952414424,584.8613545300925,42496600,15441800,60614500
2025-05-21,201.2914276123047,448.9837341308594,574.7733154296875,206.22186440009241,454.1524403651085,584.3584902721909,199.91689108628387,448.22974686474834,573.7477661832594,204.3592586621154,450.967885651573,580.2759146876367,59211800,19216900,95197700
2025-05-22,200.56431579589844,451.2555847167969,575.0001220703125,201.94882252859867,456.6028878213618,578.4811148637216,198.91087172706415,450.3032004241896,573.3433777523152,199.91689038506837,451.34489818162797,574.5760350084579,46742400,18025600,70860400
2025-05-23,194.49838256835938,446.6126403808594,571.0753784179688,196.91877297523902,450.0948358464348,573.7379304924723,192.6955373289648,445.3527151156796,567.6140667399493,192.9046989896,446.4142434023006,567.9887994120531,78432900,16883500,76029000
2025-05-27,199.4188690185547,457.03936767578125,582.9483642578125,199.94677348688452,457.29731705224054,583.1061179228353,196.64984031499387,452.5055743512772,570.4048112020747,197.51641281084125,452.86273735527834,577.938827709351,56288500,20974300,72588500
2025-05-28,199.62803649902344,453.7357482910156,579.5757446289062,201.9289060786693,458.8548627693229,584.545857588394,199.11008702875665,453.3091629867606,578.8460211072919,199.79736291846774,457.56517641086623,583.3526236048898,45339700,17086300,68445500
2025-05-29,199.15988159179688,455.0453186035156,581.8635864257812,203.0046291598645,458.0612374989779,584.9699071457442,197.72556941325453,451.702028016876,577.9388245287198,202.77554227533128,457.89257129241645,584.8318350718904,51396800,13974800,69973300
2025-05-30,200.05633544921875,456.7119445800781,581.2127075195312,201.1619498266407,458.02149174118404,582.92855680446,196.00241099917397,451.93016282180776,575.148009692676,198.5821728136608,456.07703188956276,580.7590679776305,70819900,34770500,90601200
2025-06-02,200.90296936035156,458.3092041015625,584.4866943359375,201.33127809714276,458.44807895367734,584.5655410710423,199.32921098525782,453.2694729574846,576.9428072484826,199.488582384924,453.5174918780263,579.6053591727813,35423300,16626500,61630500
2025-06-03,202.46676635742188,459.3013000488281,587.8197631835938,202.9647905668523,460.4620419695056,588.7960181097066,200.16589694161215,457.20800452370844,583.6385391723649,200.55435521702816,457.8131864599202,584.121791379625,46381600,15743800,63606200
2025-06-04,202.01856994628906,460.19415283203125,587.6619873046875,205.42505409163678,461.9997378828715,589.6539808386906,201.30141378953226,459.35088242690273,587.2280895107962,202.10821066626008,460.3231275179124,588.6777258495218,43604000,14162700,57314200
2025-06-05,199.83721923828125,463.9739685058594,584.8218994140625,203.9409342732031,465.92835889810493,590.6893600195378,199.35910500622674,460.35289815926444,582.8496477946317,202.69587362440456,461.2755213187348,589.3383724752952,55126100,20131700,92278700
2025-06-06,203.11419677734375,466.652587890625,590.827392578125,204.8871617909174,469.58912358157227,592.4939474926597,201.2515910514923,465.0652606634985,588.5789969918866,202.19783403313102,466.3648774509946,590.3540112930365,46607700,15285600,66588700
2025-06-09,200.65394592285156,469.0038146972656,591.35986328125,205.18596915505242,469.67841894667356,592.9080878809366,199.22960401477,464.90653697170796,590.1863712694283,203.58233063284266,465.9779957450024,591.3992866421642,72862600,16469900,53016400
2025-06-10,201.869140625,467.1883239746094,594.7128295898438,203.54250994980842,469.0534009468453,595.0973729509094,199.77744796710627,463.25968221899245,590.7781968461302,199.8073282051838,467.45617352695865,591.8924637491524,54672600,15375900,66247000
2025-06-11,197.9945068359375,468.8748474121094,593.0166625976562,203.69190510411792,471.7022694228479,596.6653405011278,197.62597377823997,465.9383115986028,590.9556931519085,202.69585666840098,466.29544434484353,595.8074157747775,60989900,16399200,73658200
2025-06-12,198.41285705566406,475.0752868652344,595.3734130859375,198.890956077424,476.6130223697302,595.3734130859375,196.58013147350607,469.7676758011157,591.2021204830944,198.29333609984755,471.2557893550323,591.6853124635808,43904600,18950600,64129000
2025-06-13,195.67372131347656,471.1962585449219,588.7171630859375,199.57822954037988,475.38281914376,593.499849631983,194.92668495173118,469.0137102048777,587.218232455665,198.94075911963023,472.63478039747713,590.1963519379123,51447300,16814500,89506000
2025-06-16,197.6359405517578,475.3431701660156,594.318359375,197.90487790098294,476.8808754060361,596.0638215052488,195.78328974313985,471.23596219473825,591.8924679557008,196.52037110088898,471.44428961660435,592.0700235861916,43020700,15626100,79984100
2025-06-17,194.86692810058594,474.25189208984375,589.2398071289062,197.6060614779548,474.9463269378011,593.4012293190596,194.43863454049264,470.3232503868908,588.4804709653109,196.4207613301707,471.63279762120845,591.8826171802143,38856200,15414100,82209400
2025-06-18,195.80320739746094,476.4344482421875,589.1510009765625,196.7893008408277,477.1884355000323,592.8785252065284,194.2991796996429,470.70025162122124,588.1944276516227,195.16573699325735,474.21220825159133,590.1371267775953,45394700,17526500,76605000
2025-06-20,200.20574951171875,473.616943359375,587.7673950195312,200.90298042554332,479.62891980922967,592.8906208578056,196.08210930882012,473.09114443804276,586.3629131433069,197.45666110928434,478.4086860483398,591.8224395288368,96813500,37576200,94051400
2025-06-23,200.70375061035156,482.1488037109375,593.5730590820312,201.50059236215068,483.884936234588,593.9587392448562,198.1737943867686,468.76571183115124,585.4035696790836,200.83324176458547,474.42052531416374,588.5190130228361,55814300,24864000,87426000
2025-06-24,199.50851440429688,486.2261962890625,600.13037109375,202.63610603642124,487.9524285572733,601.1885919192599,199.4089034764897,482.9424282150726,596.7972471416377,201.78945874554142,485.07541514458467,597.7072083922786,54064000,22305600,67735300
2025-06-25,200.76353454589844,488.3691101074219,600.4666748046875,202.8651975026319,490.64097201284227,601.940336500435,199.82724651799433,485.5119574284625,598.903972841808,200.65396860223956,488.1409520653471,601.247995602986,39525700,17495100,62114800
2025-06-26,200.20574951171875,493.5080871582031,605.1646118164062,201.8392684520338,494.09340820956044,605.5997923429508,198.67184150130464,488.9048412091741,601.7029677445283,200.63404307360597,489.0735074056833,602.3161684365299,50799100,21578900,78548400
2025-06-27,200.28543090820312,492.010009765625,608.1713256835938,202.41697405518968,495.34336948151105,609.6351477759472,199.20969672208463,489.12306593539506,604.1360808658505,201.09222774816857,493.60723706055035,606.1636033457827,73188600,34539200,86258400
2025-06-30,204.3592529296875,493.4684143066406,611.0791015625,206.57048164253425,496.79187420420715,612.4340832221852,198.4726031076903,491.4048797426009,608.2998981128763,201.211736268348,493.101351114434,610.6142811588834,91912800,28369000,92502500
2025-07-01,206.99879455566406,488.1508483886719,610.8812866210938,209.35942450018746,494.10330273882704,612.0483479268365,205.3254252695324,487.08935037246306,608.7746241554748,205.85332972802502,492.53583641461546,609.6053849111585,78788900,19945400,70030100
2025-07-02,211.60052490234375,487.198486328125,613.6505737304688,212.4969623845337,489.5893925672679,613.6901136433279,207.31751373506327,484.82744098086494,609.8526292762224,208.08447525999887,486.107196925814,610.4757300098587,67941800,16319600,66510400
2025-07-03,212.70616149902344,494.8870544433594,618.4869995117188,213.80180573654258,496.1668406146565,619.4167005776212,210.97303162710094,489.5298515465148,615.6088560521965,211.31168447150716,489.8969147231798,615.628656191773,34955800,13984800,51065800
2025-07-07,209.12037658691406,493.77593994140625,613.8780517578125,215.37555986284275,494.7977767455099,617.1913758193931,207.97492690746134,491.3056810299541,611.0988485499288,211.83958469799765,493.4386378219278,616.5286747873084,50229000,13981600,74814500
2025-07-08,209.18014526367188,492.68463134765625,613.5418090820312,210.59453234535175,494.25212791462184,615.2923708557059,207.62631199643187,490.1945116420166,612.7307881009865,209.26980118177752,493.2997134401056,614.5406899285775,42848900,11846600,59024600
2025-07-09,210.30567932128906,499.5200500488281,617.2210083007812,210.49493096772343,502.76412671878114,617.8737488887257,206.40117103180637,495.77990524850594,614.1055045789822,208.7020406311003,496.3354652236218,615.945166968477,48749400,18659500,66113300
2025-07-10,211.57064819335938,497.5061340332031,618.9617309570312,212.6364120977978,500.4426696344743,620.0002120765442,209.2000480941239,493.8056807647675,616.1825277796053,209.678147079363,499.06366987607214,617.3594891460615,44443600,16492100,57529000
2025-07-11,210.32559204101562,499.3315734863281,616.7857666015625,211.29176024279,501.0280145407016,618.0121678287132,209.03072603053,493.85529597280816,614.7187046395575,209.73792710960444,494.5200000462786,615.9154056597896,39765800,16459500,63670200
2025-07-14,207.79562377929688,499.033935546875,617.9627075195312,210.07658325197187,499.9764196247383,618.3088477245484,206.71988962428105,497.0597144820079,614.985684437804,209.10044482334126,497.5458219138798,616.3307657158283,38840100,12058800,51898500
2025-07-15,208.28370666503906,501.811767578125,615.322021484375,211.05272033528996,504.2720960834484,620.9793073894895,208.09445501444372,498.80577924001653,615.2428812967698,208.39327261019983,499.03393728805895,620.6430672331502,42296300,14927200,74317300
2025-07-16,209.32955932617188,501.61334228515625,617.3792114257812,211.5606982702429,502.70463167926073,617.8836320494379,207.81556132948495,497.9129190668174,611.276844692317,209.46900551017632,501.1768265275145,616.9044910111767,47490500,15154400,88987500
2025-07-17,209.19009399414062,507.6451721191406,621.1573486328125,210.96305897069354,509.3019216630888,621.5134493059918,208.761785269157,501.61333461976557,617.3396644874989,209.7379236663323,501.67285674255714,617.557284919235,48068100,17503100,68885700
2025-07-18,210.3455047607422,506.00823974609375,620.7024536132812,210.95309492429405,510.56189422136015,622.5716954836944,208.87135730762196,503.40900604524023,619.5947323692288,210.0367321724359,510.4031281876361,622.4035753929759,48974600,21209700,65621600
2025-07-21,211.64036560058594,506.0181579589844,621.87939453125,214.92732845073886,508.03210080948105,624.6189973413707,210.7937335563828,501.54388660874696,621.4541141003111,211.2618775331451,502.69469811942383,621.87939453125,51377400,14066800,63375000
2025-07-22,213.55279541015625,501.2660827636719,621.9684448242188,214.1006251327807,507.1491147296819,622.828905853138,211.39137195770533,501.2660827636719,619.3277216791315,212.29777975345726,506.92092641726225,622.2058050575365,46404100,13868600,60046300
2025-07-23,213.30377197265625,501.861328125,627.2598266601562,214.29982043425818,502.77405108780124,627.2598266601562,211.57065737650467,496.7323137246232,622.8288811376781,214.15041924441525,502.7343595827018,624.6289433239532,46989300,16396600,70511000
2025-07-24,212.91531372070312,506.8316650390625,627.4674682617188,214.83769515517375,509.59953458867506,629.1785504969665,212.68622683006964,503.28001689239056,627.0421878119985,213.05475989741393,504.73836945889843,627.6454884244192,46022600,16107000,71307100
2025-07-25,213.0348358154297,509.63922119140625,630.1181030273438,214.38946224202752,514.1828842249572,630.5928838363332,212.55672164240056,506.3157313206406,627.8829206987424,213.85158759699283,508.4089964805577,628.1301809903662,40268800,19125700,56865400
2025-07-28,213.2041778564453,508.4388122558594,629.9598388671875,214.00101967144602,510.91900158393673,631.0477599275997,212.2180844005514,506.07766717141,628.5751571845921,213.18425263148458,510.0063088656235,630.4938993278172,37858000,14308000,54917100
2025-07-29,210.43516540527344,508.50823974609375,628.2982788085938,213.96117031669576,513.5182098314434,631.6708825055948,209.9869466315705,507.50623361872493,627.3883778702398,213.33365491441555,511.4448055642593,631.3543820995848,51411700,16469200,60556300
2025-07-30,208.22393798828125,509.1729431152344,627.5070190429688,211.5507362671114,511.86149016920456,630.6917023127537,206.89919168476044,505.4030674134904,624.6189756546709,211.06266703997414,511.08764202727673,628.9509803708415,45512500,26380400,80418900
2025-07-31,206.74978637695312,529.2723999023438,625.1531372070312,209.01080544085684,551.0484742016899,632.8379457731452,206.3414028602417,527.6851029610986,623.8574957354674,207.66614913739534,550.8301860551579,632.4522656090571,80698400,51617300,103385200
2025-08-01,201.58030700683594,519.956787109375,614.9066162109375,212.7360475386617,531.5541546097426,619.476041722763,200.7037794341265,516.7325410439772,612.5032535330552,210.03674932642843,530.7605061500977,619.4364414435403,104434500,28977600,140103600
2025-08-04,202.5464630126953,531.3955078125,624.2530517578125,207.0585613783641,533.9848111754816,624.3024917393647,200.88304868853191,523.9450087012631,618.7243458354196,203.70186769022786,524.0839138486996,618.813325728958,75109300,25349000,73218000
2025-08-05,202.11814880371094,523.5679321289062,621.088134765625,204.52858421879685,533.0422426180032,625.6773001361546,201.36115745633876,523.0619638515897,620.1683337507773,202.59624780213056,532.9231983823397,624.866279158634,44155100,19171600,68051400
2025-08-06,212.40733337402344,520.7802734375,625.845458984375,214.52892145014,527.486715540996,626.4981995520814,204.77759854868273,519.8775111011839,621.2463937026511,204.81744899810374,526.6930670104376,622.1562946160922,108483100,21355700,64357500
2025-08-07,219.16053771972656,516.7127685546875,625.3212280273438,219.97730473834642,523.9053178574718,629.9993730574174,215.7241736307253,513.4488005319126,622.2156245224251,218.01508808955717,522.6255013664995,629.2674923107387,90224800,16079100,74205800
2025-08-08,228.4437255859375,517.9031372070312,630.1972045898438,230.08719950298993,520.5023704990598,630.6620853000642,218.38362983130105,515.2939734705193,626.7949007710238,219.95738825778145,518.4586971346826,627.1114011688534,113854000,15531000,64051600
2025-08-11,226.53909301757812,517.6353149414062,628.9510498046875,228.91238364576833,523.4092023083725,631.947873553624,224.12592192869855,515.6015114818953,627.70484826023,227.27701087414155,518.161083532538,630.4742118551501,61806100,20194400,58742300
2025-08-12,229.0021209716797,525.046142578125,635.6469116210938,230.14888579943394,526.7723446368122,635.8051316570012,226.429412881848,518.5579891899393,629.8115442075018,227.36674823663387,519.5996565820958,631.2951060550639,55626200,18667000,64730800
2025-08-13,232.6717529296875,516.454833984375,637.8228149414062,234.33703985510917,528.4787877679453,639.1085564704525,229.77992501054072,515.2544004746543,635.6370120856271,230.4181341091737,527.8934364066101,637.8425547169825,69878500,19619200,60092800
2025-08-14,232.12330627441406,518.3397216796875,637.882080078125,234.4567012802976,521.7822560401938,638.5447207235369,230.19875827485632,516.0182983192124,635.300697252298,233.39969406647393,518.4191046945965,635.7457174616427,51916300,20269100,59327500
2025-08-15,230.93667602539062,516.0480346679688,636.3886108398438,233.61908991261305,521.9310366989816,639.0095939138803,228.6930233233153,514.9667059909838,635.4787099260534,233.33988101583648,518.6274679925785,638.9106535836406,56038700,25213300,68592500
2025-08-18,230.23863220214844,513.0023803710938,636.2501220703125,232.46233685580373,518.6770855269226,636.942462907598,229.46083388892833,509.94683045407294,635.1424008771667,231.04634466466607,517.4568516493948,635.814941575414,37476200,23760600,43804900
2025-08-19,229.90957641601562,505.73040771484375,632.7984008789062,232.21305735738468,511.0776798784135,637.0512656505922,228.70299840660482,504.5200741760794,631.4829592777961,230.6275464777077,510.9189744125155,636.0721245937336,39402600,21481000,69750700
2025-08-20,225.3723907470703,501.71258544921875,631.1170043945312,229.81981519856654,506.9507445735079,632.6500060324975,225.13307755654054,500.4427296092623,626.013578858981,229.33119207499826,505.82969405156365,632.3929060531275,42263900,27723000,88890300
2025-08-21,224.26551818847656,501.06658935546875,628.5850830078125,225.88095827873425,504.435269171935,630.9785456585483,223.14868274098328,499.5561662916726,626.864161086776,225.63166356522294,500.5200628741361,629.3071240874224,30621200,18443300,54805800
2025-08-22,227.11746215820312,504.037841796875,638.2381591796875,228.44371192910324,507.5158151187978,639.4151205943501,224.77410085849388,499.2481684011306,630.2664897119097,225.53195134940427,501.0765850227361,630.7709103705197,42477800,24324200,84083200
2025-08-25,226.5191650390625,501.0865173339844,635.42919921875,228.65312729963858,504.9917771303553,638.2183023325629,225.59178073979155,500.9473838488724,635.3105191174199,225.84107546750252,503.44159720621536,636.9820009718095,30983100,21638600,51274300
2025-08-26,228.6630859375,498.8804931640625,638.0897827148438,228.84258604761433,501.801993130018,638.4359833484747,224.05612439304167,495.3727099158942,634.5391586749303,226.22996704217394,501.1858695359189,635.1622594491828,54575100,30835700,51581600
2025-08-27,229.8397674560547,503.5509033203125,639.543701171875,230.24859923631865,504.09746017877256,640.2755819843173,227.6160475796746,496.75395340313815,637.3578984386413,227.96506627689797,498.8407434548062,637.5062787617181,31259500,17277900,48341100
2025-08-28,231.90391540527344,506.43267822265625,641.8085327148438,232.7515235304584,507.8735346885091,642.3623933153343,228.692998228932,502.3187180821136,638.267809046051,230.16883391080088,503.8987080370186,640.146950913372,38074700,18015600,61519500
2025-08-29,231.485107421875,503.501220703125,637.98095703125,232.7216147258446,506.39291066950057,640.7404203673219,230.71727541448905,501.3150539612025,636.0919150690585,231.85405874294378,505.4588240002719,640.374419619015,39418400,20961600,74522200
2025-09-02,229.07192993164062,501.9410705566406,633.2533569335938,230.19874691737337,502.81553721257154,633.4709169972102,226.3296880547272,493.68337117589067,627.9619508913343,228.60325464814514,497.32034095368414,630.5136938017484,44075600,18128000,81983500
2025-09-03,237.7972412109375,502.1696472167969,636.6853637695312,238.1761740423919,504.5942937991858,637.1502445176759,233.69883553511272,499.1587173668126,633.4413400681225,236.54080133953738,500.6194673133705,635.6270824559713,66427800,16345100,70820900
2025-09-04,239.10354614257812,504.7731628417969,642.0062866210938,239.2232027368954,504.95202275876863,642.0359868267901,236.0721290991865,499.983489561643,636.4577811203425,237.77729643117493,501.1262461318779,637.3577818657208,47549400,15509500,65219200
2025-09-05,239.01380920410156,491.8847961425781,640.1469116210938,240.63921565449175,508.7479993566889,645.062476969223,237.8171975861315,489.27134277765646,636.2797877246134,239.3229322237051,505.86625611105876,644.3404359625918,54870400,31994800,85178900
2025-09-08,237.20892333984375,495.06463623046875,641.7195434570312,239.47250850410185,498.04575600626316,642.718484610511,235.6732593017711,491.91457299081776,640.1370415028089,238.62491556233425,494.97517595073856,641.5118230975241,48999500,16771000,63133100
2025-09-09,233.6888885498047,495.2733154296875,643.2031860351562,238.10638391026913,499.0891451753406,643.7273464852004,232.70167593051625,494.5677922273047,640.1272219983028,236.33140663047269,498.27429847652155,641.8580441132016,66313900,14410500,66133900
2025-09-10,226.1501922607422,497.2209777832031,645.0625,231.76431424305812,500.06299449245154,647.3768223058731,225.31256565050364,493.5939546766565,643.4997982019892,231.53496736029473,499.81456783685906,646.4570213518696,83440800,21611800,78034500
2025-09-11,229.3810577392578,497.8569641113281,650.4231567382812,229.7998710451417,500.00337405269875,651.1154976382888,226.010588238333,494.7466575341409,646.4274520986086,226.23995033725743,499.08915061774627,647.0109525903231,50208600,18881600,69934400
2025-09-12,233.40966796875,506.6910095214844,650.2055053710938,233.84841389514688,509.32432605160386,651.8868873722256,228.3739115767776,500.67909648146514,649.7011451004063,228.5733443098202,503.4614629424367,650.3934256012134,55824200,23624900,72780100
2025-09-15,236.03224182128906,512.1166381835938,653.6671752929688,237.5180438551372,512.2259313574772,653.795755474802,234.36695488957946,503.80926524972944,652.1144337731963,236.33139853346725,505.58800862213144,652.4111340519337,42699500,17143800,63772400
2025-09-16,237.4781494140625,505.83642578125,652.76708984375,240.53949594661788,513.9748550906477,654.5276118800496,235.65332541334,505.3991924428879,651.9857691498868,236.51088466190768,513.6270820344445,654.2209512044083,63421100,19711900,61169000
2025-09-17,238.3157958984375,506.81024169921875,651.9561767578125,239.42266510979977,508.07226852063866,654.4683196962441,237.05934071942244,502.74598524416496,647.1296508296768,238.2958480596019,507.4064717390096,652.7770978636573,46508000,15816600,101952200
2025-09-18,237.20892333984375,505.2501525878906,655.0023803710938,240.51954939992544,509.84107240669834,657.603563340362,235.98238232851827,504.4651158521554,653.0341982051615,239.29302360434258,508.270998935228,654.6364399867887,44249600,18913700,90459200
2025-09-19,244.80740356445312,514.6704711914062,658.2465209960938,245.60514967420656,516.0318444319288,659.0895125014193,239.53233423145286,507.09843147001845,654.9438659954435,240.54944568604057,507.34685812925306,656.8877828567474,163741300,52474100,97945600
2025-09-22,255.35755920410156,511.21240234375,661.3607177734375,255.9160073848096,514.48167541423,661.8069717744121,247.42002368458668,509.3143886623668,656.7290467709187,247.5995237986898,512.3452424901319,656.7588293222589,105517400,20009300,69452200
2025-09-23,253.7122344970703,506.0252685546875,657.7606201171875,256.6140289111009,511.35155218118825,661.8566899635472,252.86464151383097,504.1173383670773,656.540685502851,255.15815615601056,510.5664850795932,661.2417286303936,60275200,19799600,81708900
2025-09-24,251.59820556640625,506.9394226074219,655.6678466796875,255.01853710208397,509.2547456727144,659.1490153831234,250.33178410429736,503.72976965544393,654.2496039734066,254.49999981420794,507.16798604562155,659.0498612769777,42303700,13533700,68082200
2025-09-25,256.1453552246094,503.8390808105469,652.6429443359375,256.44452717224715,506.8003375404676,653.9917550046746,250.99992334214926,501.8616142840625,649.0328388399253,252.4956917858775,505.10107733704126,652.5338627083877,55202100,15786500,89622100
2025-09-26,254.73931884765625,508.24114990234375,656.3819580078125,256.87328100426123,510.7055530942258,656.9274266555326,253.06405044687503,503.4316137794998,652.4743298182361,253.38315498635407,506.8499667801191,654.0909412604747,46076300,16213100,69179200
2025-09-29,253.7122344970703,511.36138916015625,658.2266845703125,254.28063380560434,513.5972289973041,659.8135740530697,252.29624220529692,505.67741655332713,656.4216318338509,253.8418726304012,508.28092297827857,658.9010899003678,40127700,17617800,73499000
2025-09-30,253.9116668701172,514.6903686523438,660.7061157226562,255.1980209495745,514.8990082310244,661.1722852976668,252.39595068950493,506.45253207823936,656.173659297658,254.1410137555297,510.0099885223437,657.4828203674869,37704300,19728200,86288000
2025-10-01,254.72933959960938,516.4392700195312,662.95751953125,258.0599285933123,517.2342231556227,663.8699431635192,254.21080232618834,508.4697238165545,657.611793334362,254.32049261064776,511.56013673304216,657.7208749627936,48713900,22632300,72545400
2025-10-02,256.40460205078125,512.4942016601562,663.7210693359375,257.45162766856953,518.3173074331339,665.0600128657511,253.43299812845933,507.46604898963056,661.3011766397112,255.85613542550084,514.3822683481345,664.9410037342527,42630200,21222900,56896000
2025-10-03,257.2920837402344,514.0940551757812,663.7113037109375,258.5086431914624,517.2143082734997,667.1527626006609,253.23357360959045,511.75886906280147,662.6698828508305,253.9515436206674,513.8456285403139,664.4848631838105,49155600,15112300,70494400
2025-10-06,255.96585083007812,525.2435302734375,666.0914916992188,258.3391414491699,527.6880704621805,666.9841207809839,254.33047806472084,514.9387971845453,663.9591941673339,257.2621712100349,515.3461902238155,666.1014192164715,44664100,21388600,54623300
2025-10-07,255.7564697265625,520.682373046875,663.6219482421875,256.67385732493904,526.4657528279373,667.4601442579947,254.7094135633123,518.1583800775612,662.1838505424819,256.08552539236376,524.9652461341774,667.0138297258598,31955800,14615200,72020100
2025-10-08,257.33197021484375,521.546875,667.5791625976562,257.7906639625656,523.6336952116123,667.6783772359653,255.3874592951906,519.7980023635643,663.919480237528,255.7963062732735,519.9868090400763,664.7426772273783,36496900,13363400,60702200
2025-10-09,253.32330322265625,519.1123657226562,665.6452026367188,257.27213808351553,521.0302122328587,668.4023890582872,252.42584836214985,514.1438325922749,663.7112737749407,257.08267167133846,519.0527457511332,667.9957845708525,38322000,18343600,66501900
2025-10-10,244.57806396484375,507.74432373046875,647.6542358398438,255.6567217403356,520.2849266906686,668.4122493878771,243.3116425485481,506.42270727517143,647.4757221413303,254.2207817432353,516.3697201998212,666.6071968358344,61999100,24133800,159422600
2025-10-13,246.96131896972656,510.8149108886719,657.5919189453125,248.98559082884384,513.1600441163425,659.664772492732,244.86723728717817,508.45983088995337,654.3488290056752,248.6764678182016,513.1600441163425,655.2216030747315,38142900,14284200,79560500
2025-10-14,247.07101440429688,510.3378601074219,656.78857421875,248.14796941642882,512.0371200755203,660.3590300864076,244.00966795095763,502.8154945413961,647.8030207789583,245.90431694508948,507.0188839999062,651.7701536094826,35478000,14684300,88779600
2025-10-15,248.63658142089844,510.19879150390625,659.7044067382812,251.10959602979932,513.93513816427,664.7228272522149,246.77186176083558,506.7903850161382,653.5156893256119,248.78616738422895,511.71919177145384,661.3408732132422,33893600,14694700,81702600
2025-10-16,246.75192260742188,508.3902282714844,655.2116088867188,248.33743345063007,513.597241245564,663.2153058553965,244.43847540742667,504.93214864922606,651.7105854492366,247.54966879270205,509.3541552294708,661.340821247798,39777000,15559600,110563300
2025-10-17,251.57826232910156,510.3478698730469,658.9308471679688,252.66519891282977,512.235876086287,660.2895852935891,246.57243512001992,504.1173098719632,652.7322022395391,247.32031930793073,505.8364332653001,654.0810128478913,49147000,19867800,96500900
2025-10-20,261.5001525878906,513.53759765625,665.7840576171875,263.6341297765207,515.4356111738924,666.6866142382812,254.90881548292631,510.19875812962454,661.7872027532737,255.16807648712648,511.37132460679527,661.8367798071084,90483000,14665600,60493400
2025-10-21,262.0286865234375,514.4021606445312,665.7741088867188,264.5415968076956,515.4257076122852,667.4601523988813,261.0913359303388,509.81124074780416,664.4748753427003,261.141213133835,514.2431942660954,665.9229005771253,46695900,15586200,56249000
2025-10-22,257.72088623046875,517.2639770507812,662.3128051757812,262.1084670888602,521.9244631183706,666.4783066993808,254.70938662410154,514.4518312300626,657.8497808005621,261.9090191460537,517.870184130928,666.4783066993808,45015300,18962700,80564000
2025-10-23,258.84771728515625,517.283935546875,666.2402954101562,259.88479198943105,520.6526156742948,667.1825015615415,257.2821693476752,515.3461954332505,662.3128121266341,259.20671755765045,519.1720024577996,662.6301900162397,32754900,14023500,65604500
2025-10-24,262.07855224609375,520.314697265625,671.6851806640625,263.3848541030092,522.0437370421222,672.8951271271609,258.44880663072195,517.4329845218087,670.0983517375236,260.4531458541269,519.499850577073,670.9016937183009,38253700,15532400,74356500
2025-10-27,268.0516357421875,528.1749877929688,679.6095581054688,268.3607587413759,531.2157277722118,679.9070809796764,263.9033682058253,525.6807743511338,676.515199146416,264.13273028939324,528.4333612309177,677.1201724129126,44888200,18734700,63339800
2025-10-28,268.2410888671875,538.6585083007812,681.41455078125,269.12859257872884,550.2351530342114,683.2493254549719,267.39348082722177,537.3667019364588,679.2028936555786,268.23110734142335,546.5385938392855,681.4046232640447,41534800,29986700,61738100
2025-10-29,268.93914794921875,538.1417846679688,681.7418823242188,270.6443152614699,542.8321112501552,684.0328991417463,266.35642794866993,533.3521116884923,677.2590027977353,268.5203194424725,541.5104645203966,683.0609104229828,51086700,36023000,85657100
2025-10-30,270.63433837890625,522.451171875,674.2440185546875,273.36662916750566,531.6031704966998,680.3037996369978,267.72259312931254,518.8340654321457,674.2440185546875,271.2226702585742,527.1414377363435,678.2805836148408,69886500,41023100,76335800
2025-10-31,269.60723876953125,514.5512084960938,676.4556274414062,276.53764389728985,525.9887810857076,679.4508319897004,268.4006608909581,511.85824179468614,673.6587916341136,276.2085578376442,525.5515477587454,679.4111219213156,86167100,34006400,87164100
2025-11-03,268.2909851074219,513.776123046875,677.72509765625,270.08592548154905,521.6562086548496,680.1648453676048,265.4988962118729,511.3514766558802,674.3530108656404,269.6571458353552,516.5385956979154,680.0359087204932,50194600,22374700,57315000
2025-11-04,269.2781982421875,511.0931701660156,669.691650390625,270.72408938596277,512.3054631947169,674.3728983771498,266.86501191822913,504.64399323613884,669.0371001406891,267.5730004152706,508.53933673798264,670.5544968959969,49274800,20958700,78427000
2025-11-05,269.3778991699219,503.9682312011719,672.012451171875,270.93349568379296,511.58997398954807,675.2654684624238,266.17693326929896,503.39186440425516,668.6304366940664,267.8521863717013,510.0695738143288,669.4337786331213,43683100,23024300,74402400
2025-11-06,269.0089416503906,493.9715576171875,664.8021850585938,272.6287059365568,502.51744045426454,671.8140994484131,267.1342708755924,492.6896676102462,663.2252231578799,267.1342708755924,502.47768369906356,670.9115428502156,51204000,27406500,85035300
2025-11-07,267.7126159667969,493.6933288574219,665.4567260742188,271.5218466038475,496.2372153715257,665.5658682287408,266.0173996929098,490.1457889557352,655.7769731606511,269.03885049148494,493.8225155697467,662.4218719882706,48227400,24019800,100592400
2025-11-10,268.9303283691406,502.8155517578125,675.8406982421875,273.2223721938244,503.66020845333964,676.5746080726943,266.9639805623884,495.66085193460816,669.4833950163819,268.46119877683986,496.8930687697553,671.6751969912248,41312400,26101500,75842900
2025-11-11,274.73956298828125,505.4786682128906,677.387939453125,275.3983427074405,506.39289163210333,677.9532631527235,269.2996575494418,499.18851875070465,673.1530057317516,269.3096487524697,501.6230817360039,674.3630127379913,46208300,17980000,58953400
2025-11-12,272.962890625,507.9232177734375,677.7648315429688,275.2187095291286,508.4498810705414,679.3318660026857,271.19618380015726,495.9788447581273,675.3548055474994,274.49005224267427,506.1543908722183,679.1632192686196,48398000,26574900,62312500
2025-11-13,272.4438171386719,500.1225891113281,666.5180053710938,276.1868626363035,510.26832472026865,675.265541055433,271.58539619817094,498.1351759673349,665.0105359672095,273.6016390736082,507.098398329558,674.9085136071693,49602800,25273100,103457800
2025-11-14,271.90484619140625,506.9692687988281,666.4088134765625,275.4482508823214,508.3803456334317,670.1081450818862,269.10005949599775,494.30945534799014,657.8199984349773,270.5473523374902,495.0944921195485,659.9126462553079,47431300,28505700,96846700
2025-11-17,266.9639892578125,504.2961730957031,660.2003173828125,269.98836893107386,508.8970396915909,668.1742931923078,265.237217022597,501.73242330739504,656.7290761218832,268.3214829895084,505.2501533046029,664.1972328051172,45018300,19092800,90456100
2025-11-18,266.94403076171875,490.6824035644531,654.65625,270.20795552947055,499.8145698875434,659.6548153709225,264.8279672087311,483.71651040889276,650.4708935566339,269.48928956232544,492.2524466910109,656.6596108350068,45677300,33815100,114467500
2025-11-19,268.0619812011719,484.05438232421875,657.185302734375,271.70520656667077,492.0736023312663,661.856623370592,265.0076580872151,479.79137227085766,653.3371790986623,265.0376012369211,487.0156390818261,655.3505280387882,40424500,23245300,94703000
2025-11-20,265.7562561035156,476.3088684082031,647.1683349609375,274.91922505965954,491.3817596467919,670.0090710879778,265.42688147061517,473.39186588492817,646.5335791707308,270.327749378444,490.5255566668064,667.3808213360044,45823600,26802500,165293500
2025-11-21,270.98651123046875,470.0268249511719,653.6148681640625,272.8230952896135,476.796695003642,659.0894699034471,265.17732758833057,466.19388806310616,645.5020288545189,265.4568071090486,476.3785437287191,649.6675301260088,59030800,31769200,123956200
2025-11-24,275.4083557128906,471.8985290527344,663.2351684570312,276.48633959077114,474.7856658755464,664.5542570793402,270.397645153795,465.9450303435204,656.1538823239337,270.397645153795,472.8940955697233,657.2448196444445,65585800,34421000,80437900
2025-11-25,276.45635986328125,474.8752136230469,669.4735717773438,279.8600396675645,477.0256407210385,670.6537963067218,274.7395483878858,462.82888433135173,659.0201372218106,274.75950033189645,471.9681767111092,663.1360620641211,46914200,28019800,81077100
2025-11-26,277.0353088378906,483.3475036621094,674.09521484375,279.0116481613461,486.14504291080743,676.0986363282427,276.11703191175064,479.06658014921754,671.1595147067713,276.4464065684995,484.1539100429923,672.0620713400136,33431400,25709100,71879600
2025-11-28,278.3328857421875,489.82867431640625,677.7747192382812,278.4826014787427,490.44592067381114,678.0523870500939,275.4781737009374,484.49242217644115,674.9084513312986,276.7458380127342,485.4382224868377,675.2654787466182,20135600,14386700,49212000
2025-12-01,282.57501220703125,484.5820007324219,674.6803588867188,282.89442609469603,487.68816317334665,677.3779800628074,275.62792768573877,482.5012705124726,673.1629015749381,277.4944549964911,486.27447583839387,673.2323336611282,46587700,23964000,61201200
2025-12-02,285.6592712402344,487.82757568359375,675.9299926757812,286.86701880065203,491.312058367048,678.2011542749951,282.10587559562896,484.16389832530854,673.748057660358,282.47518456741903,484.56211884124775,676.316742094939,53669500,19562700,62953800
2025-12-03,283.623046875,475.6119689941406,678.2706298828125,288.0847586222564,482.09308589504883,679.2822075879724,282.77461708045536,473.0931871020635,674.105128319461,285.6692634925469,474.2082166599713,674.9779023816353,43538700,34615100,57238500
2025-12-04,280.179443359375,478.7081604003906,678.7664794921875,284.20196835267484,479.186043226252,679.7384076011712,278.07334059490756,474.3774403367437,675.7415530139849,283.5731318378766,477.6329620200481,679.6689755171525,43989100,22318200,61970300
2025-12-05,278.26300048828125,481.01788330078125,680.0557861328125,280.6186397013617,481.2568095233099,682.7336127271673,277.53434330937836,476.7568601661199,678.9549213715281,280.01974631085085,480.3807061976695,679.8375623637357,47265800,22608700,79241000
2025-12-08,277.3746643066406,488.8430480957031,678.0126953125,279.15136205700173,490.11737199051475,680.997972172105,275.6378704438954,482.2325023858298,675.9696245182643,277.6142094762677,482.74025101921535,680.9483951231146,38211800,21965900,55231500
2025-12-09,276.6659851074219,489.8385925292969,677.4276123046875,279.5107061083118,489.93815525049575,679.7583392727543,276.4064879695729,486.33420957194573,676.9813582671167,277.6441787437343,486.93155551686203,677.5367544682442,32193300,14696100,58310100
2025-12-10,278.26300048828125,476.4382629394531,681.92041015625,279.2312028389952,482.10303829287767,683.3088703732143,275.92734368017386,472.973680864489,675.711837383319,277.23491184461454,481.88401246545567,676.9515664343469,33038300,35756200,85671300
2025-12-11,277.514404296875,481.3265075683594,683.5072021484375,279.07150890817053,483.8751552220924,683.5865617528303,273.3022288840155,473.750231167373,676.5647198382891,278.5824273392719,474.51683677020293,679.51034738166,33248000,24669200,86173700
2025-12-12,277.763916015625,476.4084167480469,676.1581420898438,278.70217518025987,480.31105063829824,683.2196338188487,276.30663218031253,474.22812377070755,673.5893968987631,277.38461586894516,477.69270598810584,682.5154459360199,39532900,21248100,113160300
2025-12-15,273.6016540527344,472.7148742675781,675.1365966796875,279.63046152672615,478.588710310573,680.1252955149479,272.33402020742307,470.42505317808707,673.6687768311533,279.63046152672615,477.97146396596463,680.1054404790556,50409100,23727700,90811000
2025-12-16,274.1007385253906,474.2779235839844,673.2918701171875,274.9891026980292,475.7712732838117,675.4837328267965,271.2859911871425,468.79234263095657,669.4338188610296,272.3140798989353,469.8177748762136,673.6488975485244,37648600,20705600,122030600
2025-12-17,271.33587646484375,474.00909423828125,665.8832397460938,275.6478724530811,477.8718969329872,674.8489377460819,271.13626563598973,472.8940646732686,665.6848710067972,274.50001118897205,474.79560024235434,674.3034691132465,50138700,24527200,110625200
2025-12-18,271.68524169921875,481.8342590332031,670.9115600585938,273.12257373871984,487.4293375934554,675.1464937426624,266.4549687260805,475.7712630284666,669.3545136860721,273.1025913325419,476.06992080908344,672.0322799303326,51630700,28573500,108650100
2025-12-19,273.1625061035156,483.7656555175781,676.9923095703125,274.09077415448866,485.68709144559693,677.4896664833268,269.399477884542,480.35083955461556,672.8940327515619,271.6453053723066,485.1992432324443,673.0134542661981,144632000,70836100,103599500
2025-12-22,270.4674987792969,482.7701110839844,681.2098999023438,273.37210596231955,486.5632169440421,681.7370666700199,270.00836035897595,480.5499868948874,676.9923229108747,272.3539780142796,483.9647726311972,680.3245900087294,36571800,16963000,69556700
2025-12-23,271.85491943359375,484.6915588378906,684.3233032226562,271.99467443806464,485.66719456773416,684.562024812114,269.06012395403746,482.5908977144131,680.2548972126992,270.3377490962612,482.829854335465,680.3046207584179,29642000,14683600,64840000
2025-12-24,273.3022155761719,485.8563232421875,686.7305297851562,274.9192064044749,486.99128356758627,687.1781631452748,271.69521595033444,482.680463867149,684.164151137988,271.8349404799371,483.5267014178325,684.313382495532,17910600,5855900,39445600
2025-12-26,272.89300537109375,485.5477294921875,686.660888671875,274.8593534534055,485.95591540329985,688.0037280321676,272.35399820928086,483.8054881161676,685.6264081645946,273.65160578690546,484.5521629916047,686.989161229118,21521800,8842200,41613300
2025-12-29,273.2523498535156,484.9404296875,684.2138671875,273.8512128461511,486.1848877649252,685.5567672531378,271.8449608988494,482.0333622504328,682.4433081832867,272.1843267483383,482.71034015280554,683.9055083361335,23715200,10893400,62559500
2025-12-30,272.57354736328125,485.3187561035156,683.3783569335938,273.57169281796894,487.5089841188462,684.9201512250444,271.77504318392386,483.3475235456682,682.9506372729019,272.30405905646904,483.77560983811236,683.8160334465714,22139600,13944500,47160700
2025-12-31,271.3558349609375,481.4758605957031,678.3152465820312,273.17246717497864,485.97584057107747,683.726492314561,271.24605357156486,481.15727202744546,678.1063955310838,272.553621806917,485.6771523949816,683.5076844111845,27293600,15601600,74144800
2026-01-02,270.5074462890625,470.84320068359375,679.55859375,277.32476727085935,482.5112407273309,683.2390468658663,268.5011639041959,468.07552715971417,676.2263268834449,271.7551282774649,482.24244872265706,682.0852055985325,37838100,25571600,89377200
2026-01-05,266.764404296875,470.75360107421875,684.0845336914062,271.00652312062255,473.95932625248497,685.7855161168121,265.64648609237463,467.41844739653146,682.7516512212146,270.1381413175191,471.95822796941724,682.910778712987,45647200,25250300,71927200
2026-01-06,261.87347412109375,476.3885192871094,688.1529541015625,267.05385240251036,476.617480129593,688.6602678554459,261.63392891626114,467.6673473241013,684.1442890432024,266.5048844877732,471.69937935780575,684.2934596862484,52352100,23037700,69273800
2026-01-07,259.84722900390625,481.3265075683594,685.9347534179688,263.1910228349833,487.5288974221053,690.2916046822218,259.3282042611396,475.83099176167434,685.6761181181482,262.7119324450406,477.63296458601815,688.5309418430683,48309800,25564200,75588300
2026-01-08,258.55963134765625,475.9902648925781,685.8651123046875,258.80916773471864,480.5201105081445,686.9692300361542,255.22581364132833,473.7502403609407,683.8557710289468,256.5433578451618,479.10639276886474,685.1787573638412,50419300,18162600,64019200
2026-01-09,258.8890075683594,477.15509033203125,690.4010009765625,259.7274461787287,477.6927047258898,691.6344363504869,255.74485516422806,470.106493184136,685.5368360184962,258.5995368285105,471.9582322108041,686.9791831428475,39997000,18491000,80125500
2026-01-12,259.7673645019531,475.06439208984375,691.4852294921875,260.81540508500296,478.85749783991434,692.410366767912,256.32375036738995,473.57104241242143,686.979207477028,258.679389570116,474.5566738594685,687.0289310253164,45263800,23519900,63976000
2026-01-13,260.5658874511719,468.5832824707031,690.1026000976562,261.3244878277737,473.6706125344443,692.4103433578374,257.9108470550362,463.88420753037366,687.6953490317495,258.24022168851656,472.57548334410274,691.813478661017,45730800,28545800,78309700
2026-01-14,259.4779052734375,457.3433532714844,686.7106323242188,261.33447181199796,466.12425727832346,688.0634285762314,256.23393227813756,455.14315976714454,682.4134612479594,259.0087756526009,464.3919508718589,687.3472637531122,40019400,28184300,94676700
2026-01-15,257.7311706542969,454.6354064941406,688.5806884765625,260.55593980217856,462.191752665677,691.7737417111902,256.57331808587395,453.8787662235596,687.5959315038539,260.16664839115424,462.06232415810086,690.8983886882239,39388600,23225800,77862000
2026-01-16,255.05612182617188,457.8211975097656,688.0037231445312,258.41986733264514,461.13645097900303,690.5800586110835,254.4572284259222,454.4562082505655,686.4519720383781,257.4217218192236,455.8001987238622,689.9931507530615,72142800,34246700,79289200
2026-01-20,246.2425079345703,452.5048522949219,673.9981689453125,254.31750190322293,454.77474258752966,681.1501633341576,242.9685916985444,447.28809381488645,672.9934983300664,252.26132447540706,449.2194951600843,677.8874730475171,80267500,26130000,111623300
2026-01-21,247.1907501220703,442.1409912109375,681.77685546875,251.09350304772093,450.6829681667298,685.0991655259935,244.72532928784554,436.73507280530305,674.5452667925615,248.23880604127606,450.5933708341933,676.0572511802958,54641700,37980500,127844500
2026-01-22,247.8894500732422,449.1398620605469,685.3379516601562,250.53452965267718,450.8323067932568,687.476610793547,247.68980878155546,442.7284117030413,683.2888434897402,248.737864640942,445.6354487179439,686.2033478813381,39708300,25349400,77112200
2026-01-23,247.58001708984375,463.8841857910156,685.5865478515625,248.94748685874615,469.01134678020316,687.3074439470811,244.22624741136653,448.5325382185013,683.5274830754288,246.86136630134166,449.8665935761158,684.5123006998919,41689000,38000200,63059600
2026-01-26,254.93637084960938,468.1949768066406,689.0680541992188,256.08423219515316,472.14737672642065,690.4606777697717,249.33677343540953,459.9516880286902,686.272910918868,251.01365072947274,463.2470104625561,686.8399050563427,55969200,29291200,60473800
2026-01-27,257.7910461425781,478.4493408203125,691.8134765625,261.4642450011371,480.72919663912324,692.8480177488461,257.73115984508394,471.06225431764057,689.9036431059924,258.6894015269614,471.59986874099184,690.5104039402848,49648300,29213900,55506100
2026-01-28,255.96444702148438,479.4946594238281,691.7438354492188,258.3799421919039,481.59528998521284,694.1510864943795,254.03801819206552,475.8807484603396,690.271678492269,257.1721946066941,481.0676409982362,693.3652237572153,41288000,36875400,61172200
2026-01-29,257.801025390625,431.57806396484375,690.3711547851562,259.16847988830324,440.5381621786467,693.375209936545,253.93820707645818,419.1533835040837,681.2098793986574,257.52154586161765,438.0392806211351,692.7087686795362,67253000,128855300,97486200
2026-01-30,258.99884033203125,428.3822937011719,688.3120727539062,261.4143357105436,437.65101486434605,690.5402826440542,251.71235892004358,424.55932220203715,683.487735152998,254.6968198516284,437.2229285851671,688.1330315570439,92443400,58566800,101835100
2026-02-02,269.50927734375,421.49298095703125,691.7339477539062,269.98836769074944,428.8303011436502,693.2459322689688,258.72928762151224,420.37795134689077,685.7756213682558,259.5477742456141,428.33251789753194,685.9348095869553,73913400,42219900,79286500
2026-02-03,268.98028564453125,409.3868713378906,685.885009765625,271.3758289780004,420.178808008447,693.2757257351432,267.11372779647115,406.7486263222299,680.4140840721383,268.70080609664296,420.1390072256922,692.529690413304,64394700,61424100,107904600
2026-02-04,275.97723388671875,412.35369873046875,682.5626831054688,278.432693698261,417.93881231579195,687.7948875474046,271.7850411492978,407.4256323109538,678.1561081391175,271.7850411492978,409.17783910585314,686.7006659106327,90545700,45012400,105204600
2026-02-05,275.3983459472656,391.9246520996094,674.0379638671875,278.98168486317746,406.4897635323938,680.0758839506523,272.72332314901723,390.5806313349955,672.2176206040476,277.6142303156022,405.6335909812077,677.3404209861714,52977400,66289200,113610800
2026-02-06,277.6042175292969,399.3615417480469,686.96923828125,280.3890519626743,400.0086538663787,688.6503070282812,276.4164219647768,391.17798428483076,677.2508650473027,276.6060720438839,397.4002746193236,677.8576866055596,50453400,53515300,89127600
2026-02-09,274.3672180175781,411.76629638671875,690.2816772460938,277.9439398399519,413.05058563481117,692.1915108078678,271.4499228389202,399.0927243377603,684.7013472083629,277.6541982366954,403.0550898097971,685.7755944360715,44623400,45480500,73885200
2026-02-10,273.4280700683594,411.437744140625,688.4613037109375,275.11651686144285,421.80159473973595,692.8579216647231,272.68876099546605,410.8702943432265,688.0037135108784,274.6369782150198,417.75959730190846,691.276360737094,34376900,44857900,65185700
2026-02-11,275.24639892578125,402.5771789550781,688.3021850585938,279.92208361183503,414.61357304478975,693.4547952732178,274.1973776592452,399.2320904458023,685.5368515439336,274.44714753122867,414.33481566901673,692.7087599208829,51931300,42491000,76353900
2026-02-12,261.4891052246094,400.05841064453125,677.668701171875,275.46621856633783,404.3990960787573,691.6742279947084,259.94051360693726,396.24540458526855,676.7734344520502,275.3363333447182,403.20440420967,690.5701102294341,81077200,40802400,118829000
2026-02-13,255.5445556640625,399.5407409667969,678.1461181640625,261.9886306947134,403.7420326637702,682.6522007204912,255.21485759663088,396.2852191820681,673.9384983110481,261.7688319830923,402.65686886295305,678.0864377658819,56290700,34091600,96267500
2026-02-17,263.6371154785156,395.1004943847656,679.2402954101562,266.0449008431299,398.7442713079252,681.31927396984,255.30478047881587,392.78083787972264,672.2077222570326,257.8124646511843,397.45004705087115,676.5446598627462,58469100,32078800,81354700
2026-02-18,264.106689453125,397.8283386230469,682.662109375,266.57441720150126,400.77520665339193,685.507036973797,262.20844437502524,394.56288205367116,679.2204384959671,263.35737977838915,396.3648548030424,680.4041503420104,34203300,23223400,73570300
2026-02-19,260.3401184082031,397.5988464355469,680.8616333007812,264.2365527856389,403.55594539020564,682.5526587813481,259.81060750150084,395.8127368785549,677.9471293624403,262.35827847824623,399.82403795970674,680.225062656192,30845300,28234000,58649400
2026-02-20,264.3364562988281,396.37152099609375,685.7855834960938,264.5063132392292,399.2552593187824,686.4122580979458,257.9223826043077,394.3059873534157,678.126274472082,258.73163460792017,395.2539159508346,678.7131823752115,42070500,34015200,100034000
2026-02-23,265.9349670410156,383.6390686035156,678.7827758789062,269.1819753311392,394.50551684604494,686.3525334522094,263.13755670993424,382.27203437696886,676.7734345413753,263.24744081710827,394.14630950985264,684.1940214696967,37308200,43238300,90558100
2026-02-24,271.8895263671875,388.1593017578125,683.7164916992188,274.6369951599546,388.5185091169527,684.7112054782021,267.46358073991865,380.88504821898124,676.4053697086953,267.61343657617186,383.30981969967445,678.295350173768,47014600,33884700,73798700
2026-02-25,273.97760009765625,399.7342224121094,689.4859008789062,274.6869380517792,400.60233728073825,690.0130676270821,270.8005039088116,389.31678308531696,686.4519751919497,271.5298429675081,389.68597856263057,686.53156929616,33714300,43625500,56369500
2026-02-26,272.6987609863281,400.851806640625,685.6561889648438,275.8558253670768,406.6093255926281,689.6350440416309,270.55071567552415,397.8782360341113,680.7323436648176,274.6969199809464,403.8353349281015,689.615191050754,32345100,34405900,71671000
2026-02-27,263.93682861328125,391.8912048339844,682.3637084960938,272.5588900215503,395.9624042352165,683.2291046432514,262.6480379442022,389.0374004516944,678.0367277603054,272.5588900215503,390.03523926255787,679.4790749097389,72366500,51367200,83308900
2026-03-02,264.476318359375,397.6886291503906,682.751708984375,266.2846497598317,400.32293811697235,684.9798583327654,259.960490133898,389.78576315389057,674.4359156260907,262.16844722421786,392.01092411942045,675.1123137702438,41827900,35474900,87477200
2026-03-03,263.5072326660156,403.0570068359375,676.7337036132812,265.31556422164516,405.82103971635513,679.0016196644848,259.8905695547566,391.82136299902305,666.1200629162043,263.23749216234586,392.2903484387299,671.4915420947397,38568900,38199200,105003100
2026-03-04,262.2783508300781,404.32427978515625,681.5082397460938,265.9050144519466,410.14166638677375,683.4579005621853,261.179387723623,399.44483360720756,676.0273572426378,264.4063951364299,400.4027502952161,678.026741603972,39803100,35808000,79182200
2026-03-05,260.0504150390625,409.79241943359375,677.70849609375,261.3192350446657,410.72040218284053,681.9062201445739,257.01320478174756,403.525993165685,672.0386149612469,260.54995479568396,403.54596943015656,678.474445192334,49658600,39001300,106606500
2026-03-06,257.2229919433594,408.0761413574219,668.82568359375,258.53178361058343,412.1572983375802,672.5359467168151,254.13584003818684,407.6271321747383,666.2195382406165,258.39192833924307,408.31564337314285,669.8502072585248,41120000,31123900,100687000
2026-03-09,259.6407775878906,408.5251770019531,674.6845703125,260.9095975388004,409.3234358422322,676.3258117079225,253.44647267699952,402.62794618065146,658.888509802078,255.45463216869055,404.044890641513,662.8673651303956,38218500,30131900,102667700
2026-03-10,260.58990478515625,404.8830871582031,673.6002807617188,262.2384104290217,409.31349393117443,679.7476047325034,256.71350175461305,402.05918625996463,671.1930903760745,257.4128391437035,409.1438479339772,674.1374043547928,30590800,31706400,81505300
2026-03-11,260.5699157714844,404.0049743652344,672.7548217773438,261.888707997661,408.1260534422115,676.4849986405864,259.3110658747261,400.7220762180728,669.7806371390539,260.8496568052655,404.6934855668013,673.9982140650914,26218900,25512100,68441700
2026-03-12,255.52456665039062,400.9914855957031,662.5390625,258.71164792954545,405.2422886286942,668.0995392824933,253.94601921584928,400.84181586601125,662.3500644519811,258.4219063383753,403.7555185610488,667.6120785283837,40794000,27263900,108882200
2026-03-13,249.8897705078125,394.69512939453125,658.7890014648438,256.0940459350445,403.9251383935716,668.7859240392634,249.29033192864068,393.3979511212616,657.863924887251,255.24483747003174,400.13336309353434,665.7321452917186,36930000,26848000,97200200
2026-03-16,252.58729553222656,399.08563232421875,665.493408203125,253.6563027081548,399.7641553863696,668.5173163233716,249.6499992581203,393.9367805641587,663.5934708305671,251.87794235419486,397.209690545171,664.8468199428278,32074200,27733700,82023100
2026-03-17,253.99598693847656,398.5467834472656,667.2440185546875,254.89516767044782,403.5259891234105,670.8747480492216,251.94787083452104,396.8903674487218,666.1598145596139,252.72716690012706,399.4049101655112,668.8355969918504,32361600,26228300,87128000
2026-03-18,249.70994567871094,390.9432678222656,657.9335327148438,254.70534343896443,397.13983817793417,666.1796881508768,248.7708084606242,390.1549666521916,657.6948111200146,252.3974721128864,396.271723303423,664.8268919718373,35757900,25908500,82062600
2026-03-19,248.73085021972656,388.1792297363281,656.3121948242188,251.5982036354298,391.6417315076428,659.4753776238247,247.0723745163624,386.2234742615233,651.7066647804095,249.17043241392184,389.2569126674818,653.4971375917409,34864100,25138800,111272500
2026-03-20,247.76173400878906,381.0447082519531,646.9034423828125,248.97061168291066,386.16362631018524,655.0025723674255,245.77356028907465,379.29849030352204,643.063298812559,247.7517334570195,385.95408868282834,654.8230422006715,88331100,50853200,163617500
2026-03-23,251.25851440429688,382.1722717285156,653.6959228515625,254.3656523266213,386.3731646745857,660.9173090129275,250.0496214753341,380.85511716508233,652.2596206790361,253.73622734962268,383.07032058481127,656.3790129905765,40546100,29680100,134802700
2026-03-24,251.4083709716797,371.9344177246094,651.5015869140625,254.5954370944537,381.6434000325674,655.3417305137531,249.32029842391177,371.04635704379217,648.2100787416998,250.1195650925759,381.53362193174286,649.6463809650626,45152300,42733600,96457500
2026-03-25,252.38746643066406,370.2381286621094,655.1322021484375,254.76528059453105,376.2451074667104,659.1917509309695,251.3684162845015,368.831172255135,652.5588148295345,253.86611511385965,376.10542586510894,656.9774239230809,28476700,31181200,90653800
2026-03-26,252.6572265625,365.1790771484375,643.432373046875,256.76344411909713,373.9101668945663,653.1672421520028,250.53918279672283,364.4007640805619,643.1630473705688,251.88793104116345,370.01860155518807,650.3844333840033,41796700,36836600,96494400
2026-03-27,248.57098388671875,355.9989318847656,632.4606323242188,255.2548282141602,361.6666793192034,641.0085567819559,247.8416601166152,355.73951450811694,631.4831091918358,253.666280215245,361.11784971721505,640.8489947137006,47900000,37883400,103649400
2026-03-30,246.40298461914062,358.1842041015625,630.3460693359375,250.63907198816298,364.5703662773937,638.7245091624994,245.28400520065438,355.51000344849933,627.6630399662237,249.83982057534305,361.1178525849577,638.4651675144013,39446200,44797000,99275900
2026-03-31,253.55638122558594,369.3699951171875,648.6688842773438,255.24482803058763,372.09407550142714,649.865752001465,246.87255213324852,362.28533367877645,636.3405988140365,247.6818040942864,363.7621155862403,637.2981538716512,49598100,45244400,152534100
2026-04-01,255.3946990966797,368.57171630859375,653.5562744140625,255.94418062939917,373.1817267376728,656.8278752918841,253.096813183035,367.4042619540212,651.3220400966815,253.8461228128272,372.682807332766,652.219751792706,40059400,29417200,97841500
2026-04-02,255.68443298339844,372.6528625488281,654.144775390625,255.89424639361263,372.83249667260446,656.5086804928782,250.4192795609811,363.3629859357669,643.4522901873171,253.96601496217014,366.41637016886637,644.7589215344626,31289400,24099100,68358700
2026-04-06,258.6217041015625,372.0741271972656,657.23681640625,261.9186847371787,372.92229624611906,658.0247645183308,256.2239194053331,368.70142726638517,653.8356054757206,256.27389167390277,372.682794233078,654.1746977251443,29329900,16146600,39105800
2026-04-07,253.26666259765625,371.48541259765625,657.5260009765625,255.96418954301222,371.64507045865594,657.9150134208243,245.47383916108728,365.7677853538718,649.386996170508,255.92421782448065,369.5396147715723,654.9626585699763,62148000,21443300,69980400
2026-04-08,258.66168212890625,373.52099609375,674.27294921875,259.51090582044134,384.167949815935,675.3402070755335,256.29386854025813,370.6073237610428,669.734652974974,258.2121146377317,384.148004001906,674.6519776493207,41032800,33064800,93606100
2026-04-09,260.2502136230469,372.26373291015625,678.162841796875,260.879638597066,372.6927962909368,679.4096297331154,255.8342992320816,366.2567237727329,672.0386657215836,258.7615948993736,371.6949574789129,673.1059235004034,28121600,30435300,57134400
2026-04-10,260.240234375,370.0684814453125,677.7140502929688,261.94865175168746,374.8281921461914,680.2774536083281,258.78155637925676,369.23030048358606,676.7066358948267,259.7406946341393,372.17393720824543,679.5692561407437,31291500,28111100,42253500
2026-04-13,258.96142578125,383.539306640625,684.3369750976562,259.9405042051452,383.70895264062807,684.536473353906,256.4237552437805,370.2181521550117,674.8414790590384,259.49093671136296,372.8025510733858,675.669302461078,36234700,35745800,54185800
2026-04-14,258.59173583984375,392.2604064941406,692.675537109375,261.68888841493145,393.83700889302276,692.7952238870419,256.9532612999924,385.684652281273,685.8929616905456,259.01136264890187,387.0816509997633,685.9229138241225,48370700,37504500,63480500
2026-04-15,266.18475341796875,410.3312683105469,698.1414184570312,266.3146386359468,413.47445440771634,698.480571570673,257.57269269729437,395.8725939925935,692.4161778504387,257.92237663273806,397.1398382929036,693.4734516118131,49913500,45063400,58240400
2026-04-16,263.15753173828125,419.35174560546875,699.8569946289062,266.91408037974617,419.9105328997013,700.9741726960574,261.0294875448873,411.2492993874727,696.7350934539525,266.55439590858066,418.95258572248235,699.2585607342904,43323100,41642400,49972400
2026-04-17,269.98126220703125,421.87628173828125,708.3152465820312,272.0493335842862,430.64726300981,710.5594650064761,266.47448343207725,419.78081413338697,703.9464965121796,266.7142527536172,423.9018933176335,704.3255249385737,61436200,48568200,70661900
2026-04-20,272.79864501953125,417.1664733886719,706.8988037109375,274.0275237795767,422.4150847565369,708.0857482546458,270.04120633500696,415.40027922801784,704.3254772575062,270.08114756253855,420.2398034863272,706.9587079747221,36590200,27582200,43546800
2026-04-21,265.9250183105469,423.2433166503906,702.2708129882812,272.5488901425708,426.25677891783357,709.4523240430285,265.1557075406741,416.2983670043314,700.8345107773317,271.250098918132,419.33177508554746,708.4548936431559,50209800,32048500,58941400
2026-04-22,272.9185791015625,431.984375,709.3825073242188,273.48803128351057,432.7626880248645,709.6218808832724,266.62435952726383,422.7543663498755,706.4001392457644,267.5734973129919,425.2689090952171,707.3278031045794,43249200,29378200,42518500
2026-04-23,273.1783142089844,414.8514709472656,706.6295776367188,275.5161566987003,422.7443793162959,710.5295037064266,271.39995382845746,410.5208543154444,700.4754491270062,274.79681820267325,418.9825380949446,707.6768673789517,33399600,38308000,56174000
2026-04-24,270.81048583984375,423.7023010253906,712.10546875,272.80864483253174,424.0316048781353,712.6340752101273,269.4017800912603,414.9013556123021,707.1881441382454,272.50893317942314,416.0688403922519,708.9236633096505,38157100,27457400,45182000
2026-04-27,267.3636474609375,423.9018859863281,713.332275390625,268.1129570778125,426.1869149113369,713.7911152864904,264.8260075108844,416.1686352924954,710.4696550399041,265.84505761361925,421.46715688013995,711.3374146094498,41466800,30867300,33135900
2026-04-28,270.4608154296875,428.3222961425781,709.8612060546875,272.97851539952296,428.99086152362304,711.0481506026886,268.4127145556596,420.9881750222059,707.4274735730012,272.0893199684016,423.6524179624475,709.9908768700561,40018900,30438100,43117400
2026-04-29,269.92132568359375,423.5426330566406,709.7515258789062,270.7905199823619,425.8975483734993,710.3699278433978,266.7942019267937,419.38166246548025,706.5497524472755,267.3037117460274,423.6623688360089,709.1729992133655,30047900,38288300,41859200
2026-04-30,271.1002502441406,406.8987121582031,716.8132934570312,275.7459641951834,413.5243765293071,717.9403946619685,267.893213328058,397.1498378648014,708.6244289610544,270.25102650288807,409.92216255995794,712.7936806635566,91848200,70909400,67240900
2026-05-01,279.88214111328125,413.5443115234375,718.7982177734375,286.95561044034525,416.2085240460113,723.0073446973263,278.1137509144006,409.5529563541748,718.6186267345964,278.6032901046287,411.9078412872606,719.3966516418469,79915400,31372400,43049800
2026-05-04,276.5751647949219,412.72607421875,716.1649780273438,280.3716851917065,419.87060358807366,720.2644021704073,274.60697695873915,409.91216153093814,713.152718877996,279.4025768563376,410.6505829404435,718.2196821209096,46668400,28066500,51950600
2026-05-05,283.9184265136719,410.4909362792969,721.9102172851562,284.30808218316156,415.8792597859335,723.1769124909786,276.2455026895375,407.916495085617,719.6360467603954,276.6750995896243,414.42242364358015,719.9153564929043,49311700,25700900,36933200
2026-05-06,287.245361328125,413.0653381347656,731.9443359375,287.76487170009636,417.51572107575487,732.7023927493656,280.8112868075762,404.23445872829495,725.9497697512824,281.66051049385584,407.11822745622237,726.288861980811,58336100,30285900,53288900
2026-05-07,287.1754150390625,419.8606262207031,729.7001342773438,291.8611003514943,427.05506598481406,734.238430329629,285.5169394038565,417.8549909144547,727.8748196364371,289.00371711581823,419.2020489501835,733.161188473549,45224300,34942400,51724600
2026-05-08,293.0500183105469,414.22283935546875,735.724609375,294.4886952888782,417.7252633012779,736.1834492768152,289.7330669166447,413.105264767488,732.6824588199246,289.7430674686918,416.48795292910256,733.0415191543954,52692800,33383800,47227100
2026-05-11,292.67999267578125,411.7681579589844,737.4002685546875,293.8800048828125,411.79809190456297,738.8864300819614,290.2300109863281,404.6236285818644,734.5576163199453,291.9800109863281,406.9885016374445,734.5576163199453,42247300,35657900,44024000
2026-05-12,294.79998779296875,406.8887023925781,736.2831420898438,295.2699890136719,414.6020070114768,736.9414802248905,292.55999755859375,405.76117016707224,729.9494836014034,292.55999755859375,413.58422243338293,734.9964788307154,45748100,38594200,54185300
2026-05-13,298.8699951171875,404.3342590332031,740.4025268554688,300.9200134277344,405.4318878236479,741.9983910774667,293.5,400.1633000811369,733.5800764180441,293.5,402.3286237155428,736.5723674930287,52684300,29667100,44200200
2026-05-14,298.2099914550781,408.5451354980469,746.2474975585938,300.45001220703125,410.94993067744383,747.6040491923611,295.3800048828125,400.013625877668,741.649357949993,299.82000732421875,403.6058516736889,741.7391534739264,35324900,27077500,45307600
2026-05-15,300.2300109863281,421.0081481933594,737.2706298828125,303.20001220703125,427.24464052002446,741.5496453663399,296.5199890136719,412.01761111071977,736.0637780312098,297.8999938964844,413.3746572242232,739.8838927249178,54862800,50771200,60410800
2026-05-18,297.8399963378906,422.6246643066406,736.751953125,300.6600036621094,424.2012362508279,739.5147938000424,294.9100036621094,414.7117792841577,731.5054597381557,300.239990234375,415.71960624154525,737.9289136337939,34483000,32564100,47843900
2026-05-19,298.9700012207031,416.51788330078125,731.8446044921875,300.510009765625,431.7648588737268,735.7545755811656,296.3500061035156,415.58987007798993,729.650306265128,296.9700012207031,428.9708919761278,732.8919551385734,42243600,33018700,54255900
2026-05-20,302.25,420.1499938964844,739.3452758789062,302.79998779296875,421.18775475321456,739.9636778498481,298.0799865722656,410.4110776678385,732.0042028263388,298.17999267578125,413.2749005432513,733.8195334397973,38229800,27864000,45768000
2026-05-21,304.989990234375,419.0899963378906,740.8114624023438,305.5400085449219,426.3399963378906,742.9559620700644,300.3999938964844,415.7099914550781,735.1361419849363,301.05999755859375,424.75,736.7419902854853,42965100,31393500,43332200
2026-05-22,308.82000732421875,418.57000732421875,743.7239990234375,311.3999938964844,424.3999938964844,747.015507083493,305.8399963378906,416.3299865722656,742.566945697205,306.1199951171875,419.5400085449219,744.3224328967863,43670200,22390300,41762000
2026-05-26,308.3299865722656,416.0299987792969,748.6613159179688,311.82000732421875,419.7699890136719,750.1973368284331,307.6700134277344,413.0199890136719,746.4469887578754,309.55999755859375,416.42999267578125,748.0827892360243,48000500,30398000,41123600
2026-05-27,310.8500061035156,412.6700134277344,748.5316162109375,313.260009765625,415.94000244140625,749.4492351039673,308.29998779296875,409.5799865722656,746.2973210478585,308.3299865722656,411.010009765625,748.9505199197505,50430900,28901500,42106300
2026-05-28,312.510009765625,426.989990234375,752.6609497070312,312.79998779296875,429.489990234375,753.2095851254732,309.57000732421875,412.6700134277344,747.3047533704411,310.67999267578125,412.9800109863281,748.3221518516883,48220400,47250500,41562600
2026-05-29,312.05999755859375,450.239990234375,754.5361328125,315.0,450.3299865722656,756.1320579864754,309.5299987792969,432.3599853515625,752.7507543048832,311.7799987792969,432.54998779296875,753.9576670103595,70026800,79654400,55075700
2026-06-01,306.30999755859375,460.5199890136719,756.5908203125,310.94000244140625,466.32000732421875,758.3264003155792,305.0199890136719,458.2699890136719,752.7507376917755,309.6300048828125,464.8399963378906,753.4189990020213,48849900,53628900,43634900
2026-06-02,315.20001220703125,441.30999755859375,757.6182250976562,315.45001220703125,453.5,758.4461093852723,306.69000244140625,440.42999267578125,754.805464031348,307.4599914550781,446.8800048828125,755.0847737682097,44534700,37036800,31581900
2026-06-03,310.260009765625,427.3399963378906,752.3018798828125,316.94000244140625,440.3900146484375,756.8501599793441,308.8500061035156,424.25,751.6336185743088,314.17999267578125,438.45001220703125,756.2018667594974,50836700,39037000,51402500
2026-06-04,311.2300109863281,428.04998779296875,755.1445922851562,313.5400085449219,436.1499938964844,756.3614281257201,309.6499938964844,426.4100036621094,749.5389775481502,313.2300109863281,435.80999755859375,750.1673635570705,44869100,26899500,49923000
2026-06-05,307.3399963378906,416.6700134277344,735.65478515625,315.1700134277344,429.4700012207031,750.8855669656407,307.1499938964844,414.3999938964844,733.6400171295905,312.8599853515625,428.3399963378906,750.3768677170906,65310500,34782200,93989400
2026-06-08,301.5400085449219,411.739990234375,737.3204345703125,317.3999938964844,417.1600036621094,743.4247643242134,301.1700134277344,408.55999755859375,736.2931129658897,308.739990234375,414.1400146484375,741.4498108327123,77949100,32086700,49319100
2026-06-09,290.54998779296875,403.4100036621094,735.1560668945312,300.75,411.9800109863281,744.9807928982774,287.7799987792969,398.4800109863281,720.7332622187009,300.2799987792969,409.0299987792969,741.7191759970133,70108800,35317300,87683500
2026-06-10,291.5799865722656,397.3599853515625,723.56591796875,294.75,405.0400085449219,736.4826536495077,287.3800048828125,397.1600036621094,723.4661992814284,290.739990234375,398.54998779296875,731.5054857614351,52793300,32576000,60341300
2026-06-11,295.6300048828125,390.3399963378906,735.8642578125,297.0,396.8500061035156,738.0984921563339,289.5899963378906,384.0,722.5485255148498,293.7200012207031,395.2099914550781,726.8873842592473,42572500,47224100,86330500
2026-06-12,291.1300048828125,390.739990234375,739.843994140625,297.1400146484375,391.739990234375,742.5270843334097,289.6199951171875,382.2699890136719,733.1412911200548,296.0299987792969,391.42999267578125,738.8066884479139,38742100,34865800,57079500
2026-06-15,296.4200134277344,399.760009765625,752.890380859375,297.7799987792969,401.75,754.7356026867302,291.70001220703125,392.8500061035156,749.8282623277308,294.1199951171875,396.79998779296875,749.9179969688896,45732600,32266400,60176400
2026-06-16,299.239990234375,393.8299865722656,748.4019775390625,300.4800109863281,396.8399963378906,753.4988323298886,293.9700012207031,390.69000244140625,747.9531216783239,295.25,395.7900085449219,752.6111046530555,39874400,31506800,67093100
2026-06-17,295.95001220703125,378.9100036621094,739.0560302734375,302.07000732421875,390.3699951171875,750.217278570044,294.3599853515625,377.32000732421875,737.3204502885575,300.8500061035156,390.25,749.3594421826946,42745100,41987800,85945200
2026-06-18,298.010009765625,379.3999938964844,746.739990234375,300.57000732421875,381.3699951171875,748.22998046875,295.6199951171875,373.2799987792969,743.8599853515625,298.1099853515625,377.82000732421875,747.760009765625,85962200,59714200,80875700
2026-06-22,297.010009765625,367.3399963378906,744.3900146484375,302.4200134277344,381.6300048828125,750.1799926757812,296.760009765625,367.07000732421875,743.1300048828125,297.30999755859375,375.739990234375,747.7000122070312,44879900,45171100,46628100
2026-06-23,294.29998779296875,373.94000244140625,733.5800170898438,301.6400146484375,377.2200012207031,739.6300048828125,294.17999267578125,370.6700134277344,732.2999877929688,297.5400085449219,372.3800048828125,733.8099975585938,52010900,40647600,66846800
2026-06-24,293.0799865722656,365.4599914550781,733.239990234375,299.70001220703125,378.8800048828125,739.9500122070312,292.94000244140625,364.7799987792969,730.8400268554688,295.3599853515625,371.57000732421875,735.1699829101562,53081900,44509900,57439500
2026-06-25,275.1499938964844,352.8299865722656,734.2999877929688,288.79998779296875,364.2300109863281,739.3699951171875,273.75,349.20001220703125,729.5999755859375,287.3999938964844,362.7699890136719,738.9099731445312,107013700,66179000,53934400
2026-06-26,283.7799987792969,372.9700012207031,728.989990234375,285.95001220703125,376.6099853515625,736.530029296875,274.2099914550781,355.42999267578125,716.5800170898438,275.0,357.1499938964844,728.9500122070312,261775500,186201600,71034000
2026-06-29,281.739990234375,368.57000732421875,741.0,288.3699951171875,380.5,741.5599975585938,279.8500061035156,359.8999938964844,732.0900268554688,286.7300109863281,377.5,736.530029296875,66427000,51229900,58035200
2026-06-30,289.3599853515625,373.0199890136719,746.77001953125,289.94000244140625,374.1499938964844,748.02001953125,280.70001220703125,367.45001220703125,740.8900146484375,281.1700134277344,371.0299987792969,741.2899780273438,65100200,44945700,55626000
2026-07-01,294.3800048828125,384.2799987792969,745.760009765625,296.5899963378906,388.8299865722656,749.4349975585938,289.19500732421875,374.8900146484375,742.375,293.3299865722656,380.82501220703125,745.0,50046592,43832611,39119066
